[32m2026-08-05 13:01:50 +0530[0m - dagster - [34mDEBUG[0m - researchlanka_export_job - d1d79a52-26f6-4029-9783-921c137193e5 - 165389 - LOGS_CAPTURED - Capturing logs for process (pid: 165389).
[32m2026-08-05 13:01:50 +0530[0m - dagster - [34mDEBUG[0m - researchlanka_export_job - d1d79a52-26f6-4029-9783-921c137193e5 - 165389 - researchlanka_openalex_api_collection - STEP_START - Started execution of step "researchlanka_openalex_api_collection".
2026-08-05 13:01:50,116 INFO src.pipeline.kaggle_collect_openalex_sri_lanka: Starting OpenAlex collection jsonl_output=/home/asma/Projects/researchlanka-ai/backend/data/raw/openalex/openalex_sri_lanka_works.jsonl csv_output=/home/asma/Projects/researchlanka-ai/backend/data/raw/openalex/openalex_sri_lanka_works.csv resume=True filters=['authorships.institutions.country_code:LK', 'publication_year:2016-2026'] strict_lk_only=False
2026-08-05 13:02:04,141 INFO src.pipeline.kaggle_collect_openalex_sri_lanka: Resuming OpenAlex collection start_cursor=IlsnLUluZmluaXR5JywgMCwgJ2h0dHBzOi8vb3BlbmFsZXgub3JnL1c0NDE3MzU5NzI0J10i existing_records=63273
2026-08-05 13:02:28,773 INFO src.pipeline.kaggle_collect_openalex_sri_lanka: Rebuilt CSV from existing JSONL before resume: /home/asma/Projects/researchlanka-ai/backend/data/raw/openalex/openalex_sri_lanka_works.csv
2026-08-05 13:02:28,774 INFO src.collectors.openalex_collector: Starting OpenAlex page iteration start_cursor=IlsnLUluZmluaXR5JywgMCwgJ2h0dHBzOi8vb3BlbmFsZXgub3JnL1c0NDE3MzU5NzI0J10i per_page=200 strict_lk_only=False filters=['authorships.institutions.country_code:LK', 'publication_year:2016-2026']
2026-08-05 13:02:53,616 INFO src.collectors.openalex_collector: Fetched OpenAlex page page=1/377 progress=0.3% fetched=200 kept=199 skipped=1 next_cursor=yes
2026-08-05 13:02:53,616 INFO src.pipeline.kaggle_collect_openalex_sri_lanka: Saved Sri Lankan-affiliated work number=63,274 progress=84.0% api_total=75,333
2026-08-05 13:02:53,617 INFO src.pipeline.kaggle_collect_openalex_sri_lanka: Saved Sri Lankan-affiliated work number=63,275 progress=84.0% api_total=75,333
2026-08-05 13:02:53,617 INFO src.pipeline.kaggle_collect_openalex_sri_lanka: Saved Sri Lankan-affiliated work number=63,276 progress=84.0% api_total=75,333
2026-08-05 13:02:53,617 INFO src.pipeline.kaggle_collect_openalex_sri_lanka: Saved Sri Lankan-affiliated work number=63,277 progress=84.0% api_total=75,333
2026-08-05 13:02:53,618 INFO src.pipeline.kaggle_collect_openalex_sri_lanka: Saved Sri Lankan-affiliated work number=63,278 progress=84.0% api_total=75,333
2026-08-05 13:02:53,618 INFO src.pipeline.kaggle_collect_openalex_sri_lanka: Saved Sri Lankan-affiliated work number=63,279 progress=84.0% api_total=75,333
2026-08-05 13:02:53,618 INFO src.pipeline.kaggle_collect_openalex_sri_lanka: Saved Sri Lankan-affiliated work number=63,280 progress=84.0% api_total=75,333
2026-08-05 13:02:53,619 INFO src.pipeline.kaggle_collect_openalex_sri_lanka: Saved Sri Lankan-affiliated work number=63,281 progress=84.0% api_total=75,333
2026-08-05 13:02:53,619 INFO src.pipeline.kaggle_collect_openalex_sri_lanka: Saved Sri Lankan-affiliated work number=63,282 progress=84.0% api_total=75,333
2026-08-05 13:02:53,619 INFO src.pipeline.kaggle_collect_openalex_sri_lanka: Saved Sri Lankan-affiliated work number=63,283 progress=84.0% api_total=75,333
2026-08-05 13:02:53,620 INFO src.pipeline.kaggle_collect_openalex_sri_lanka: Saved Sri Lankan-affiliated work number=63,284 progress=84.0% api_total=75,333
2026-08-05 13:02:53,620 INFO src.pipeline.kaggle_collect_openalex_sri_lanka: Saved Sri Lankan-affiliated work number=63,285 progress=84.0% api_total=75,333
2026-08-05 13:02:53,620 INFO src.pipeline.kaggle_collect_openalex_sri_lanka: Saved Sri Lankan-affiliated work number=63,286 progress=84.0% api_total=75,333
2026-08-05 13:02:53,621 INFO src.pipeline.kaggle_collect_openalex_sri_lanka: Saved Sri Lankan-affiliated work number=63,287 progress=84.0% api_total=75,333
2026-08-05 13:02:53,621 INFO src.pipeline.kaggle_collect_openalex_sri_lanka: Saved Sri Lankan-affiliated work number=63,288 progress=84.0% api_total=75,333
2026-08-05 13:02:53,621 INFO src.pipeline.kaggle_collect_openalex_sri_lanka: Saved Sri Lankan-affiliated work number=63,289 progress=84.0% api_total=75,333
2026-08-05 13:02:53,622 INFO src.pipeline.kaggle_collect_openalex_sri_lanka: Saved Sri Lankan-affiliated work number=63,290 progress=84.0% api_total=75,333
2026-08-05 13:02:53,622 INFO src.pipeline.kaggle_collect_openalex_sri_lanka: Saved Sri Lankan-affiliated work number=63,291 progress=84.0% api_total=75,333
2026-08-05 13:02:53,622 INFO src.pipeline.kaggle_collect_openalex_sri_lanka: Saved Sri Lankan-affiliated work number=63,292 progress=84.0% api_total=75,333
2026-08-05 13:02:53,623 INFO src.pipeline.kaggle_collect_openalex_sri_lanka: Saved Sri Lankan-affiliated work number=63,293 progress=84.0% api_total=75,333
2026-08-05 13:02:53,623 INFO src.pipeline.kaggle_collect_openalex_sri_lanka: Saved Sri Lankan-affiliated work number=63,294 progress=84.0% api_total=75,333
2026-08-05 13:02:53,623 INFO src.pipeline.kaggle_collect_openalex_sri_lanka: Saved Sri Lankan-affiliated work number=63,295 progress=84.0% api_total=75,333
2026-08-05 13:02:53,623 INFO src.pipeline.kaggle_collect_openalex_sri_lanka: Saved Sri Lankan-affiliated work number=63,296 progress=84.0% api_total=75,333
2026-08-05 13:02:53,624 INFO src.pipeline.kaggle_collect_openalex_sri_lanka: Saved Sri Lankan-affiliated work number=63,297 progress=84.0% api_total=75,333
2026-08-05 13:02:53,624 INFO src.pipeline.kaggle_collect_openalex_sri_lanka: Saved Sri Lankan-affiliated work number=63,298 progress=84.0% api_total=75,333
2026-08-05 13:02:53,625 INFO src.pipeline.kaggle_collect_openalex_sri_lanka: Saved Sri Lankan-affiliated work number=63,299 progress=84.0% api_total=75,333
2026-08-05 13:02:53,625 INFO src.pipeline.kaggle_collect_openalex_sri_lanka: Saved Sri Lankan-affiliated work number=63,300 progress=84.0% api_total=75,333
2026-08-05 13:02:53,625 INFO src.pipeline.kaggle_collect_openalex_sri_lanka: Saved Sri Lankan-affiliated work number=63,301 progress=84.0% api_total=75,333
2026-08-05 13:02:53,626 INFO src.pipeline.kaggle_collect_openalex_sri_lanka: Saved Sri Lankan-affiliated work number=63,302 progress=84.0% api_total=75,333
2026-08-05 13:02:53,626 INFO src.pipeline.kaggle_collect_openalex_sri_lanka: Saved Sri Lankan-affiliated work number=63,303 progress=84.0% api_total=75,333
2026-08-05 13:02:53,627 INFO src.pipeline.kaggle_collect_openalex_sri_lanka: Saved Sri Lankan-affiliated work number=63,304 progress=84.0% api_total=75,333
2026-08-05 13:02:53,627 INFO src.pipeline.kaggle_collect_openalex_sri_lanka: Saved Sri Lankan-affiliated work number=63,305 progress=84.0% api_total=75,333
2026-08-05 13:02:53,627 INFO src.pipeline.kaggle_collect_openalex_sri_lanka: Saved Sri Lankan-affiliated work number=63,306 progress=84.0% api_total=75,333
2026-08-05 13:02:53,628 INFO src.pipeline.kaggle_collect_openalex_sri_lanka: Saved Sri Lankan-affiliated work number=63,307 progress=84.0% api_total=75,333
2026-08-05 13:02:53,628 INFO src.pipeline.kaggle_collect_openalex_sri_lanka: Saved Sri Lankan-affiliated work number=63,308 progress=84.0% api_total=75,333
2026-08-05 13:02:53,628 INFO src.pipeline.kaggle_collect_openalex_sri_lanka: Saved Sri Lankan-affiliated work number=63,309 progress=84.0% api_total=75,333
2026-08-05 13:02:53,629 INFO src.pipeline.kaggle_collect_openalex_sri_lanka: Saved Sri Lankan-affiliated work number=63,310 progress=84.0% api_total=75,333
2026-08-05 13:02:53,630 INFO src.pipeline.kaggle_collect_openalex_sri_lanka: Saved Sri Lankan-affiliated work number=63,311 progress=84.0% api_total=75,333
2026-08-05 13:02:53,630 INFO src.pipeline.kaggle_collect_openalex_sri_lanka: Saved Sri Lankan-affiliated work number=63,312 progress=84.0% api_total=75,333
2026-08-05 13:02:53,631 INFO src.pipeline.kaggle_collect_openalex_sri_lanka: Saved Sri Lankan-affiliated work number=63,313 progress=84.0% api_total=75,333
2026-08-05 13:02:53,631 INFO src.pipeline.kaggle_collect_openalex_sri_lanka: Saved Sri Lankan-affiliated work number=63,314 progress=84.0% api_total=75,333
2026-08-05 13:02:53,632 INFO src.pipeline.kaggle_collect_openalex_sri_lanka: Saved Sri Lankan-affiliated work number=63,315 progress=84.0% api_total=75,333
2026-08-05 13:02:53,632 INFO src.pipeline.kaggle_collect_openalex_sri_lanka: Saved Sri Lankan-affiliated work number=63,316 progress=84.0% api_total=75,333
2026-08-05 13:02:53,632 INFO src.pipeline.kaggle_collect_openalex_sri_lanka: Saved Sri Lankan-affiliated work number=63,317 progress=84.0% api_total=75,333
2026-08-05 13:02:53,633 INFO src.pipeline.kaggle_collect_openalex_sri_lanka: Saved Sri Lankan-affiliated work number=63,318 progress=84.1% api_total=75,333
2026-08-05 13:02:53,633 INFO src.pipeline.kaggle_collect_openalex_sri_lanka: Saved Sri Lankan-affiliated work number=63,319 progress=84.1% api_total=75,333
2026-08-05 13:02:53,633 INFO src.pipeline.kaggle_collect_openalex_sri_lanka: Saved Sri Lankan-affiliated work number=63,320 progress=84.1% api_total=75,333
2026-08-05 13:02:53,634 INFO src.pipeline.kaggle_collect_openalex_sri_lanka: Saved Sri Lankan-affiliated work number=63,321 progress=84.1% api_total=75,333
2026-08-05 13:02:53,634 INFO src.pipeline.kaggle_collect_openalex_sri_lanka: Saved Sri Lankan-affiliated work number=63,322 progress=84.1% api_total=75,333
2026-08-05 13:02:53,634 INFO src.pipeline.kaggle_collect_openalex_sri_lanka: Saved Sri Lankan-affiliated work number=63,323 progress=84.1% api_total=75,333
2026-08-05 13:02:53,635 INFO src.pipeline.kaggle_collect_openalex_sri_lanka: Saved Sri Lankan-affiliated work number=63,324 progress=84.1% api_total=75,333
2026-08-05 13:02:53,635 INFO src.pipeline.kaggle_collect_openalex_sri_lanka: Saved Sri Lankan-affiliated work number=63,325 progress=84.1% api_total=75,333
2026-08-05 13:02:53,636 INFO src.pipeline.kaggle_collect_openalex_sri_lanka: Saved Sri Lankan-affiliated work number=63,326 progress=84.1% api_total=75,333
2026-08-05 13:02:53,636 INFO src.pipeline.kaggle_collect_openalex_sri_lanka: Saved Sri Lankan-affiliated work number=63,327 progress=84.1% api_total=75,333
2026-08-05 13:02:53,636 INFO src.pipeline.kaggle_collect_openalex_sri_lanka: Saved Sri Lankan-affiliated work number=63,328 progress=84.1% api_total=75,333
2026-08-05 13:02:53,637 INFO src.pipeline.kaggle_collect_openalex_sri_lanka: Saved Sri Lankan-affiliated work number=63,329 progress=84.1% api_total=75,333
2026-08-05 13:02:53,637 INFO src.pipeline.kaggle_collect_openalex_sri_lanka: Saved Sri Lankan-affiliated work number=63,330 progress=84.1% api_total=75,333
2026-08-05 13:02:53,637 INFO src.pipeline.kaggle_collect_openalex_sri_lanka: Saved Sri Lankan-affiliated work number=63,331 progress=84.1% api_total=75,333
2026-08-05 13:02:53,638 INFO src.pipeline.kaggle_collect_openalex_sri_lanka: Saved Sri Lankan-affiliated work number=63,332 progress=84.1% api_total=75,333
2026-08-05 13:02:53,638 INFO src.pipeline.kaggle_collect_openalex_sri_lanka: Saved Sri Lankan-affiliated work number=63,333 progress=84.1% api_total=75,333
2026-08-05 13:02:53,638 INFO src.pipeline.kaggle_collect_openalex_sri_lanka: Saved Sri Lankan-affiliated work number=63,334 progress=84.1% api_total=75,333
2026-08-05 13:02:53,639 INFO src.pipeline.kaggle_collect_openalex_sri_lanka: Saved Sri Lankan-affiliated work number=63,335 progress=84.1% api_total=75,333
2026-08-05 13:02:53,639 INFO src.pipeline.kaggle_collect_openalex_sri_lanka: Saved Sri Lankan-affiliated work number=63,336 progress=84.1% api_total=75,333
2026-08-05 13:02:53,639 INFO src.pipeline.kaggle_collect_openalex_sri_lanka: Saved Sri Lankan-affiliated work number=63,337 progress=84.1% api_total=75,333
2026-08-05 13:02:53,640 INFO src.pipeline.kaggle_collect_openalex_sri_lanka: Saved Sri Lankan-affiliated work number=63,338 progress=84.1% api_total=75,333
2026-08-05 13:02:53,640 INFO src.pipeline.kaggle_collect_openalex_sri_lanka: Saved Sri Lankan-affiliated work number=63,339 progress=84.1% api_total=75,333
2026-08-05 13:02:53,640 INFO src.pipeline.kaggle_collect_openalex_sri_lanka: Saved Sri Lankan-affiliated work number=63,340 progress=84.1% api_total=75,333
2026-08-05 13:02:53,641 INFO src.pipeline.kaggle_collect_openalex_sri_lanka: Saved Sri Lankan-affiliated work number=63,341 progress=84.1% api_total=75,333
2026-08-05 13:02:53,641 INFO src.pipeline.kaggle_collect_openalex_sri_lanka: Saved Sri Lankan-affiliated work number=63,342 progress=84.1% api_total=75,333
2026-08-05 13:02:53,641 INFO src.pipeline.kaggle_collect_openalex_sri_lanka: Saved Sri Lankan-affiliated work number=63,343 progress=84.1% api_total=75,333
2026-08-05 13:02:53,642 INFO src.pipeline.kaggle_collect_openalex_sri_lanka: Saved Sri Lankan-affiliated work number=63,344 progress=84.1% api_total=75,333
2026-08-05 13:02:53,642 INFO src.pipeline.kaggle_collect_openalex_sri_lanka: Saved Sri Lankan-affiliated work number=63,345 progress=84.1% api_total=75,333
2026-08-05 13:02:53,642 INFO src.pipeline.kaggle_collect_openalex_sri_lanka: Saved Sri Lankan-affiliated work number=63,346 progress=84.1% api_total=75,333
2026-08-05 13:02:53,643 INFO src.pipeline.kaggle_collect_openalex_sri_lanka: Saved Sri Lankan-affiliated work number=63,347 progress=84.1% api_total=75,333
2026-08-05 13:02:53,643 INFO src.pipeline.kaggle_collect_openalex_sri_lanka: Saved Sri Lankan-affiliated work number=63,348 progress=84.1% api_total=75,333
2026-08-05 13:02:53,643 INFO src.pipeline.kaggle_collect_openalex_sri_lanka: Saved Sri Lankan-affiliated work number=63,349 progress=84.1% api_total=75,333
2026-08-05 13:02:53,644 INFO src.pipeline.kaggle_collect_openalex_sri_lanka: Saved Sri Lankan-affiliated work number=63,350 progress=84.1% api_total=75,333
2026-08-05 13:02:53,644 INFO src.pipeline.kaggle_collect_openalex_sri_lanka: Saved Sri Lankan-affiliated work number=63,351 progress=84.1% api_total=75,333
2026-08-05 13:02:53,644 INFO src.pipeline.kaggle_collect_openalex_sri_lanka: Saved Sri Lankan-affiliated work number=63,352 progress=84.1% api_total=75,333
2026-08-05 13:02:53,645 INFO src.pipeline.kaggle_collect_openalex_sri_lanka: Saved Sri Lankan-affiliated work number=63,353 progress=84.1% api_total=75,333
2026-08-05 13:02:53,645 INFO src.pipeline.kaggle_collect_openalex_sri_lanka: Saved Sri Lankan-affiliated work number=63,354 progress=84.1% api_total=75,333
2026-08-05 13:02:53,646 INFO src.pipeline.kaggle_collect_openalex_sri_lanka: Saved Sri Lankan-affiliated work number=63,355 progress=84.1% api_total=75,333
2026-08-05 13:02:53,646 INFO src.pipeline.kaggle_collect_openalex_sri_lanka: Saved Sri Lankan-affiliated work number=63,356 progress=84.1% api_total=75,333
2026-08-05 13:02:53,647 INFO src.pipeline.kaggle_collect_openalex_sri_lanka: Saved Sri Lankan-affiliated work number=63,357 progress=84.1% api_total=75,333
2026-08-05 13:02:53,647 INFO src.pipeline.kaggle_collect_openalex_sri_lanka: Saved Sri Lankan-affiliated work number=63,358 progress=84.1% api_total=75,333
2026-08-05 13:02:53,648 INFO src.pipeline.kaggle_collect_openalex_sri_lanka: Saved Sri Lankan-affiliated work number=63,359 progress=84.1% api_total=75,333
2026-08-05 13:02:53,648 INFO src.pipeline.kaggle_collect_openalex_sri_lanka: Saved Sri Lankan-affiliated work number=63,360 progress=84.1% api_total=75,333
2026-08-05 13:02:53,648 INFO src.pipeline.kaggle_collect_openalex_sri_lanka: Saved Sri Lankan-affiliated work number=63,361 progress=84.1% api_total=75,333
2026-08-05 13:02:53,649 INFO src.pipeline.kaggle_collect_openalex_sri_lanka: Saved Sri Lankan-affiliated work number=63,362 progress=84.1% api_total=75,333
2026-08-05 13:02:53,649 INFO src.pipeline.kaggle_collect_openalex_sri_lanka: Saved Sri Lankan-affiliated work number=63,363 progress=84.1% api_total=75,333
2026-08-05 13:02:53,650 INFO src.pipeline.kaggle_collect_openalex_sri_lanka: Saved Sri Lankan-affiliated work number=63,364 progress=84.1% api_total=75,333
2026-08-05 13:02:53,650 INFO src.pipeline.kaggle_collect_openalex_sri_lanka: Saved Sri Lankan-affiliated work number=63,365 progress=84.1% api_total=75,333
2026-08-05 13:02:53,650 INFO src.pipeline.kaggle_collect_openalex_sri_lanka: Saved Sri Lankan-affiliated work number=63,366 progress=84.1% api_total=75,333
2026-08-05 13:02:53,651 INFO src.pipeline.kaggle_collect_openalex_sri_lanka: Saved Sri Lankan-affiliated work number=63,367 progress=84.1% api_total=75,333
2026-08-05 13:02:53,651 INFO src.pipeline.kaggle_collect_openalex_sri_lanka: Saved Sri Lankan-affiliated work number=63,368 progress=84.1% api_total=75,333
2026-08-05 13:02:53,651 INFO src.pipeline.kaggle_collect_openalex_sri_lanka: Saved Sri Lankan-affiliated work number=63,369 progress=84.1% api_total=75,333
2026-08-05 13:02:53,652 INFO src.pipeline.kaggle_collect_openalex_sri_lanka: Saved Sri Lankan-affiliated work number=63,370 progress=84.1% api_total=75,333
2026-08-05 13:02:53,652 INFO src.pipeline.kaggle_collect_openalex_sri_lanka: Saved Sri Lankan-affiliated work number=63,371 progress=84.1% api_total=75,333
2026-08-05 13:02:53,652 INFO src.pipeline.kaggle_collect_openalex_sri_lanka: Saved Sri Lankan-affiliated work number=63,372 progress=84.1% api_total=75,333
2026-08-05 13:02:53,653 INFO src.pipeline.kaggle_collect_openalex_sri_lanka: Saved Sri Lankan-affiliated work number=63,373 progress=84.1% api_total=75,333
2026-08-05 13:02:53,653 INFO src.pipeline.kaggle_collect_openalex_sri_lanka: Saved Sri Lankan-affiliated work number=63,374 progress=84.1% api_total=75,333
2026-08-05 13:02:53,653 INFO src.pipeline.kaggle_collect_openalex_sri_lanka: Saved Sri Lankan-affiliated work number=63,375 progress=84.1% api_total=75,333
2026-08-05 13:02:53,654 INFO src.pipeline.kaggle_collect_openalex_sri_lanka: Saved Sri Lankan-affiliated work number=63,376 progress=84.1% api_total=75,333
2026-08-05 13:02:53,654 INFO src.pipeline.kaggle_collect_openalex_sri_lanka: Saved Sri Lankan-affiliated work number=63,377 progress=84.1% api_total=75,333
2026-08-05 13:02:53,654 INFO src.pipeline.kaggle_collect_openalex_sri_lanka: Saved Sri Lankan-affiliated work number=63,378 progress=84.1% api_total=75,333
2026-08-05 13:02:53,654 INFO src.pipeline.kaggle_collect_openalex_sri_lanka: Saved Sri Lankan-affiliated work number=63,379 progress=84.1% api_total=75,333
2026-08-05 13:02:53,655 INFO src.pipeline.kaggle_collect_openalex_sri_lanka: Saved Sri Lankan-affiliated work number=63,380 progress=84.1% api_total=75,333
2026-08-05 13:02:53,655 INFO src.pipeline.kaggle_collect_openalex_sri_lanka: Saved Sri Lankan-affiliated work number=63,381 progress=84.1% api_total=75,333
2026-08-05 13:02:53,655 INFO src.pipeline.kaggle_collect_openalex_sri_lanka: Saved Sri Lankan-affiliated work number=63,382 progress=84.1% api_total=75,333
2026-08-05 13:02:53,655 INFO src.pipeline.kaggle_collect_openalex_sri_lanka: Saved Sri Lankan-affiliated work number=63,383 progress=84.1% api_total=75,333
2026-08-05 13:02:53,656 INFO src.pipeline.kaggle_collect_openalex_sri_lanka: Saved Sri Lankan-affiliated work number=63,384 progress=84.1% api_total=75,333
2026-08-05 13:02:53,656 INFO src.pipeline.kaggle_collect_openalex_sri_lanka: Saved Sri Lankan-affiliated work number=63,385 progress=84.1% api_total=75,333
2026-08-05 13:02:53,656 INFO src.pipeline.kaggle_collect_openalex_sri_lanka: Saved Sri Lankan-affiliated work number=63,386 progress=84.1% api_total=75,333
2026-08-05 13:02:53,657 INFO src.pipeline.kaggle_collect_openalex_sri_lanka: Saved Sri Lankan-affiliated work number=63,387 progress=84.1% api_total=75,333
2026-08-05 13:02:53,657 INFO src.pipeline.kaggle_collect_openalex_sri_lanka: Saved Sri Lankan-affiliated work number=63,388 progress=84.1% api_total=75,333
2026-08-05 13:02:53,657 INFO src.pipeline.kaggle_collect_openalex_sri_lanka: Saved Sri Lankan-affiliated work number=63,389 progress=84.1% api_total=75,333
2026-08-05 13:02:53,658 INFO src.pipeline.kaggle_collect_openalex_sri_lanka: Saved Sri Lankan-affiliated work number=63,390 progress=84.1% api_total=75,333
2026-08-05 13:02:53,658 INFO src.pipeline.kaggle_collect_openalex_sri_lanka: Saved Sri Lankan-affiliated work number=63,391 progress=84.1% api_total=75,333
2026-08-05 13:02:53,658 INFO src.pipeline.kaggle_collect_openalex_sri_lanka: Saved Sri Lankan-affiliated work number=63,392 progress=84.1% api_total=75,333
2026-08-05 13:02:53,659 INFO src.pipeline.kaggle_collect_openalex_sri_lanka: Saved Sri Lankan-affiliated work number=63,393 progress=84.2% api_total=75,333
2026-08-05 13:02:53,659 INFO src.pipeline.kaggle_collect_openalex_sri_lanka: Saved Sri Lankan-affiliated work number=63,394 progress=84.2% api_total=75,333
2026-08-05 13:02:53,659 INFO src.pipeline.kaggle_collect_openalex_sri_lanka: Saved Sri Lankan-affiliated work number=63,395 progress=84.2% api_total=75,333
2026-08-05 13:02:53,660 INFO src.pipeline.kaggle_collect_openalex_sri_lanka: Saved Sri Lankan-affiliated work number=63,396 progress=84.2% api_total=75,333
2026-08-05 13:02:53,660 INFO src.pipeline.kaggle_collect_openalex_sri_lanka: Saved Sri Lankan-affiliated work number=63,397 progress=84.2% api_total=75,333
2026-08-05 13:02:53,660 INFO src.pipeline.kaggle_collect_openalex_sri_lanka: Saved Sri Lankan-affiliated work number=63,398 progress=84.2% api_total=75,333
2026-08-05 13:02:53,661 INFO src.pipeline.kaggle_collect_openalex_sri_lanka: Saved Sri Lankan-affiliated work number=63,399 progress=84.2% api_total=75,333
2026-08-05 13:02:53,661 INFO src.pipeline.kaggle_collect_openalex_sri_lanka: Saved Sri Lankan-affiliated work number=63,400 progress=84.2% api_total=75,333
2026-08-05 13:02:53,661 INFO src.pipeline.kaggle_collect_openalex_sri_lanka: Saved Sri Lankan-affiliated work number=63,401 progress=84.2% api_total=75,333
2026-08-05 13:02:53,662 INFO src.pipeline.kaggle_collect_openalex_sri_lanka: Saved Sri Lankan-affiliated work number=63,402 progress=84.2% api_total=75,333
2026-08-05 13:02:53,662 INFO src.pipeline.kaggle_collect_openalex_sri_lanka: Saved Sri Lankan-affiliated work number=63,403 progress=84.2% api_total=75,333
2026-08-05 13:02:53,662 INFO src.pipeline.kaggle_collect_openalex_sri_lanka: Saved Sri Lankan-affiliated work number=63,404 progress=84.2% api_total=75,333
2026-08-05 13:02:53,663 INFO src.pipeline.kaggle_collect_openalex_sri_lanka: Saved Sri Lankan-affiliated work number=63,405 progress=84.2% api_total=75,333
2026-08-05 13:02:53,663 INFO src.pipeline.kaggle_collect_openalex_sri_lanka: Saved Sri Lankan-affiliated work number=63,406 progress=84.2% api_total=75,333
2026-08-05 13:02:53,663 INFO src.pipeline.kaggle_collect_openalex_sri_lanka: Saved Sri Lankan-affiliated work number=63,407 progress=84.2% api_total=75,333
2026-08-05 13:02:53,663 INFO src.pipeline.kaggle_collect_openalex_sri_lanka: Saved Sri Lankan-affiliated work number=63,408 progress=84.2% api_total=75,333
2026-08-05 13:02:53,664 INFO src.pipeline.kaggle_collect_openalex_sri_lanka: Saved Sri Lankan-affiliated work number=63,409 progress=84.2% api_total=75,333
2026-08-05 13:02:53,664 INFO src.pipeline.kaggle_collect_openalex_sri_lanka: Saved Sri Lankan-affiliated work number=63,410 progress=84.2% api_total=75,333
2026-08-05 13:02:53,665 INFO src.pipeline.kaggle_collect_openalex_sri_lanka: Saved Sri Lankan-affiliated work number=63,411 progress=84.2% api_total=75,333
2026-08-05 13:02:53,665 INFO src.pipeline.kaggle_collect_openalex_sri_lanka: Saved Sri Lankan-affiliated work number=63,412 progress=84.2% api_total=75,333
2026-08-05 13:02:53,665 INFO src.pipeline.kaggle_collect_openalex_sri_lanka: Saved Sri Lankan-affiliated work number=63,413 progress=84.2% api_total=75,333
2026-08-05 13:02:53,666 INFO src.pipeline.kaggle_collect_openalex_sri_lanka: Saved Sri Lankan-affiliated work number=63,414 progress=84.2% api_total=75,333
2026-08-05 13:02:53,666 INFO src.pipeline.kaggle_collect_openalex_sri_lanka: Saved Sri Lankan-affiliated work number=63,415 progress=84.2% api_total=75,333
2026-08-05 13:02:53,667 INFO src.pipeline.kaggle_collect_openalex_sri_lanka: Saved Sri Lankan-affiliated work number=63,416 progress=84.2% api_total=75,333
2026-08-05 13:02:53,667 INFO src.pipeline.kaggle_collect_openalex_sri_lanka: Saved Sri Lankan-affiliated work number=63,417 progress=84.2% api_total=75,333
2026-08-05 13:02:53,667 INFO src.pipeline.kaggle_collect_openalex_sri_lanka: Saved Sri Lankan-affiliated work number=63,418 progress=84.2% api_total=75,333
2026-08-05 13:02:53,668 INFO src.pipeline.kaggle_collect_openalex_sri_lanka: Saved Sri Lankan-affiliated work number=63,419 progress=84.2% api_total=75,333
2026-08-05 13:02:53,668 INFO src.pipeline.kaggle_collect_openalex_sri_lanka: Saved Sri Lankan-affiliated work number=63,420 progress=84.2% api_total=75,333
2026-08-05 13:02:53,668 INFO src.pipeline.kaggle_collect_openalex_sri_lanka: Saved Sri Lankan-affiliated work number=63,421 progress=84.2% api_total=75,333
2026-08-05 13:02:53,669 INFO src.pipeline.kaggle_collect_openalex_sri_lanka: Saved Sri Lankan-affiliated work number=63,422 progress=84.2% api_total=75,333
2026-08-05 13:02:53,669 INFO src.pipeline.kaggle_collect_openalex_sri_lanka: Saved Sri Lankan-affiliated work number=63,423 progress=84.2% api_total=75,333
2026-08-05 13:02:53,670 INFO src.pipeline.kaggle_collect_openalex_sri_lanka: Saved Sri Lankan-affiliated work number=63,424 progress=84.2% api_total=75,333
2026-08-05 13:02:53,670 INFO src.pipeline.kaggle_collect_openalex_sri_lanka: Saved Sri Lankan-affiliated work number=63,425 progress=84.2% api_total=75,333
2026-08-05 13:02:53,670 INFO src.pipeline.kaggle_collect_openalex_sri_lanka: Saved Sri Lankan-affiliated work number=63,426 progress=84.2% api_total=75,333
2026-08-05 13:02:53,671 INFO src.pipeline.kaggle_collect_openalex_sri_lanka: Saved Sri Lankan-affiliated work number=63,427 progress=84.2% api_total=75,333
2026-08-05 13:02:53,671 INFO src.pipeline.kaggle_collect_openalex_sri_lanka: Saved Sri Lankan-affiliated work number=63,428 progress=84.2% api_total=75,333
2026-08-05 13:02:53,671 INFO src.pipeline.kaggle_collect_openalex_sri_lanka: Saved Sri Lankan-affiliated work number=63,429 progress=84.2% api_total=75,333
2026-08-05 13:02:53,672 INFO src.pipeline.kaggle_collect_openalex_sri_lanka: Saved Sri Lankan-affiliated work number=63,430 progress=84.2% api_total=75,333
2026-08-05 13:02:53,672 INFO src.pipeline.kaggle_collect_openalex_sri_lanka: Saved Sri Lankan-affiliated work number=63,431 progress=84.2% api_total=75,333
2026-08-05 13:02:53,672 INFO src.pipeline.kaggle_collect_openalex_sri_lanka: Saved Sri Lankan-affiliated work number=63,432 progress=84.2% api_total=75,333
2026-08-05 13:02:53,673 INFO src.pipeline.kaggle_collect_openalex_sri_lanka: Saved Sri Lankan-affiliated work number=63,433 progress=84.2% api_total=75,333
2026-08-05 13:02:53,673 INFO src.pipeline.kaggle_collect_openalex_sri_lanka: Saved Sri Lankan-affiliated work number=63,434 progress=84.2% api_total=75,333
2026-08-05 13:02:53,673 INFO src.pipeline.kaggle_collect_openalex_sri_lanka: Saved Sri Lankan-affiliated work number=63,435 progress=84.2% api_total=75,333
2026-08-05 13:02:53,674 INFO src.pipeline.kaggle_collect_openalex_sri_lanka: Saved Sri Lankan-affiliated work number=63,436 progress=84.2% api_total=75,333
2026-08-05 13:02:53,674 INFO src.pipeline.kaggle_collect_openalex_sri_lanka: Saved Sri Lankan-affiliated work number=63,437 progress=84.2% api_total=75,333
2026-08-05 13:02:53,674 INFO src.pipeline.kaggle_collect_openalex_sri_lanka: Saved Sri Lankan-affiliated work number=63,438 progress=84.2% api_total=75,333
2026-08-05 13:02:53,675 INFO src.pipeline.kaggle_collect_openalex_sri_lanka: Saved Sri Lankan-affiliated work number=63,439 progress=84.2% api_total=75,333
2026-08-05 13:02:53,675 INFO src.pipeline.kaggle_collect_openalex_sri_lanka: Saved Sri Lankan-affiliated work number=63,440 progress=84.2% api_total=75,333
2026-08-05 13:02:53,675 INFO src.pipeline.kaggle_collect_openalex_sri_lanka: Saved Sri Lankan-affiliated work number=63,441 progress=84.2% api_total=75,333
2026-08-05 13:02:53,676 INFO src.pipeline.kaggle_collect_openalex_sri_lanka: Saved Sri Lankan-affiliated work number=63,442 progress=84.2% api_total=75,333
2026-08-05 13:02:53,676 INFO src.pipeline.kaggle_collect_openalex_sri_lanka: Saved Sri Lankan-affiliated work number=63,443 progress=84.2% api_total=75,333
2026-08-05 13:02:53,676 INFO src.pipeline.kaggle_collect_openalex_sri_lanka: Saved Sri Lankan-affiliated work number=63,444 progress=84.2% api_total=75,333
2026-08-05 13:02:53,677 INFO src.pipeline.kaggle_collect_openalex_sri_lanka: Saved Sri Lankan-affiliated work number=63,445 progress=84.2% api_total=75,333
2026-08-05 13:02:53,677 INFO src.pipeline.kaggle_collect_openalex_sri_lanka: Saved Sri Lankan-affiliated work number=63,446 progress=84.2% api_total=75,333
2026-08-05 13:02:53,677 INFO src.pipeline.kaggle_collect_openalex_sri_lanka: Saved Sri Lankan-affiliated work number=63,447 progress=84.2% api_total=75,333
2026-08-05 13:02:53,678 INFO src.pipeline.kaggle_collect_openalex_sri_lanka: Saved Sri Lankan-affiliated work number=63,448 progress=84.2% api_total=75,333
2026-08-05 13:02:53,678 INFO src.pipeline.kaggle_collect_openalex_sri_lanka: Saved Sri Lankan-affiliated work number=63,449 progress=84.2% api_total=75,333
2026-08-05 13:02:53,678 INFO src.pipeline.kaggle_collect_openalex_sri_lanka: Saved Sri Lankan-affiliated work number=63,450 progress=84.2% api_total=75,333
2026-08-05 13:02:53,679 INFO src.pipeline.kaggle_collect_openalex_sri_lanka: Saved Sri Lankan-affiliated work number=63,451 progress=84.2% api_total=75,333
2026-08-05 13:02:53,679 INFO src.pipeline.kaggle_collect_openalex_sri_lanka: Saved Sri Lankan-affiliated work number=63,452 progress=84.2% api_total=75,333
2026-08-05 13:02:53,679 INFO src.pipeline.kaggle_collect_openalex_sri_lanka: Saved Sri Lankan-affiliated work number=63,453 progress=84.2% api_total=75,333
2026-08-05 13:02:53,680 INFO src.pipeline.kaggle_collect_openalex_sri_lanka: Saved Sri Lankan-affiliated work number=63,454 progress=84.2% api_total=75,333
2026-08-05 13:02:53,680 INFO src.pipeline.kaggle_collect_openalex_sri_lanka: Saved Sri Lankan-affiliated work number=63,455 progress=84.2% api_total=75,333
2026-08-05 13:02:53,680 INFO src.pipeline.kaggle_collect_openalex_sri_lanka: Saved Sri Lankan-affiliated work number=63,456 progress=84.2% api_total=75,333
2026-08-05 13:02:53,680 INFO src.pipeline.kaggle_collect_openalex_sri_lanka: Saved Sri Lankan-affiliated work number=63,457 progress=84.2% api_total=75,333
2026-08-05 13:02:53,681 INFO src.pipeline.kaggle_collect_openalex_sri_lanka: Saved Sri Lankan-affiliated work number=63,458 progress=84.2% api_total=75,333
2026-08-05 13:02:53,681 INFO src.pipeline.kaggle_collect_openalex_sri_lanka: Saved Sri Lankan-affiliated work number=63,459 progress=84.2% api_total=75,333
2026-08-05 13:02:53,681 INFO src.pipeline.kaggle_collect_openalex_sri_lanka: Saved Sri Lankan-affiliated work number=63,460 progress=84.2% api_total=75,333
2026-08-05 13:02:53,681 INFO src.pipeline.kaggle_collect_openalex_sri_lanka: Saved Sri Lankan-affiliated work number=63,461 progress=84.2% api_total=75,333
2026-08-05 13:02:53,682 INFO src.pipeline.kaggle_collect_openalex_sri_lanka: Saved Sri Lankan-affiliated work number=63,462 progress=84.2% api_total=75,333
2026-08-05 13:02:53,682 INFO src.pipeline.kaggle_collect_openalex_sri_lanka: Saved Sri Lankan-affiliated work number=63,463 progress=84.2% api_total=75,333
2026-08-05 13:02:53,682 INFO src.pipeline.kaggle_collect_openalex_sri_lanka: Saved Sri Lankan-affiliated work number=63,464 progress=84.2% api_total=75,333
2026-08-05 13:02:53,682 INFO src.pipeline.kaggle_collect_openalex_sri_lanka: Saved Sri Lankan-affiliated work number=63,465 progress=84.2% api_total=75,333
2026-08-05 13:02:53,683 INFO src.pipeline.kaggle_collect_openalex_sri_lanka: Saved Sri Lankan-affiliated work number=63,466 progress=84.2% api_total=75,333
2026-08-05 13:02:53,683 INFO src.pipeline.kaggle_collect_openalex_sri_lanka: Saved Sri Lankan-affiliated work number=63,467 progress=84.2% api_total=75,333
2026-08-05 13:02:53,683 INFO src.pipeline.kaggle_collect_openalex_sri_lanka: Saved Sri Lankan-affiliated work number=63,468 progress=84.2% api_total=75,333
2026-08-05 13:02:53,684 INFO src.pipeline.kaggle_collect_openalex_sri_lanka: Saved Sri Lankan-affiliated work number=63,469 progress=84.3% api_total=75,333
2026-08-05 13:02:53,684 INFO src.pipeline.kaggle_collect_openalex_sri_lanka: Saved Sri Lankan-affiliated work number=63,470 progress=84.3% api_total=75,333
2026-08-05 13:02:53,684 INFO src.pipeline.kaggle_collect_openalex_sri_lanka: Saved Sri Lankan-affiliated work number=63,471 progress=84.3% api_total=75,333
2026-08-05 13:02:53,684 INFO src.pipeline.kaggle_collect_openalex_sri_lanka: Saved Sri Lankan-affiliated work number=63,472 progress=84.3% api_total=75,333
2026-08-05 13:03:21,107 INFO src.collectors.openalex_collector: Fetched OpenAlex page page=2/377 progress=0.5% fetched=200 kept=200 skipped=0 next_cursor=yes
2026-08-05 13:03:21,112 INFO src.pipeline.kaggle_collect_openalex_sri_lanka: Saved Sri Lankan-affiliated work number=63,473 progress=84.3% api_total=75,333
2026-08-05 13:03:21,113 INFO src.pipeline.kaggle_collect_openalex_sri_lanka: Saved Sri Lankan-affiliated work number=63,474 progress=84.3% api_total=75,333
2026-08-05 13:03:21,113 INFO src.pipeline.kaggle_collect_openalex_sri_lanka: Saved Sri Lankan-affiliated work number=63,475 progress=84.3% api_total=75,333
2026-08-05 13:03:21,113 INFO src.pipeline.kaggle_collect_openalex_sri_lanka: Saved Sri Lankan-affiliated work number=63,476 progress=84.3% api_total=75,333
2026-08-05 13:03:21,113 INFO src.pipeline.kaggle_collect_openalex_sri_lanka: Saved Sri Lankan-affiliated work number=63,477 progress=84.3% api_total=75,333
2026-08-05 13:03:21,114 INFO src.pipeline.kaggle_collect_openalex_sri_lanka: Saved Sri Lankan-affiliated work number=63,478 progress=84.3% api_total=75,333
2026-08-05 13:03:21,114 INFO src.pipeline.kaggle_collect_openalex_sri_lanka: Saved Sri Lankan-affiliated work number=63,479 progress=84.3% api_total=75,333
2026-08-05 13:03:21,115 INFO src.pipeline.kaggle_collect_openalex_sri_lanka: Saved Sri Lankan-affiliated work number=63,480 progress=84.3% api_total=75,333
2026-08-05 13:03:21,115 INFO src.pipeline.kaggle_collect_openalex_sri_lanka: Saved Sri Lankan-affiliated work number=63,481 progress=84.3% api_total=75,333
2026-08-05 13:03:21,115 INFO src.pipeline.kaggle_collect_openalex_sri_lanka: Saved Sri Lankan-affiliated work number=63,482 progress=84.3% api_total=75,333
2026-08-05 13:03:21,116 INFO src.pipeline.kaggle_collect_openalex_sri_lanka: Saved Sri Lankan-affiliated work number=63,483 progress=84.3% api_total=75,333
2026-08-05 13:03:21,116 INFO src.pipeline.kaggle_collect_openalex_sri_lanka: Saved Sri Lankan-affiliated work number=63,484 progress=84.3% api_total=75,333
2026-08-05 13:03:21,116 INFO src.pipeline.kaggle_collect_openalex_sri_lanka: Saved Sri Lankan-affiliated work number=63,485 progress=84.3% api_total=75,333
2026-08-05 13:03:21,117 INFO src.pipeline.kaggle_collect_openalex_sri_lanka: Saved Sri Lankan-affiliated work number=63,486 progress=84.3% api_total=75,333
2026-08-05 13:03:21,117 INFO src.pipeline.kaggle_collect_openalex_sri_lanka: Saved Sri Lankan-affiliated work number=63,487 progress=84.3% api_total=75,333
2026-08-05 13:03:21,118 INFO src.pipeline.kaggle_collect_openalex_sri_lanka: Saved Sri Lankan-affiliated work number=63,488 progress=84.3% api_total=75,333
2026-08-05 13:03:21,118 INFO src.pipeline.kaggle_collect_openalex_sri_lanka: Saved Sri Lankan-affiliated work number=63,489 progress=84.3% api_total=75,333
2026-08-05 13:03:21,119 INFO src.pipeline.kaggle_collect_openalex_sri_lanka: Saved Sri Lankan-affiliated work number=63,490 progress=84.3% api_total=75,333
2026-08-05 13:03:21,119 INFO src.pipeline.kaggle_collect_openalex_sri_lanka: Saved Sri Lankan-affiliated work number=63,491 progress=84.3% api_total=75,333
2026-08-05 13:03:21,119 INFO src.pipeline.kaggle_collect_openalex_sri_lanka: Saved Sri Lankan-affiliated work number=63,492 progress=84.3% api_total=75,333
2026-08-05 13:03:21,120 INFO src.pipeline.kaggle_collect_openalex_sri_lanka: Saved Sri Lankan-affiliated work number=63,493 progress=84.3% api_total=75,333
2026-08-05 13:03:21,120 INFO src.pipeline.kaggle_collect_openalex_sri_lanka: Saved Sri Lankan-affiliated work number=63,494 progress=84.3% api_total=75,333
2026-08-05 13:03:21,120 INFO src.pipeline.kaggle_collect_openalex_sri_lanka: Saved Sri Lankan-affiliated work number=63,495 progress=84.3% api_total=75,333
2026-08-05 13:03:21,121 INFO src.pipeline.kaggle_collect_openalex_sri_lanka: Saved Sri Lankan-affiliated work number=63,496 progress=84.3% api_total=75,333
2026-08-05 13:03:21,121 INFO src.pipeline.kaggle_collect_openalex_sri_lanka: Saved Sri Lankan-affiliated work number=63,497 progress=84.3% api_total=75,333
2026-08-05 13:03:21,121 INFO src.pipeline.kaggle_collect_openalex_sri_lanka: Saved Sri Lankan-affiliated work number=63,498 progress=84.3% api_total=75,333
2026-08-05 13:03:21,121 INFO src.pipeline.kaggle_collect_openalex_sri_lanka: Saved Sri Lankan-affiliated work number=63,499 progress=84.3% api_total=75,333
2026-08-05 13:03:21,122 INFO src.pipeline.kaggle_collect_openalex_sri_lanka: Saved Sri Lankan-affiliated work number=63,500 progress=84.3% api_total=75,333
2026-08-05 13:03:21,122 INFO src.pipeline.kaggle_collect_openalex_sri_lanka: Saved Sri Lankan-affiliated work number=63,501 progress=84.3% api_total=75,333
2026-08-05 13:03:21,122 INFO src.pipeline.kaggle_collect_openalex_sri_lanka: Saved Sri Lankan-affiliated work number=63,502 progress=84.3% api_total=75,333
2026-08-05 13:03:21,122 INFO src.pipeline.kaggle_collect_openalex_sri_lanka: Saved Sri Lankan-affiliated work number=63,503 progress=84.3% api_total=75,333
2026-08-05 13:03:21,123 INFO src.pipeline.kaggle_collect_openalex_sri_lanka: Saved Sri Lankan-affiliated work number=63,504 progress=84.3% api_total=75,333
2026-08-05 13:03:21,123 INFO src.pipeline.kaggle_collect_openalex_sri_lanka: Saved Sri Lankan-affiliated work number=63,505 progress=84.3% api_total=75,333
2026-08-05 13:03:21,123 INFO src.pipeline.kaggle_collect_openalex_sri_lanka: Saved Sri Lankan-affiliated work number=63,506 progress=84.3% api_total=75,333
2026-08-05 13:03:21,124 INFO src.pipeline.kaggle_collect_openalex_sri_lanka: Saved Sri Lankan-affiliated work number=63,507 progress=84.3% api_total=75,333
2026-08-05 13:03:21,124 INFO src.pipeline.kaggle_collect_openalex_sri_lanka: Saved Sri Lankan-affiliated work number=63,508 progress=84.3% api_total=75,333
2026-08-05 13:03:21,124 INFO src.pipeline.kaggle_collect_openalex_sri_lanka: Saved Sri Lankan-affiliated work number=63,509 progress=84.3% api_total=75,333
2026-08-05 13:03:21,125 INFO src.pipeline.kaggle_collect_openalex_sri_lanka: Saved Sri Lankan-affiliated work number=63,510 progress=84.3% api_total=75,333
2026-08-05 13:03:21,125 INFO src.pipeline.kaggle_collect_openalex_sri_lanka: Saved Sri Lankan-affiliated work number=63,511 progress=84.3% api_total=75,333
2026-08-05 13:03:21,125 INFO src.pipeline.kaggle_collect_openalex_sri_lanka: Saved Sri Lankan-affiliated work number=63,512 progress=84.3% api_total=75,333
2026-08-05 13:03:21,126 INFO src.pipeline.kaggle_collect_openalex_sri_lanka: Saved Sri Lankan-affiliated work number=63,513 progress=84.3% api_total=75,333
2026-08-05 13:03:21,126 INFO src.pipeline.kaggle_collect_openalex_sri_lanka: Saved Sri Lankan-affiliated work number=63,514 progress=84.3% api_total=75,333
2026-08-05 13:03:21,126 INFO src.pipeline.kaggle_collect_openalex_sri_lanka: Saved Sri Lankan-affiliated work number=63,515 progress=84.3% api_total=75,333
2026-08-05 13:03:21,126 INFO src.pipeline.kaggle_collect_openalex_sri_lanka: Saved Sri Lankan-affiliated work number=63,516 progress=84.3% api_total=75,333
2026-08-05 13:03:21,127 INFO src.pipeline.kaggle_collect_openalex_sri_lanka: Saved Sri Lankan-affiliated work number=63,517 progress=84.3% api_total=75,333
2026-08-05 13:03:21,127 INFO src.pipeline.kaggle_collect_openalex_sri_lanka: Saved Sri Lankan-affiliated work number=63,518 progress=84.3% api_total=75,333
2026-08-05 13:03:21,127 INFO src.pipeline.kaggle_collect_openalex_sri_lanka: Saved Sri Lankan-affiliated work number=63,519 progress=84.3% api_total=75,333
2026-08-05 13:03:21,127 INFO src.pipeline.kaggle_collect_openalex_sri_lanka: Saved Sri Lankan-affiliated work number=63,520 progress=84.3% api_total=75,333
2026-08-05 13:03:21,128 INFO src.pipeline.kaggle_collect_openalex_sri_lanka: Saved Sri Lankan-affiliated work number=63,521 progress=84.3% api_total=75,333
2026-08-05 13:03:21,128 INFO src.pipeline.kaggle_collect_openalex_sri_lanka: Saved Sri Lankan-affiliated work number=63,522 progress=84.3% api_total=75,333
2026-08-05 13:03:21,128 INFO src.pipeline.kaggle_collect_openalex_sri_lanka: Saved Sri Lankan-affiliated work number=63,523 progress=84.3% api_total=75,333
2026-08-05 13:03:21,128 INFO src.pipeline.kaggle_collect_openalex_sri_lanka: Saved Sri Lankan-affiliated work number=63,524 progress=84.3% api_total=75,333
2026-08-05 13:03:21,129 INFO src.pipeline.kaggle_collect_openalex_sri_lanka: Saved Sri Lankan-affiliated work number=63,525 progress=84.3% api_total=75,333
2026-08-05 13:03:21,129 INFO src.pipeline.kaggle_collect_openalex_sri_lanka: Saved Sri Lankan-affiliated work number=63,526 progress=84.3% api_total=75,333
2026-08-05 13:03:21,129 INFO src.pipeline.kaggle_collect_openalex_sri_lanka: Saved Sri Lankan-affiliated work number=63,527 progress=84.3% api_total=75,333
2026-08-05 13:03:21,130 INFO src.pipeline.kaggle_collect_openalex_sri_lanka: Saved Sri Lankan-affiliated work number=63,528 progress=84.3% api_total=75,333
2026-08-05 13:03:21,130 INFO src.pipeline.kaggle_collect_openalex_sri_lanka: Saved Sri Lankan-affiliated work number=63,529 progress=84.3% api_total=75,333
2026-08-05 13:03:21,130 INFO src.pipeline.kaggle_collect_openalex_sri_lanka: Saved Sri Lankan-affiliated work number=63,530 progress=84.3% api_total=75,333
2026-08-05 13:03:21,130 INFO src.pipeline.kaggle_collect_openalex_sri_lanka: Saved Sri Lankan-affiliated work number=63,531 progress=84.3% api_total=75,333
2026-08-05 13:03:21,131 INFO src.pipeline.kaggle_collect_openalex_sri_lanka: Saved Sri Lankan-affiliated work number=63,532 progress=84.3% api_total=75,333
2026-08-05 13:03:21,131 INFO src.pipeline.kaggle_collect_openalex_sri_lanka: Saved Sri Lankan-affiliated work number=63,533 progress=84.3% api_total=75,333
2026-08-05 13:03:21,131 INFO src.pipeline.kaggle_collect_openalex_sri_lanka: Saved Sri Lankan-affiliated work number=63,534 progress=84.3% api_total=75,333
2026-08-05 13:03:21,131 INFO src.pipeline.kaggle_collect_openalex_sri_lanka: Saved Sri Lankan-affiliated work number=63,535 progress=84.3% api_total=75,333
2026-08-05 13:03:21,132 INFO src.pipeline.kaggle_collect_openalex_sri_lanka: Saved Sri Lankan-affiliated work number=63,536 progress=84.3% api_total=75,333
2026-08-05 13:03:21,132 INFO src.pipeline.kaggle_collect_openalex_sri_lanka: Saved Sri Lankan-affiliated work number=63,537 progress=84.3% api_total=75,333
2026-08-05 13:03:21,132 INFO src.pipeline.kaggle_collect_openalex_sri_lanka: Saved Sri Lankan-affiliated work number=63,538 progress=84.3% api_total=75,333
2026-08-05 13:03:21,133 INFO src.pipeline.kaggle_collect_openalex_sri_lanka: Saved Sri Lankan-affiliated work number=63,539 progress=84.3% api_total=75,333
2026-08-05 13:03:21,133 INFO src.pipeline.kaggle_collect_openalex_sri_lanka: Saved Sri Lankan-affiliated work number=63,540 progress=84.3% api_total=75,333
2026-08-05 13:03:21,133 INFO src.pipeline.kaggle_collect_openalex_sri_lanka: Saved Sri Lankan-affiliated work number=63,541 progress=84.3% api_total=75,333
2026-08-05 13:03:21,134 INFO src.pipeline.kaggle_collect_openalex_sri_lanka: Saved Sri Lankan-affiliated work number=63,542 progress=84.3% api_total=75,333
2026-08-05 13:03:21,134 INFO src.pipeline.kaggle_collect_openalex_sri_lanka: Saved Sri Lankan-affiliated work number=63,543 progress=84.3% api_total=75,333
2026-08-05 13:03:21,134 INFO src.pipeline.kaggle_collect_openalex_sri_lanka: Saved Sri Lankan-affiliated work number=63,544 progress=84.4% api_total=75,333
2026-08-05 13:03:21,135 INFO src.pipeline.kaggle_collect_openalex_sri_lanka: Saved Sri Lankan-affiliated work number=63,545 progress=84.4% api_total=75,333
2026-08-05 13:03:21,135 INFO src.pipeline.kaggle_collect_openalex_sri_lanka: Saved Sri Lankan-affiliated work number=63,546 progress=84.4% api_total=75,333
2026-08-05 13:03:21,135 INFO src.pipeline.kaggle_collect_openalex_sri_lanka: Saved Sri Lankan-affiliated work number=63,547 progress=84.4% api_total=75,333
2026-08-05 13:03:21,135 INFO src.pipeline.kaggle_collect_openalex_sri_lanka: Saved Sri Lankan-affiliated work number=63,548 progress=84.4% api_total=75,333
2026-08-05 13:03:21,136 INFO src.pipeline.kaggle_collect_openalex_sri_lanka: Saved Sri Lankan-affiliated work number=63,549 progress=84.4% api_total=75,333
2026-08-05 13:03:21,136 INFO src.pipeline.kaggle_collect_openalex_sri_lanka: Saved Sri Lankan-affiliated work number=63,550 progress=84.4% api_total=75,333
2026-08-05 13:03:21,136 INFO src.pipeline.kaggle_collect_openalex_sri_lanka: Saved Sri Lankan-affiliated work number=63,551 progress=84.4% api_total=75,333
2026-08-05 13:03:21,136 INFO src.pipeline.kaggle_collect_openalex_sri_lanka: Saved Sri Lankan-affiliated work number=63,552 progress=84.4% api_total=75,333
2026-08-05 13:03:21,137 INFO src.pipeline.kaggle_collect_openalex_sri_lanka: Saved Sri Lankan-affiliated work number=63,553 progress=84.4% api_total=75,333
2026-08-05 13:03:21,137 INFO src.pipeline.kaggle_collect_openalex_sri_lanka: Saved Sri Lankan-affiliated work number=63,554 progress=84.4% api_total=75,333
2026-08-05 13:03:21,137 INFO src.pipeline.kaggle_collect_openalex_sri_lanka: Saved Sri Lankan-affiliated work number=63,555 progress=84.4% api_total=75,333
2026-08-05 13:03:21,137 INFO src.pipeline.kaggle_collect_openalex_sri_lanka: Saved Sri Lankan-affiliated work number=63,556 progress=84.4% api_total=75,333
2026-08-05 13:03:21,137 INFO src.pipeline.kaggle_collect_openalex_sri_lanka: Saved Sri Lankan-affiliated work number=63,557 progress=84.4% api_total=75,333
2026-08-05 13:03:21,138 INFO src.pipeline.kaggle_collect_openalex_sri_lanka: Saved Sri Lankan-affiliated work number=63,558 progress=84.4% api_total=75,333
2026-08-05 13:03:21,138 INFO src.pipeline.kaggle_collect_openalex_sri_lanka: Saved Sri Lankan-affiliated work number=63,559 progress=84.4% api_total=75,333
2026-08-05 13:03:21,139 INFO src.pipeline.kaggle_collect_openalex_sri_lanka: Saved Sri Lankan-affiliated work number=63,560 progress=84.4% api_total=75,333
2026-08-05 13:03:21,139 INFO src.pipeline.kaggle_collect_openalex_sri_lanka: Saved Sri Lankan-affiliated work number=63,561 progress=84.4% api_total=75,333
2026-08-05 13:03:21,139 INFO src.pipeline.kaggle_collect_openalex_sri_lanka: Saved Sri Lankan-affiliated work number=63,562 progress=84.4% api_total=75,333
2026-08-05 13:03:21,139 INFO src.pipeline.kaggle_collect_openalex_sri_lanka: Saved Sri Lankan-affiliated work number=63,563 progress=84.4% api_total=75,333
2026-08-05 13:03:21,140 INFO src.pipeline.kaggle_collect_openalex_sri_lanka: Saved Sri Lankan-affiliated work number=63,564 progress=84.4% api_total=75,333
2026-08-05 13:03:21,140 INFO src.pipeline.kaggle_collect_openalex_sri_lanka: Saved Sri Lankan-affiliated work number=63,565 progress=84.4% api_total=75,333
2026-08-05 13:03:21,140 INFO src.pipeline.kaggle_collect_openalex_sri_lanka: Saved Sri Lankan-affiliated work number=63,566 progress=84.4% api_total=75,333
2026-08-05 13:03:21,141 INFO src.pipeline.kaggle_collect_openalex_sri_lanka: Saved Sri Lankan-affiliated work number=63,567 progress=84.4% api_total=75,333
2026-08-05 13:03:21,141 INFO src.pipeline.kaggle_collect_openalex_sri_lanka: Saved Sri Lankan-affiliated work number=63,568 progress=84.4% api_total=75,333
2026-08-05 13:03:21,141 INFO src.pipeline.kaggle_collect_openalex_sri_lanka: Saved Sri Lankan-affiliated work number=63,569 progress=84.4% api_total=75,333
2026-08-05 13:03:21,141 INFO src.pipeline.kaggle_collect_openalex_sri_lanka: Saved Sri Lankan-affiliated work number=63,570 progress=84.4% api_total=75,333
2026-08-05 13:03:21,142 INFO src.pipeline.kaggle_collect_openalex_sri_lanka: Saved Sri Lankan-affiliated work number=63,571 progress=84.4% api_total=75,333
2026-08-05 13:03:21,142 INFO src.pipeline.kaggle_collect_openalex_sri_lanka: Saved Sri Lankan-affiliated work number=63,572 progress=84.4% api_total=75,333
2026-08-05 13:03:21,142 INFO src.pipeline.kaggle_collect_openalex_sri_lanka: Saved Sri Lankan-affiliated work number=63,573 progress=84.4% api_total=75,333
2026-08-05 13:03:21,142 INFO src.pipeline.kaggle_collect_openalex_sri_lanka: Saved Sri Lankan-affiliated work number=63,574 progress=84.4% api_total=75,333
2026-08-05 13:03:21,143 INFO src.pipeline.kaggle_collect_openalex_sri_lanka: Saved Sri Lankan-affiliated work number=63,575 progress=84.4% api_total=75,333
2026-08-05 13:03:21,143 INFO src.pipeline.kaggle_collect_openalex_sri_lanka: Saved Sri Lankan-affiliated work number=63,576 progress=84.4% api_total=75,333
2026-08-05 13:03:21,143 INFO src.pipeline.kaggle_collect_openalex_sri_lanka: Saved Sri Lankan-affiliated work number=63,577 progress=84.4% api_total=75,333
2026-08-05 13:03:21,143 INFO src.pipeline.kaggle_collect_openalex_sri_lanka: Saved Sri Lankan-affiliated work number=63,578 progress=84.4% api_total=75,333
2026-08-05 13:03:21,144 INFO src.pipeline.kaggle_collect_openalex_sri_lanka: Saved Sri Lankan-affiliated work number=63,579 progress=84.4% api_total=75,333
2026-08-05 13:03:21,144 INFO src.pipeline.kaggle_collect_openalex_sri_lanka: Saved Sri Lankan-affiliated work number=63,580 progress=84.4% api_total=75,333
2026-08-05 13:03:21,144 INFO src.pipeline.kaggle_collect_openalex_sri_lanka: Saved Sri Lankan-affiliated work number=63,581 progress=84.4% api_total=75,333
2026-08-05 13:03:21,144 INFO src.pipeline.kaggle_collect_openalex_sri_lanka: Saved Sri Lankan-affiliated work number=63,582 progress=84.4% api_total=75,333
2026-08-05 13:03:21,145 INFO src.pipeline.kaggle_collect_openalex_sri_lanka: Saved Sri Lankan-affiliated work number=63,583 progress=84.4% api_total=75,333
2026-08-05 13:03:21,145 INFO src.pipeline.kaggle_collect_openalex_sri_lanka: Saved Sri Lankan-affiliated work number=63,584 progress=84.4% api_total=75,333
2026-08-05 13:03:21,145 INFO src.pipeline.kaggle_collect_openalex_sri_lanka: Saved Sri Lankan-affiliated work number=63,585 progress=84.4% api_total=75,333
2026-08-05 13:03:21,146 INFO src.pipeline.kaggle_collect_openalex_sri_lanka: Saved Sri Lankan-affiliated work number=63,586 progress=84.4% api_total=75,333
2026-08-05 13:03:21,146 INFO src.pipeline.kaggle_collect_openalex_sri_lanka: Saved Sri Lankan-affiliated work number=63,587 progress=84.4% api_total=75,333
2026-08-05 13:03:21,146 INFO src.pipeline.kaggle_collect_openalex_sri_lanka: Saved Sri Lankan-affiliated work number=63,588 progress=84.4% api_total=75,333
2026-08-05 13:03:21,146 INFO src.pipeline.kaggle_collect_openalex_sri_lanka: Saved Sri Lankan-affiliated work number=63,589 progress=84.4% api_total=75,333
2026-08-05 13:03:21,147 INFO src.pipeline.kaggle_collect_openalex_sri_lanka: Saved Sri Lankan-affiliated work number=63,590 progress=84.4% api_total=75,333
2026-08-05 13:03:21,147 INFO src.pipeline.kaggle_collect_openalex_sri_lanka: Saved Sri Lankan-affiliated work number=63,591 progress=84.4% api_total=75,333
2026-08-05 13:03:21,147 INFO src.pipeline.kaggle_collect_openalex_sri_lanka: Saved Sri Lankan-affiliated work number=63,592 progress=84.4% api_total=75,333
2026-08-05 13:03:21,148 INFO src.pipeline.kaggle_collect_openalex_sri_lanka: Saved Sri Lankan-affiliated work number=63,593 progress=84.4% api_total=75,333
2026-08-05 13:03:21,148 INFO src.pipeline.kaggle_collect_openalex_sri_lanka: Saved Sri Lankan-affiliated work number=63,594 progress=84.4% api_total=75,333
2026-08-05 13:03:21,148 INFO src.pipeline.kaggle_collect_openalex_sri_lanka: Saved Sri Lankan-affiliated work number=63,595 progress=84.4% api_total=75,333
2026-08-05 13:03:21,149 INFO src.pipeline.kaggle_collect_openalex_sri_lanka: Saved Sri Lankan-affiliated work number=63,596 progress=84.4% api_total=75,333
2026-08-05 13:03:21,149 INFO src.pipeline.kaggle_collect_openalex_sri_lanka: Saved Sri Lankan-affiliated work number=63,597 progress=84.4% api_total=75,333
2026-08-05 13:03:21,150 INFO src.pipeline.kaggle_collect_openalex_sri_lanka: Saved Sri Lankan-affiliated work number=63,598 progress=84.4% api_total=75,333
2026-08-05 13:03:21,150 INFO src.pipeline.kaggle_collect_openalex_sri_lanka: Saved Sri Lankan-affiliated work number=63,599 progress=84.4% api_total=75,333
2026-08-05 13:03:21,151 INFO src.pipeline.kaggle_collect_openalex_sri_lanka: Saved Sri Lankan-affiliated work number=63,600 progress=84.4% api_total=75,333
2026-08-05 13:03:21,151 INFO src.pipeline.kaggle_collect_openalex_sri_lanka: Saved Sri Lankan-affiliated work number=63,601 progress=84.4% api_total=75,333
2026-08-05 13:03:21,151 INFO src.pipeline.kaggle_collect_openalex_sri_lanka: Saved Sri Lankan-affiliated work number=63,602 progress=84.4% api_total=75,333
2026-08-05 13:03:21,151 INFO src.pipeline.kaggle_collect_openalex_sri_lanka: Saved Sri Lankan-affiliated work number=63,603 progress=84.4% api_total=75,333
2026-08-05 13:03:21,152 INFO src.pipeline.kaggle_collect_openalex_sri_lanka: Saved Sri Lankan-affiliated work number=63,604 progress=84.4% api_total=75,333
2026-08-05 13:03:21,152 INFO src.pipeline.kaggle_collect_openalex_sri_lanka: Saved Sri Lankan-affiliated work number=63,605 progress=84.4% api_total=75,333
2026-08-05 13:03:21,152 INFO src.pipeline.kaggle_collect_openalex_sri_lanka: Saved Sri Lankan-affiliated work number=63,606 progress=84.4% api_total=75,333
2026-08-05 13:03:21,153 INFO src.pipeline.kaggle_collect_openalex_sri_lanka: Saved Sri Lankan-affiliated work number=63,607 progress=84.4% api_total=75,333
2026-08-05 13:03:21,153 INFO src.pipeline.kaggle_collect_openalex_sri_lanka: Saved Sri Lankan-affiliated work number=63,608 progress=84.4% api_total=75,333
2026-08-05 13:03:21,153 INFO src.pipeline.kaggle_collect_openalex_sri_lanka: Saved Sri Lankan-affiliated work number=63,609 progress=84.4% api_total=75,333
2026-08-05 13:03:21,153 INFO src.pipeline.kaggle_collect_openalex_sri_lanka: Saved Sri Lankan-affiliated work number=63,610 progress=84.4% api_total=75,333
2026-08-05 13:03:21,154 INFO src.pipeline.kaggle_collect_openalex_sri_lanka: Saved Sri Lankan-affiliated work number=63,611 progress=84.4% api_total=75,333
2026-08-05 13:03:21,154 INFO src.pipeline.kaggle_collect_openalex_sri_lanka: Saved Sri Lankan-affiliated work number=63,612 progress=84.4% api_total=75,333
2026-08-05 13:03:21,155 INFO src.pipeline.kaggle_collect_openalex_sri_lanka: Saved Sri Lankan-affiliated work number=63,613 progress=84.4% api_total=75,333
2026-08-05 13:03:21,155 INFO src.pipeline.kaggle_collect_openalex_sri_lanka: Saved Sri Lankan-affiliated work number=63,614 progress=84.4% api_total=75,333
2026-08-05 13:03:21,155 INFO src.pipeline.kaggle_collect_openalex_sri_lanka: Saved Sri Lankan-affiliated work number=63,615 progress=84.4% api_total=75,333
2026-08-05 13:03:21,156 INFO src.pipeline.kaggle_collect_openalex_sri_lanka: Saved Sri Lankan-affiliated work number=63,616 progress=84.4% api_total=75,333
2026-08-05 13:03:21,156 INFO src.pipeline.kaggle_collect_openalex_sri_lanka: Saved Sri Lankan-affiliated work number=63,617 progress=84.4% api_total=75,333
2026-08-05 13:03:21,156 INFO src.pipeline.kaggle_collect_openalex_sri_lanka: Saved Sri Lankan-affiliated work number=63,618 progress=84.4% api_total=75,333
2026-08-05 13:03:21,157 INFO src.pipeline.kaggle_collect_openalex_sri_lanka: Saved Sri Lankan-affiliated work number=63,619 progress=84.5% api_total=75,333
2026-08-05 13:03:21,157 INFO src.pipeline.kaggle_collect_openalex_sri_lanka: Saved Sri Lankan-affiliated work number=63,620 progress=84.5% api_total=75,333
2026-08-05 13:03:21,158 INFO src.pipeline.kaggle_collect_openalex_sri_lanka: Saved Sri Lankan-affiliated work number=63,621 progress=84.5% api_total=75,333
2026-08-05 13:03:21,158 INFO src.pipeline.kaggle_collect_openalex_sri_lanka: Saved Sri Lankan-affiliated work number=63,622 progress=84.5% api_total=75,333
2026-08-05 13:03:21,158 INFO src.pipeline.kaggle_collect_openalex_sri_lanka: Saved Sri Lankan-affiliated work number=63,623 progress=84.5% api_total=75,333
2026-08-05 13:03:21,159 INFO src.pipeline.kaggle_collect_openalex_sri_lanka: Saved Sri Lankan-affiliated work number=63,624 progress=84.5% api_total=75,333
2026-08-05 13:03:21,159 INFO src.pipeline.kaggle_collect_openalex_sri_lanka: Saved Sri Lankan-affiliated work number=63,625 progress=84.5% api_total=75,333
2026-08-05 13:03:21,159 INFO src.pipeline.kaggle_collect_openalex_sri_lanka: Saved Sri Lankan-affiliated work number=63,626 progress=84.5% api_total=75,333
2026-08-05 13:03:21,160 INFO src.pipeline.kaggle_collect_openalex_sri_lanka: Saved Sri Lankan-affiliated work number=63,627 progress=84.5% api_total=75,333
2026-08-05 13:03:21,160 INFO src.pipeline.kaggle_collect_openalex_sri_lanka: Saved Sri Lankan-affiliated work number=63,628 progress=84.5% api_total=75,333
2026-08-05 13:03:21,161 INFO src.pipeline.kaggle_collect_openalex_sri_lanka: Saved Sri Lankan-affiliated work number=63,629 progress=84.5% api_total=75,333
2026-08-05 13:03:21,161 INFO src.pipeline.kaggle_collect_openalex_sri_lanka: Saved Sri Lankan-affiliated work number=63,630 progress=84.5% api_total=75,333
2026-08-05 13:03:21,161 INFO src.pipeline.kaggle_collect_openalex_sri_lanka: Saved Sri Lankan-affiliated work number=63,631 progress=84.5% api_total=75,333
2026-08-05 13:03:21,162 INFO src.pipeline.kaggle_collect_openalex_sri_lanka: Saved Sri Lankan-affiliated work number=63,632 progress=84.5% api_total=75,333
2026-08-05 13:03:21,162 INFO src.pipeline.kaggle_collect_openalex_sri_lanka: Saved Sri Lankan-affiliated work number=63,633 progress=84.5% api_total=75,333
2026-08-05 13:03:21,162 INFO src.pipeline.kaggle_collect_openalex_sri_lanka: Saved Sri Lankan-affiliated work number=63,634 progress=84.5% api_total=75,333
2026-08-05 13:03:21,162 INFO src.pipeline.kaggle_collect_openalex_sri_lanka: Saved Sri Lankan-affiliated work number=63,635 progress=84.5% api_total=75,333
2026-08-05 13:03:21,163 INFO src.pipeline.kaggle_collect_openalex_sri_lanka: Saved Sri Lankan-affiliated work number=63,636 progress=84.5% api_total=75,333
2026-08-05 13:03:21,163 INFO src.pipeline.kaggle_collect_openalex_sri_lanka: Saved Sri Lankan-affiliated work number=63,637 progress=84.5% api_total=75,333
2026-08-05 13:03:21,163 INFO src.pipeline.kaggle_collect_openalex_sri_lanka: Saved Sri Lankan-affiliated work number=63,638 progress=84.5% api_total=75,333
2026-08-05 13:03:21,163 INFO src.pipeline.kaggle_collect_openalex_sri_lanka: Saved Sri Lankan-affiliated work number=63,639 progress=84.5% api_total=75,333
2026-08-05 13:03:21,164 INFO src.pipeline.kaggle_collect_openalex_sri_lanka: Saved Sri Lankan-affiliated work number=63,640 progress=84.5% api_total=75,333
2026-08-05 13:03:21,164 INFO src.pipeline.kaggle_collect_openalex_sri_lanka: Saved Sri Lankan-affiliated work number=63,641 progress=84.5% api_total=75,333
2026-08-05 13:03:21,164 INFO src.pipeline.kaggle_collect_openalex_sri_lanka: Saved Sri Lankan-affiliated work number=63,642 progress=84.5% api_total=75,333
2026-08-05 13:03:21,165 INFO src.pipeline.kaggle_collect_openalex_sri_lanka: Saved Sri Lankan-affiliated work number=63,643 progress=84.5% api_total=75,333
2026-08-05 13:03:21,165 INFO src.pipeline.kaggle_collect_openalex_sri_lanka: Saved Sri Lankan-affiliated work number=63,644 progress=84.5% api_total=75,333
2026-08-05 13:03:21,165 INFO src.pipeline.kaggle_collect_openalex_sri_lanka: Saved Sri Lankan-affiliated work number=63,645 progress=84.5% api_total=75,333
2026-08-05 13:03:21,166 INFO src.pipeline.kaggle_collect_openalex_sri_lanka: Saved Sri Lankan-affiliated work number=63,646 progress=84.5% api_total=75,333
2026-08-05 13:03:21,166 INFO src.pipeline.kaggle_collect_openalex_sri_lanka: Saved Sri Lankan-affiliated work number=63,647 progress=84.5% api_total=75,333
2026-08-05 13:03:21,167 INFO src.pipeline.kaggle_collect_openalex_sri_lanka: Saved Sri Lankan-affiliated work number=63,648 progress=84.5% api_total=75,333
2026-08-05 13:03:21,167 INFO src.pipeline.kaggle_collect_openalex_sri_lanka: Saved Sri Lankan-affiliated work number=63,649 progress=84.5% api_total=75,333
2026-08-05 13:03:21,167 INFO src.pipeline.kaggle_collect_openalex_sri_lanka: Saved Sri Lankan-affiliated work number=63,650 progress=84.5% api_total=75,333
2026-08-05 13:03:21,168 INFO src.pipeline.kaggle_collect_openalex_sri_lanka: Saved Sri Lankan-affiliated work number=63,651 progress=84.5% api_total=75,333
2026-08-05 13:03:21,168 INFO src.pipeline.kaggle_collect_openalex_sri_lanka: Saved Sri Lankan-affiliated work number=63,652 progress=84.5% api_total=75,333
2026-08-05 13:03:21,169 INFO src.pipeline.kaggle_collect_openalex_sri_lanka: Saved Sri Lankan-affiliated work number=63,653 progress=84.5% api_total=75,333
2026-08-05 13:03:21,169 INFO src.pipeline.kaggle_collect_openalex_sri_lanka: Saved Sri Lankan-affiliated work number=63,654 progress=84.5% api_total=75,333
2026-08-05 13:03:21,169 INFO src.pipeline.kaggle_collect_openalex_sri_lanka: Saved Sri Lankan-affiliated work number=63,655 progress=84.5% api_total=75,333
2026-08-05 13:03:21,170 INFO src.pipeline.kaggle_collect_openalex_sri_lanka: Saved Sri Lankan-affiliated work number=63,656 progress=84.5% api_total=75,333
2026-08-05 13:03:21,170 INFO src.pipeline.kaggle_collect_openalex_sri_lanka: Saved Sri Lankan-affiliated work number=63,657 progress=84.5% api_total=75,333
2026-08-05 13:03:21,170 INFO src.pipeline.kaggle_collect_openalex_sri_lanka: Saved Sri Lankan-affiliated work number=63,658 progress=84.5% api_total=75,333
2026-08-05 13:03:21,171 INFO src.pipeline.kaggle_collect_openalex_sri_lanka: Saved Sri Lankan-affiliated work number=63,659 progress=84.5% api_total=75,333
2026-08-05 13:03:21,171 INFO src.pipeline.kaggle_collect_openalex_sri_lanka: Saved Sri Lankan-affiliated work number=63,660 progress=84.5% api_total=75,333
2026-08-05 13:03:21,171 INFO src.pipeline.kaggle_collect_openalex_sri_lanka: Saved Sri Lankan-affiliated work number=63,661 progress=84.5% api_total=75,333
2026-08-05 13:03:21,172 INFO src.pipeline.kaggle_collect_openalex_sri_lanka: Saved Sri Lankan-affiliated work number=63,662 progress=84.5% api_total=75,333
2026-08-05 13:03:21,172 INFO src.pipeline.kaggle_collect_openalex_sri_lanka: Saved Sri Lankan-affiliated work number=63,663 progress=84.5% api_total=75,333
2026-08-05 13:03:21,172 INFO src.pipeline.kaggle_collect_openalex_sri_lanka: Saved Sri Lankan-affiliated work number=63,664 progress=84.5% api_total=75,333
2026-08-05 13:03:21,173 INFO src.pipeline.kaggle_collect_openalex_sri_lanka: Saved Sri Lankan-affiliated work number=63,665 progress=84.5% api_total=75,333
2026-08-05 13:03:21,173 INFO src.pipeline.kaggle_collect_openalex_sri_lanka: Saved Sri Lankan-affiliated work number=63,666 progress=84.5% api_total=75,333
2026-08-05 13:03:21,174 INFO src.pipeline.kaggle_collect_openalex_sri_lanka: Saved Sri Lankan-affiliated work number=63,667 progress=84.5% api_total=75,333
2026-08-05 13:03:21,174 INFO src.pipeline.kaggle_collect_openalex_sri_lanka: Saved Sri Lankan-affiliated work number=63,668 progress=84.5% api_total=75,333
2026-08-05 13:03:21,174 INFO src.pipeline.kaggle_collect_openalex_sri_lanka: Saved Sri Lankan-affiliated work number=63,669 progress=84.5% api_total=75,333
2026-08-05 13:03:21,175 INFO src.pipeline.kaggle_collect_openalex_sri_lanka: Saved Sri Lankan-affiliated work number=63,670 progress=84.5% api_total=75,333
2026-08-05 13:03:21,175 INFO src.pipeline.kaggle_collect_openalex_sri_lanka: Saved Sri Lankan-affiliated work number=63,671 progress=84.5% api_total=75,333
2026-08-05 13:03:21,175 INFO src.pipeline.kaggle_collect_openalex_sri_lanka: Saved Sri Lankan-affiliated work number=63,672 progress=84.5% api_total=75,333
2026-08-05 13:03:54,105 INFO src.collectors.openalex_collector: Fetched OpenAlex page page=3/377 progress=0.8% fetched=200 kept=200 skipped=0 next_cursor=yes
2026-08-05 13:03:54,109 INFO src.pipeline.kaggle_collect_openalex_sri_lanka: Saved Sri Lankan-affiliated work number=63,673 progress=84.5% api_total=75,333
2026-08-05 13:03:54,109 INFO src.pipeline.kaggle_collect_openalex_sri_lanka: Saved Sri Lankan-affiliated work number=63,674 progress=84.5% api_total=75,333
2026-08-05 13:03:54,109 INFO src.pipeline.kaggle_collect_openalex_sri_lanka: Saved Sri Lankan-affiliated work number=63,675 progress=84.5% api_total=75,333
2026-08-05 13:03:54,110 INFO src.pipeline.kaggle_collect_openalex_sri_lanka: Saved Sri Lankan-affiliated work number=63,676 progress=84.5% api_total=75,333
2026-08-05 13:03:54,110 INFO src.pipeline.kaggle_collect_openalex_sri_lanka: Saved Sri Lankan-affiliated work number=63,677 progress=84.5% api_total=75,333
2026-08-05 13:03:54,110 INFO src.pipeline.kaggle_collect_openalex_sri_lanka: Saved Sri Lankan-affiliated work number=63,678 progress=84.5% api_total=75,333
2026-08-05 13:03:54,110 INFO src.pipeline.kaggle_collect_openalex_sri_lanka: Saved Sri Lankan-affiliated work number=63,679 progress=84.5% api_total=75,333
2026-08-05 13:03:54,111 INFO src.pipeline.kaggle_collect_openalex_sri_lanka: Saved Sri Lankan-affiliated work number=63,680 progress=84.5% api_total=75,333
2026-08-05 13:03:54,111 INFO src.pipeline.kaggle_collect_openalex_sri_lanka: Saved Sri Lankan-affiliated work number=63,681 progress=84.5% api_total=75,333
2026-08-05 13:03:54,111 INFO src.pipeline.kaggle_collect_openalex_sri_lanka: Saved Sri Lankan-affiliated work number=63,682 progress=84.5% api_total=75,333
2026-08-05 13:03:54,112 INFO src.pipeline.kaggle_collect_openalex_sri_lanka: Saved Sri Lankan-affiliated work number=63,683 progress=84.5% api_total=75,333
2026-08-05 13:03:54,112 INFO src.pipeline.kaggle_collect_openalex_sri_lanka: Saved Sri Lankan-affiliated work number=63,684 progress=84.5% api_total=75,333
2026-08-05 13:03:54,112 INFO src.pipeline.kaggle_collect_openalex_sri_lanka: Saved Sri Lankan-affiliated work number=63,685 progress=84.5% api_total=75,333
2026-08-05 13:03:54,113 INFO src.pipeline.kaggle_collect_openalex_sri_lanka: Saved Sri Lankan-affiliated work number=63,686 progress=84.5% api_total=75,333
2026-08-05 13:03:54,113 INFO src.pipeline.kaggle_collect_openalex_sri_lanka: Saved Sri Lankan-affiliated work number=63,687 progress=84.5% api_total=75,333
2026-08-05 13:03:54,113 INFO src.pipeline.kaggle_collect_openalex_sri_lanka: Saved Sri Lankan-affiliated work number=63,688 progress=84.5% api_total=75,333
2026-08-05 13:03:54,113 INFO src.pipeline.kaggle_collect_openalex_sri_lanka: Saved Sri Lankan-affiliated work number=63,689 progress=84.5% api_total=75,333
2026-08-05 13:03:54,114 INFO src.pipeline.kaggle_collect_openalex_sri_lanka: Saved Sri Lankan-affiliated work number=63,690 progress=84.5% api_total=75,333
2026-08-05 13:03:54,114 INFO src.pipeline.kaggle_collect_openalex_sri_lanka: Saved Sri Lankan-affiliated work number=63,691 progress=84.5% api_total=75,333
2026-08-05 13:03:54,114 INFO src.pipeline.kaggle_collect_openalex_sri_lanka: Saved Sri Lankan-affiliated work number=63,692 progress=84.5% api_total=75,333
2026-08-05 13:03:54,115 INFO src.pipeline.kaggle_collect_openalex_sri_lanka: Saved Sri Lankan-affiliated work number=63,693 progress=84.5% api_total=75,333
2026-08-05 13:03:54,115 INFO src.pipeline.kaggle_collect_openalex_sri_lanka: Saved Sri Lankan-affiliated work number=63,694 progress=84.5% api_total=75,333
2026-08-05 13:03:54,115 INFO src.pipeline.kaggle_collect_openalex_sri_lanka: Saved Sri Lankan-affiliated work number=63,695 progress=84.6% api_total=75,333
2026-08-05 13:03:54,115 INFO src.pipeline.kaggle_collect_openalex_sri_lanka: Saved Sri Lankan-affiliated work number=63,696 progress=84.6% api_total=75,333
2026-08-05 13:03:54,116 INFO src.pipeline.kaggle_collect_openalex_sri_lanka: Saved Sri Lankan-affiliated work number=63,697 progress=84.6% api_total=75,333
2026-08-05 13:03:54,116 INFO src.pipeline.kaggle_collect_openalex_sri_lanka: Saved Sri Lankan-affiliated work number=63,698 progress=84.6% api_total=75,333
2026-08-05 13:03:54,116 INFO src.pipeline.kaggle_collect_openalex_sri_lanka: Saved Sri Lankan-affiliated work number=63,699 progress=84.6% api_total=75,333
2026-08-05 13:03:54,116 INFO src.pipeline.kaggle_collect_openalex_sri_lanka: Saved Sri Lankan-affiliated work number=63,700 progress=84.6% api_total=75,333
2026-08-05 13:03:54,117 INFO src.pipeline.kaggle_collect_openalex_sri_lanka: Saved Sri Lankan-affiliated work number=63,701 progress=84.6% api_total=75,333
2026-08-05 13:03:54,117 INFO src.pipeline.kaggle_collect_openalex_sri_lanka: Saved Sri Lankan-affiliated work number=63,702 progress=84.6% api_total=75,333
2026-08-05 13:03:54,118 INFO src.pipeline.kaggle_collect_openalex_sri_lanka: Saved Sri Lankan-affiliated work number=63,703 progress=84.6% api_total=75,333
2026-08-05 13:03:54,118 INFO src.pipeline.kaggle_collect_openalex_sri_lanka: Saved Sri Lankan-affiliated work number=63,704 progress=84.6% api_total=75,333
2026-08-05 13:03:54,118 INFO src.pipeline.kaggle_collect_openalex_sri_lanka: Saved Sri Lankan-affiliated work number=63,705 progress=84.6% api_total=75,333
2026-08-05 13:03:54,119 INFO src.pipeline.kaggle_collect_openalex_sri_lanka: Saved Sri Lankan-affiliated work number=63,706 progress=84.6% api_total=75,333
2026-08-05 13:03:54,119 INFO src.pipeline.kaggle_collect_openalex_sri_lanka: Saved Sri Lankan-affiliated work number=63,707 progress=84.6% api_total=75,333
2026-08-05 13:03:54,119 INFO src.pipeline.kaggle_collect_openalex_sri_lanka: Saved Sri Lankan-affiliated work number=63,708 progress=84.6% api_total=75,333
2026-08-05 13:03:54,120 INFO src.pipeline.kaggle_collect_openalex_sri_lanka: Saved Sri Lankan-affiliated work number=63,709 progress=84.6% api_total=75,333
2026-08-05 13:03:54,120 INFO src.pipeline.kaggle_collect_openalex_sri_lanka: Saved Sri Lankan-affiliated work number=63,710 progress=84.6% api_total=75,333
2026-08-05 13:03:54,121 INFO src.pipeline.kaggle_collect_openalex_sri_lanka: Saved Sri Lankan-affiliated work number=63,711 progress=84.6% api_total=75,333
2026-08-05 13:03:54,121 INFO src.pipeline.kaggle_collect_openalex_sri_lanka: Saved Sri Lankan-affiliated work number=63,712 progress=84.6% api_total=75,333
2026-08-05 13:03:54,121 INFO src.pipeline.kaggle_collect_openalex_sri_lanka: Saved Sri Lankan-affiliated work number=63,713 progress=84.6% api_total=75,333
2026-08-05 13:03:54,122 INFO src.pipeline.kaggle_collect_openalex_sri_lanka: Saved Sri Lankan-affiliated work number=63,714 progress=84.6% api_total=75,333
2026-08-05 13:03:54,122 INFO src.pipeline.kaggle_collect_openalex_sri_lanka: Saved Sri Lankan-affiliated work number=63,715 progress=84.6% api_total=75,333
2026-08-05 13:03:54,122 INFO src.pipeline.kaggle_collect_openalex_sri_lanka: Saved Sri Lankan-affiliated work number=63,716 progress=84.6% api_total=75,333
2026-08-05 13:03:54,122 INFO src.pipeline.kaggle_collect_openalex_sri_lanka: Saved Sri Lankan-affiliated work number=63,717 progress=84.6% api_total=75,333
2026-08-05 13:03:54,123 INFO src.pipeline.kaggle_collect_openalex_sri_lanka: Saved Sri Lankan-affiliated work number=63,718 progress=84.6% api_total=75,333
2026-08-05 13:03:54,123 INFO src.pipeline.kaggle_collect_openalex_sri_lanka: Saved Sri Lankan-affiliated work number=63,719 progress=84.6% api_total=75,333
2026-08-05 13:03:54,123 INFO src.pipeline.kaggle_collect_openalex_sri_lanka: Saved Sri Lankan-affiliated work number=63,720 progress=84.6% api_total=75,333
2026-08-05 13:03:54,124 INFO src.pipeline.kaggle_collect_openalex_sri_lanka: Saved Sri Lankan-affiliated work number=63,721 progress=84.6% api_total=75,333
2026-08-05 13:03:54,124 INFO src.pipeline.kaggle_collect_openalex_sri_lanka: Saved Sri Lankan-affiliated work number=63,722 progress=84.6% api_total=75,333
2026-08-05 13:03:54,124 INFO src.pipeline.kaggle_collect_openalex_sri_lanka: Saved Sri Lankan-affiliated work number=63,723 progress=84.6% api_total=75,333
2026-08-05 13:03:54,124 INFO src.pipeline.kaggle_collect_openalex_sri_lanka: Saved Sri Lankan-affiliated work number=63,724 progress=84.6% api_total=75,333
2026-08-05 13:03:54,125 INFO src.pipeline.kaggle_collect_openalex_sri_lanka: Saved Sri Lankan-affiliated work number=63,725 progress=84.6% api_total=75,333
2026-08-05 13:03:54,125 INFO src.pipeline.kaggle_collect_openalex_sri_lanka: Saved Sri Lankan-affiliated work number=63,726 progress=84.6% api_total=75,333
2026-08-05 13:03:54,125 INFO src.pipeline.kaggle_collect_openalex_sri_lanka: Saved Sri Lankan-affiliated work number=63,727 progress=84.6% api_total=75,333
2026-08-05 13:03:54,126 INFO src.pipeline.kaggle_collect_openalex_sri_lanka: Saved Sri Lankan-affiliated work number=63,728 progress=84.6% api_total=75,333
2026-08-05 13:03:54,126 INFO src.pipeline.kaggle_collect_openalex_sri_lanka: Saved Sri Lankan-affiliated work number=63,729 progress=84.6% api_total=75,333
2026-08-05 13:03:54,126 INFO src.pipeline.kaggle_collect_openalex_sri_lanka: Saved Sri Lankan-affiliated work number=63,730 progress=84.6% api_total=75,333
2026-08-05 13:03:54,127 INFO src.pipeline.kaggle_collect_openalex_sri_lanka: Saved Sri Lankan-affiliated work number=63,731 progress=84.6% api_total=75,333
2026-08-05 13:03:54,127 INFO src.pipeline.kaggle_collect_openalex_sri_lanka: Saved Sri Lankan-affiliated work number=63,732 progress=84.6% api_total=75,333
2026-08-05 13:03:54,128 INFO src.pipeline.kaggle_collect_openalex_sri_lanka: Saved Sri Lankan-affiliated work number=63,733 progress=84.6% api_total=75,333
2026-08-05 13:03:54,128 INFO src.pipeline.kaggle_collect_openalex_sri_lanka: Saved Sri Lankan-affiliated work number=63,734 progress=84.6% api_total=75,333
2026-08-05 13:03:54,128 INFO src.pipeline.kaggle_collect_openalex_sri_lanka: Saved Sri Lankan-affiliated work number=63,735 progress=84.6% api_total=75,333
2026-08-05 13:03:54,128 INFO src.pipeline.kaggle_collect_openalex_sri_lanka: Saved Sri Lankan-affiliated work number=63,736 progress=84.6% api_total=75,333
2026-08-05 13:03:54,129 INFO src.pipeline.kaggle_collect_openalex_sri_lanka: Saved Sri Lankan-affiliated work number=63,737 progress=84.6% api_total=75,333
2026-08-05 13:03:54,129 INFO src.pipeline.kaggle_collect_openalex_sri_lanka: Saved Sri Lankan-affiliated work number=63,738 progress=84.6% api_total=75,333
2026-08-05 13:03:54,129 INFO src.pipeline.kaggle_collect_openalex_sri_lanka: Saved Sri Lankan-affiliated work number=63,739 progress=84.6% api_total=75,333
2026-08-05 13:03:54,130 INFO src.pipeline.kaggle_collect_openalex_sri_lanka: Saved Sri Lankan-affiliated work number=63,740 progress=84.6% api_total=75,333
2026-08-05 13:03:54,130 INFO src.pipeline.kaggle_collect_openalex_sri_lanka: Saved Sri Lankan-affiliated work number=63,741 progress=84.6% api_total=75,333
2026-08-05 13:03:54,130 INFO src.pipeline.kaggle_collect_openalex_sri_lanka: Saved Sri Lankan-affiliated work number=63,742 progress=84.6% api_total=75,333
2026-08-05 13:03:54,131 INFO src.pipeline.kaggle_collect_openalex_sri_lanka: Saved Sri Lankan-affiliated work number=63,743 progress=84.6% api_total=75,333
2026-08-05 13:03:54,131 INFO src.pipeline.kaggle_collect_openalex_sri_lanka: Saved Sri Lankan-affiliated work number=63,744 progress=84.6% api_total=75,333
2026-08-05 13:03:54,131 INFO src.pipeline.kaggle_collect_openalex_sri_lanka: Saved Sri Lankan-affiliated work number=63,745 progress=84.6% api_total=75,333
2026-08-05 13:03:54,132 INFO src.pipeline.kaggle_collect_openalex_sri_lanka: Saved Sri Lankan-affiliated work number=63,746 progress=84.6% api_total=75,333
2026-08-05 13:03:54,132 INFO src.pipeline.kaggle_collect_openalex_sri_lanka: Saved Sri Lankan-affiliated work number=63,747 progress=84.6% api_total=75,333
2026-08-05 13:03:54,132 INFO src.pipeline.kaggle_collect_openalex_sri_lanka: Saved Sri Lankan-affiliated work number=63,748 progress=84.6% api_total=75,333
2026-08-05 13:03:54,133 INFO src.pipeline.kaggle_collect_openalex_sri_lanka: Saved Sri Lankan-affiliated work number=63,749 progress=84.6% api_total=75,333
2026-08-05 13:03:54,133 INFO src.pipeline.kaggle_collect_openalex_sri_lanka: Saved Sri Lankan-affiliated work number=63,750 progress=84.6% api_total=75,333
2026-08-05 13:03:54,133 INFO src.pipeline.kaggle_collect_openalex_sri_lanka: Saved Sri Lankan-affiliated work number=63,751 progress=84.6% api_total=75,333
2026-08-05 13:03:54,134 INFO src.pipeline.kaggle_collect_openalex_sri_lanka: Saved Sri Lankan-affiliated work number=63,752 progress=84.6% api_total=75,333
2026-08-05 13:03:54,134 INFO src.pipeline.kaggle_collect_openalex_sri_lanka: Saved Sri Lankan-affiliated work number=63,753 progress=84.6% api_total=75,333
2026-08-05 13:03:54,134 INFO src.pipeline.kaggle_collect_openalex_sri_lanka: Saved Sri Lankan-affiliated work number=63,754 progress=84.6% api_total=75,333
2026-08-05 13:03:54,134 INFO src.pipeline.kaggle_collect_openalex_sri_lanka: Saved Sri Lankan-affiliated work number=63,755 progress=84.6% api_total=75,333
2026-08-05 13:03:54,135 INFO src.pipeline.kaggle_collect_openalex_sri_lanka: Saved Sri Lankan-affiliated work number=63,756 progress=84.6% api_total=75,333
2026-08-05 13:03:54,135 INFO src.pipeline.kaggle_collect_openalex_sri_lanka: Saved Sri Lankan-affiliated work number=63,757 progress=84.6% api_total=75,333
2026-08-05 13:03:54,135 INFO src.pipeline.kaggle_collect_openalex_sri_lanka: Saved Sri Lankan-affiliated work number=63,758 progress=84.6% api_total=75,333
2026-08-05 13:03:54,136 INFO src.pipeline.kaggle_collect_openalex_sri_lanka: Saved Sri Lankan-affiliated work number=63,759 progress=84.6% api_total=75,333
2026-08-05 13:03:54,136 INFO src.pipeline.kaggle_collect_openalex_sri_lanka: Saved Sri Lankan-affiliated work number=63,760 progress=84.6% api_total=75,333
2026-08-05 13:03:54,136 INFO src.pipeline.kaggle_collect_openalex_sri_lanka: Saved Sri Lankan-affiliated work number=63,761 progress=84.6% api_total=75,333
2026-08-05 13:03:54,136 INFO src.pipeline.kaggle_collect_openalex_sri_lanka: Saved Sri Lankan-affiliated work number=63,762 progress=84.6% api_total=75,333
2026-08-05 13:03:54,137 INFO src.pipeline.kaggle_collect_openalex_sri_lanka: Saved Sri Lankan-affiliated work number=63,763 progress=84.6% api_total=75,333
2026-08-05 13:03:54,137 INFO src.pipeline.kaggle_collect_openalex_sri_lanka: Saved Sri Lankan-affiliated work number=63,764 progress=84.6% api_total=75,333
2026-08-05 13:03:54,137 INFO src.pipeline.kaggle_collect_openalex_sri_lanka: Saved Sri Lankan-affiliated work number=63,765 progress=84.6% api_total=75,333
2026-08-05 13:03:54,137 INFO src.pipeline.kaggle_collect_openalex_sri_lanka: Saved Sri Lankan-affiliated work number=63,766 progress=84.6% api_total=75,333
2026-08-05 13:03:54,138 INFO src.pipeline.kaggle_collect_openalex_sri_lanka: Saved Sri Lankan-affiliated work number=63,767 progress=84.6% api_total=75,333
2026-08-05 13:03:54,138 INFO src.pipeline.kaggle_collect_openalex_sri_lanka: Saved Sri Lankan-affiliated work number=63,768 progress=84.6% api_total=75,333
2026-08-05 13:03:54,138 INFO src.pipeline.kaggle_collect_openalex_sri_lanka: Saved Sri Lankan-affiliated work number=63,769 progress=84.6% api_total=75,333
2026-08-05 13:03:54,138 INFO src.pipeline.kaggle_collect_openalex_sri_lanka: Saved Sri Lankan-affiliated work number=63,770 progress=84.7% api_total=75,333
2026-08-05 13:03:54,139 INFO src.pipeline.kaggle_collect_openalex_sri_lanka: Saved Sri Lankan-affiliated work number=63,771 progress=84.7% api_total=75,333
2026-08-05 13:03:54,139 INFO src.pipeline.kaggle_collect_openalex_sri_lanka: Saved Sri Lankan-affiliated work number=63,772 progress=84.7% api_total=75,333
2026-08-05 13:03:54,139 INFO src.pipeline.kaggle_collect_openalex_sri_lanka: Saved Sri Lankan-affiliated work number=63,773 progress=84.7% api_total=75,333
2026-08-05 13:03:54,139 INFO src.pipeline.kaggle_collect_openalex_sri_lanka: Saved Sri Lankan-affiliated work number=63,774 progress=84.7% api_total=75,333
2026-08-05 13:03:54,140 INFO src.pipeline.kaggle_collect_openalex_sri_lanka: Saved Sri Lankan-affiliated work number=63,775 progress=84.7% api_total=75,333
2026-08-05 13:03:54,140 INFO src.pipeline.kaggle_collect_openalex_sri_lanka: Saved Sri Lankan-affiliated work number=63,776 progress=84.7% api_total=75,333
2026-08-05 13:03:54,140 INFO src.pipeline.kaggle_collect_openalex_sri_lanka: Saved Sri Lankan-affiliated work number=63,777 progress=84.7% api_total=75,333
2026-08-05 13:03:54,141 INFO src.pipeline.kaggle_collect_openalex_sri_lanka: Saved Sri Lankan-affiliated work number=63,778 progress=84.7% api_total=75,333
2026-08-05 13:03:54,141 INFO src.pipeline.kaggle_collect_openalex_sri_lanka: Saved Sri Lankan-affiliated work number=63,779 progress=84.7% api_total=75,333
2026-08-05 13:03:54,141 INFO src.pipeline.kaggle_collect_openalex_sri_lanka: Saved Sri Lankan-affiliated work number=63,780 progress=84.7% api_total=75,333
2026-08-05 13:03:54,142 INFO src.pipeline.kaggle_collect_openalex_sri_lanka: Saved Sri Lankan-affiliated work number=63,781 progress=84.7% api_total=75,333
2026-08-05 13:03:54,142 INFO src.pipeline.kaggle_collect_openalex_sri_lanka: Saved Sri Lankan-affiliated work number=63,782 progress=84.7% api_total=75,333
2026-08-05 13:03:54,142 INFO src.pipeline.kaggle_collect_openalex_sri_lanka: Saved Sri Lankan-affiliated work number=63,783 progress=84.7% api_total=75,333
2026-08-05 13:03:54,142 INFO src.pipeline.kaggle_collect_openalex_sri_lanka: Saved Sri Lankan-affiliated work number=63,784 progress=84.7% api_total=75,333
2026-08-05 13:03:54,143 INFO src.pipeline.kaggle_collect_openalex_sri_lanka: Saved Sri Lankan-affiliated work number=63,785 progress=84.7% api_total=75,333
2026-08-05 13:03:54,143 INFO src.pipeline.kaggle_collect_openalex_sri_lanka: Saved Sri Lankan-affiliated work number=63,786 progress=84.7% api_total=75,333
2026-08-05 13:03:54,143 INFO src.pipeline.kaggle_collect_openalex_sri_lanka: Saved Sri Lankan-affiliated work number=63,787 progress=84.7% api_total=75,333
2026-08-05 13:03:54,143 INFO src.pipeline.kaggle_collect_openalex_sri_lanka: Saved Sri Lankan-affiliated work number=63,788 progress=84.7% api_total=75,333
2026-08-05 13:03:54,144 INFO src.pipeline.kaggle_collect_openalex_sri_lanka: Saved Sri Lankan-affiliated work number=63,789 progress=84.7% api_total=75,333
2026-08-05 13:03:54,144 INFO src.pipeline.kaggle_collect_openalex_sri_lanka: Saved Sri Lankan-affiliated work number=63,790 progress=84.7% api_total=75,333
2026-08-05 13:03:54,144 INFO src.pipeline.kaggle_collect_openalex_sri_lanka: Saved Sri Lankan-affiliated work number=63,791 progress=84.7% api_total=75,333
2026-08-05 13:03:54,145 INFO src.pipeline.kaggle_collect_openalex_sri_lanka: Saved Sri Lankan-affiliated work number=63,792 progress=84.7% api_total=75,333
2026-08-05 13:03:54,145 INFO src.pipeline.kaggle_collect_openalex_sri_lanka: Saved Sri Lankan-affiliated work number=63,793 progress=84.7% api_total=75,333
2026-08-05 13:03:54,145 INFO src.pipeline.kaggle_collect_openalex_sri_lanka: Saved Sri Lankan-affiliated work number=63,794 progress=84.7% api_total=75,333
2026-08-05 13:03:54,145 INFO src.pipeline.kaggle_collect_openalex_sri_lanka: Saved Sri Lankan-affiliated work number=63,795 progress=84.7% api_total=75,333
2026-08-05 13:03:54,146 INFO src.pipeline.kaggle_collect_openalex_sri_lanka: Saved Sri Lankan-affiliated work number=63,796 progress=84.7% api_total=75,333
2026-08-05 13:03:54,146 INFO src.pipeline.kaggle_collect_openalex_sri_lanka: Saved Sri Lankan-affiliated work number=63,797 progress=84.7% api_total=75,333
2026-08-05 13:03:54,146 INFO src.pipeline.kaggle_collect_openalex_sri_lanka: Saved Sri Lankan-affiliated work number=63,798 progress=84.7% api_total=75,333
2026-08-05 13:03:54,146 INFO src.pipeline.kaggle_collect_openalex_sri_lanka: Saved Sri Lankan-affiliated work number=63,799 progress=84.7% api_total=75,333
2026-08-05 13:03:54,147 INFO src.pipeline.kaggle_collect_openalex_sri_lanka: Saved Sri Lankan-affiliated work number=63,800 progress=84.7% api_total=75,333
2026-08-05 13:03:54,147 INFO src.pipeline.kaggle_collect_openalex_sri_lanka: Saved Sri Lankan-affiliated work number=63,801 progress=84.7% api_total=75,333
2026-08-05 13:03:54,147 INFO src.pipeline.kaggle_collect_openalex_sri_lanka: Saved Sri Lankan-affiliated work number=63,802 progress=84.7% api_total=75,333
2026-08-05 13:03:54,147 INFO src.pipeline.kaggle_collect_openalex_sri_lanka: Saved Sri Lankan-affiliated work number=63,803 progress=84.7% api_total=75,333
2026-08-05 13:03:54,148 INFO src.pipeline.kaggle_collect_openalex_sri_lanka: Saved Sri Lankan-affiliated work number=63,804 progress=84.7% api_total=75,333
2026-08-05 13:03:54,148 INFO src.pipeline.kaggle_collect_openalex_sri_lanka: Saved Sri Lankan-affiliated work number=63,805 progress=84.7% api_total=75,333
2026-08-05 13:03:54,148 INFO src.pipeline.kaggle_collect_openalex_sri_lanka: Saved Sri Lankan-affiliated work number=63,806 progress=84.7% api_total=75,333
2026-08-05 13:03:54,149 INFO src.pipeline.kaggle_collect_openalex_sri_lanka: Saved Sri Lankan-affiliated work number=63,807 progress=84.7% api_total=75,333
2026-08-05 13:03:54,149 INFO src.pipeline.kaggle_collect_openalex_sri_lanka: Saved Sri Lankan-affiliated work number=63,808 progress=84.7% api_total=75,333
2026-08-05 13:03:54,149 INFO src.pipeline.kaggle_collect_openalex_sri_lanka: Saved Sri Lankan-affiliated work number=63,809 progress=84.7% api_total=75,333
2026-08-05 13:03:54,149 INFO src.pipeline.kaggle_collect_openalex_sri_lanka: Saved Sri Lankan-affiliated work number=63,810 progress=84.7% api_total=75,333
2026-08-05 13:03:54,150 INFO src.pipeline.kaggle_collect_openalex_sri_lanka: Saved Sri Lankan-affiliated work number=63,811 progress=84.7% api_total=75,333
2026-08-05 13:03:54,150 INFO src.pipeline.kaggle_collect_openalex_sri_lanka: Saved Sri Lankan-affiliated work number=63,812 progress=84.7% api_total=75,333
2026-08-05 13:03:54,150 INFO src.pipeline.kaggle_collect_openalex_sri_lanka: Saved Sri Lankan-affiliated work number=63,813 progress=84.7% api_total=75,333
2026-08-05 13:03:54,151 INFO src.pipeline.kaggle_collect_openalex_sri_lanka: Saved Sri Lankan-affiliated work number=63,814 progress=84.7% api_total=75,333
2026-08-05 13:03:54,151 INFO src.pipeline.kaggle_collect_openalex_sri_lanka: Saved Sri Lankan-affiliated work number=63,815 progress=84.7% api_total=75,333
2026-08-05 13:03:54,151 INFO src.pipeline.kaggle_collect_openalex_sri_lanka: Saved Sri Lankan-affiliated work number=63,816 progress=84.7% api_total=75,333
2026-08-05 13:03:54,152 INFO src.pipeline.kaggle_collect_openalex_sri_lanka: Saved Sri Lankan-affiliated work number=63,817 progress=84.7% api_total=75,333
2026-08-05 13:03:54,152 INFO src.pipeline.kaggle_collect_openalex_sri_lanka: Saved Sri Lankan-affiliated work number=63,818 progress=84.7% api_total=75,333
2026-08-05 13:03:54,152 INFO src.pipeline.kaggle_collect_openalex_sri_lanka: Saved Sri Lankan-affiliated work number=63,819 progress=84.7% api_total=75,333
2026-08-05 13:03:54,153 INFO src.pipeline.kaggle_collect_openalex_sri_lanka: Saved Sri Lankan-affiliated work number=63,820 progress=84.7% api_total=75,333
2026-08-05 13:03:54,153 INFO src.pipeline.kaggle_collect_openalex_sri_lanka: Saved Sri Lankan-affiliated work number=63,821 progress=84.7% api_total=75,333
2026-08-05 13:03:54,153 INFO src.pipeline.kaggle_collect_openalex_sri_lanka: Saved Sri Lankan-affiliated work number=63,822 progress=84.7% api_total=75,333
2026-08-05 13:03:54,153 INFO src.pipeline.kaggle_collect_openalex_sri_lanka: Saved Sri Lankan-affiliated work number=63,823 progress=84.7% api_total=75,333
2026-08-05 13:03:54,154 INFO src.pipeline.kaggle_collect_openalex_sri_lanka: Saved Sri Lankan-affiliated work number=63,824 progress=84.7% api_total=75,333
2026-08-05 13:03:54,154 INFO src.pipeline.kaggle_collect_openalex_sri_lanka: Saved Sri Lankan-affiliated work number=63,825 progress=84.7% api_total=75,333
2026-08-05 13:03:54,154 INFO src.pipeline.kaggle_collect_openalex_sri_lanka: Saved Sri Lankan-affiliated work number=63,826 progress=84.7% api_total=75,333
2026-08-05 13:03:54,154 INFO src.pipeline.kaggle_collect_openalex_sri_lanka: Saved Sri Lankan-affiliated work number=63,827 progress=84.7% api_total=75,333
2026-08-05 13:03:54,155 INFO src.pipeline.kaggle_collect_openalex_sri_lanka: Saved Sri Lankan-affiliated work number=63,828 progress=84.7% api_total=75,333
2026-08-05 13:03:54,155 INFO src.pipeline.kaggle_collect_openalex_sri_lanka: Saved Sri Lankan-affiliated work number=63,829 progress=84.7% api_total=75,333
2026-08-05 13:03:54,155 INFO src.pipeline.kaggle_collect_openalex_sri_lanka: Saved Sri Lankan-affiliated work number=63,830 progress=84.7% api_total=75,333
2026-08-05 13:03:54,156 INFO src.pipeline.kaggle_collect_openalex_sri_lanka: Saved Sri Lankan-affiliated work number=63,831 progress=84.7% api_total=75,333
2026-08-05 13:03:54,156 INFO src.pipeline.kaggle_collect_openalex_sri_lanka: Saved Sri Lankan-affiliated work number=63,832 progress=84.7% api_total=75,333
2026-08-05 13:03:54,156 INFO src.pipeline.kaggle_collect_openalex_sri_lanka: Saved Sri Lankan-affiliated work number=63,833 progress=84.7% api_total=75,333
2026-08-05 13:03:54,157 INFO src.pipeline.kaggle_collect_openalex_sri_lanka: Saved Sri Lankan-affiliated work number=63,834 progress=84.7% api_total=75,333
2026-08-05 13:03:54,157 INFO src.pipeline.kaggle_collect_openalex_sri_lanka: Saved Sri Lankan-affiliated work number=63,835 progress=84.7% api_total=75,333
2026-08-05 13:03:54,157 INFO src.pipeline.kaggle_collect_openalex_sri_lanka: Saved Sri Lankan-affiliated work number=63,836 progress=84.7% api_total=75,333
2026-08-05 13:03:54,157 INFO src.pipeline.kaggle_collect_openalex_sri_lanka: Saved Sri Lankan-affiliated work number=63,837 progress=84.7% api_total=75,333
2026-08-05 13:03:54,158 INFO src.pipeline.kaggle_collect_openalex_sri_lanka: Saved Sri Lankan-affiliated work number=63,838 progress=84.7% api_total=75,333
2026-08-05 13:03:54,158 INFO src.pipeline.kaggle_collect_openalex_sri_lanka: Saved Sri Lankan-affiliated work number=63,839 progress=84.7% api_total=75,333
2026-08-05 13:03:54,158 INFO src.pipeline.kaggle_collect_openalex_sri_lanka: Saved Sri Lankan-affiliated work number=63,840 progress=84.7% api_total=75,333
2026-08-05 13:03:54,159 INFO src.pipeline.kaggle_collect_openalex_sri_lanka: Saved Sri Lankan-affiliated work number=63,841 progress=84.7% api_total=75,333
2026-08-05 13:03:54,159 INFO src.pipeline.kaggle_collect_openalex_sri_lanka: Saved Sri Lankan-affiliated work number=63,842 progress=84.7% api_total=75,333
2026-08-05 13:03:54,159 INFO src.pipeline.kaggle_collect_openalex_sri_lanka: Saved Sri Lankan-affiliated work number=63,843 progress=84.7% api_total=75,333
2026-08-05 13:03:54,159 INFO src.pipeline.kaggle_collect_openalex_sri_lanka: Saved Sri Lankan-affiliated work number=63,844 progress=84.7% api_total=75,333
2026-08-05 13:03:54,160 INFO src.pipeline.kaggle_collect_openalex_sri_lanka: Saved Sri Lankan-affiliated work number=63,845 progress=84.8% api_total=75,333
2026-08-05 13:03:54,160 INFO src.pipeline.kaggle_collect_openalex_sri_lanka: Saved Sri Lankan-affiliated work number=63,846 progress=84.8% api_total=75,333
2026-08-05 13:03:54,160 INFO src.pipeline.kaggle_collect_openalex_sri_lanka: Saved Sri Lankan-affiliated work number=63,847 progress=84.8% api_total=75,333
2026-08-05 13:03:54,161 INFO src.pipeline.kaggle_collect_openalex_sri_lanka: Saved Sri Lankan-affiliated work number=63,848 progress=84.8% api_total=75,333
2026-08-05 13:03:54,161 INFO src.pipeline.kaggle_collect_openalex_sri_lanka: Saved Sri Lankan-affiliated work number=63,849 progress=84.8% api_total=75,333
2026-08-05 13:03:54,161 INFO src.pipeline.kaggle_collect_openalex_sri_lanka: Saved Sri Lankan-affiliated work number=63,850 progress=84.8% api_total=75,333
2026-08-05 13:03:54,161 INFO src.pipeline.kaggle_collect_openalex_sri_lanka: Saved Sri Lankan-affiliated work number=63,851 progress=84.8% api_total=75,333
2026-08-05 13:03:54,162 INFO src.pipeline.kaggle_collect_openalex_sri_lanka: Saved Sri Lankan-affiliated work number=63,852 progress=84.8% api_total=75,333
2026-08-05 13:03:54,162 INFO src.pipeline.kaggle_collect_openalex_sri_lanka: Saved Sri Lankan-affiliated work number=63,853 progress=84.8% api_total=75,333
2026-08-05 13:03:54,162 INFO src.pipeline.kaggle_collect_openalex_sri_lanka: Saved Sri Lankan-affiliated work number=63,854 progress=84.8% api_total=75,333
2026-08-05 13:03:54,163 INFO src.pipeline.kaggle_collect_openalex_sri_lanka: Saved Sri Lankan-affiliated work number=63,855 progress=84.8% api_total=75,333
2026-08-05 13:03:54,163 INFO src.pipeline.kaggle_collect_openalex_sri_lanka: Saved Sri Lankan-affiliated work number=63,856 progress=84.8% api_total=75,333
2026-08-05 13:03:54,163 INFO src.pipeline.kaggle_collect_openalex_sri_lanka: Saved Sri Lankan-affiliated work number=63,857 progress=84.8% api_total=75,333
2026-08-05 13:03:54,164 INFO src.pipeline.kaggle_collect_openalex_sri_lanka: Saved Sri Lankan-affiliated work number=63,858 progress=84.8% api_total=75,333
2026-08-05 13:03:54,164 INFO src.pipeline.kaggle_collect_openalex_sri_lanka: Saved Sri Lankan-affiliated work number=63,859 progress=84.8% api_total=75,333
2026-08-05 13:03:54,164 INFO src.pipeline.kaggle_collect_openalex_sri_lanka: Saved Sri Lankan-affiliated work number=63,860 progress=84.8% api_total=75,333
2026-08-05 13:03:54,164 INFO src.pipeline.kaggle_collect_openalex_sri_lanka: Saved Sri Lankan-affiliated work number=63,861 progress=84.8% api_total=75,333
2026-08-05 13:03:54,165 INFO src.pipeline.kaggle_collect_openalex_sri_lanka: Saved Sri Lankan-affiliated work number=63,862 progress=84.8% api_total=75,333
2026-08-05 13:03:54,165 INFO src.pipeline.kaggle_collect_openalex_sri_lanka: Saved Sri Lankan-affiliated work number=63,863 progress=84.8% api_total=75,333
2026-08-05 13:03:54,165 INFO src.pipeline.kaggle_collect_openalex_sri_lanka: Saved Sri Lankan-affiliated work number=63,864 progress=84.8% api_total=75,333
2026-08-05 13:03:54,166 INFO src.pipeline.kaggle_collect_openalex_sri_lanka: Saved Sri Lankan-affiliated work number=63,865 progress=84.8% api_total=75,333
2026-08-05 13:03:54,166 INFO src.pipeline.kaggle_collect_openalex_sri_lanka: Saved Sri Lankan-affiliated work number=63,866 progress=84.8% api_total=75,333
2026-08-05 13:03:54,166 INFO src.pipeline.kaggle_collect_openalex_sri_lanka: Saved Sri Lankan-affiliated work number=63,867 progress=84.8% api_total=75,333
2026-08-05 13:03:54,166 INFO src.pipeline.kaggle_collect_openalex_sri_lanka: Saved Sri Lankan-affiliated work number=63,868 progress=84.8% api_total=75,333
2026-08-05 13:03:54,167 INFO src.pipeline.kaggle_collect_openalex_sri_lanka: Saved Sri Lankan-affiliated work number=63,869 progress=84.8% api_total=75,333
2026-08-05 13:03:54,167 INFO src.pipeline.kaggle_collect_openalex_sri_lanka: Saved Sri Lankan-affiliated work number=63,870 progress=84.8% api_total=75,333
2026-08-05 13:03:54,167 INFO src.pipeline.kaggle_collect_openalex_sri_lanka: Saved Sri Lankan-affiliated work number=63,871 progress=84.8% api_total=75,333
2026-08-05 13:03:54,167 INFO src.pipeline.kaggle_collect_openalex_sri_lanka: Saved Sri Lankan-affiliated work number=63,872 progress=84.8% api_total=75,333
2026-08-05 13:04:16,098 INFO src.collectors.openalex_collector: Fetched OpenAlex page page=4/377 progress=1.1% fetched=200 kept=200 skipped=0 next_cursor=yes
2026-08-05 13:04:16,102 INFO src.pipeline.kaggle_collect_openalex_sri_lanka: Saved Sri Lankan-affiliated work number=63,873 progress=84.8% api_total=75,333
2026-08-05 13:04:16,102 INFO src.pipeline.kaggle_collect_openalex_sri_lanka: Saved Sri Lankan-affiliated work number=63,874 progress=84.8% api_total=75,333
2026-08-05 13:04:16,103 INFO src.pipeline.kaggle_collect_openalex_sri_lanka: Saved Sri Lankan-affiliated work number=63,875 progress=84.8% api_total=75,333
2026-08-05 13:04:16,103 INFO src.pipeline.kaggle_collect_openalex_sri_lanka: Saved Sri Lankan-affiliated work number=63,876 progress=84.8% api_total=75,333
2026-08-05 13:04:16,103 INFO src.pipeline.kaggle_collect_openalex_sri_lanka: Saved Sri Lankan-affiliated work number=63,877 progress=84.8% api_total=75,333
2026-08-05 13:04:16,103 INFO src.pipeline.kaggle_collect_openalex_sri_lanka: Saved Sri Lankan-affiliated work number=63,878 progress=84.8% api_total=75,333
2026-08-05 13:04:16,104 INFO src.pipeline.kaggle_collect_openalex_sri_lanka: Saved Sri Lankan-affiliated work number=63,879 progress=84.8% api_total=75,333
2026-08-05 13:04:16,104 INFO src.pipeline.kaggle_collect_openalex_sri_lanka: Saved Sri Lankan-affiliated work number=63,880 progress=84.8% api_total=75,333
2026-08-05 13:04:16,104 INFO src.pipeline.kaggle_collect_openalex_sri_lanka: Saved Sri Lankan-affiliated work number=63,881 progress=84.8% api_total=75,333
2026-08-05 13:04:16,104 INFO src.pipeline.kaggle_collect_openalex_sri_lanka: Saved Sri Lankan-affiliated work number=63,882 progress=84.8% api_total=75,333
2026-08-05 13:04:16,105 INFO src.pipeline.kaggle_collect_openalex_sri_lanka: Saved Sri Lankan-affiliated work number=63,883 progress=84.8% api_total=75,333
2026-08-05 13:04:16,105 INFO src.pipeline.kaggle_collect_openalex_sri_lanka: Saved Sri Lankan-affiliated work number=63,884 progress=84.8% api_total=75,333
2026-08-05 13:04:16,105 INFO src.pipeline.kaggle_collect_openalex_sri_lanka: Saved Sri Lankan-affiliated work number=63,885 progress=84.8% api_total=75,333
2026-08-05 13:04:16,105 INFO src.pipeline.kaggle_collect_openalex_sri_lanka: Saved Sri Lankan-affiliated work number=63,886 progress=84.8% api_total=75,333
2026-08-05 13:04:16,106 INFO src.pipeline.kaggle_collect_openalex_sri_lanka: Saved Sri Lankan-affiliated work number=63,887 progress=84.8% api_total=75,333
2026-08-05 13:04:16,106 INFO src.pipeline.kaggle_collect_openalex_sri_lanka: Saved Sri Lankan-affiliated work number=63,888 progress=84.8% api_total=75,333
2026-08-05 13:04:16,106 INFO src.pipeline.kaggle_collect_openalex_sri_lanka: Saved Sri Lankan-affiliated work number=63,889 progress=84.8% api_total=75,333
2026-08-05 13:04:16,106 INFO src.pipeline.kaggle_collect_openalex_sri_lanka: Saved Sri Lankan-affiliated work number=63,890 progress=84.8% api_total=75,333
2026-08-05 13:04:16,107 INFO src.pipeline.kaggle_collect_openalex_sri_lanka: Saved Sri Lankan-affiliated work number=63,891 progress=84.8% api_total=75,333
2026-08-05 13:04:16,107 INFO src.pipeline.kaggle_collect_openalex_sri_lanka: Saved Sri Lankan-affiliated work number=63,892 progress=84.8% api_total=75,333
2026-08-05 13:04:16,107 INFO src.pipeline.kaggle_collect_openalex_sri_lanka: Saved Sri Lankan-affiliated work number=63,893 progress=84.8% api_total=75,333
2026-08-05 13:04:16,107 INFO src.pipeline.kaggle_collect_openalex_sri_lanka: Saved Sri Lankan-affiliated work number=63,894 progress=84.8% api_total=75,333
2026-08-05 13:04:16,108 INFO src.pipeline.kaggle_collect_openalex_sri_lanka: Saved Sri Lankan-affiliated work number=63,895 progress=84.8% api_total=75,333
2026-08-05 13:04:16,108 INFO src.pipeline.kaggle_collect_openalex_sri_lanka: Saved Sri Lankan-affiliated work number=63,896 progress=84.8% api_total=75,333
2026-08-05 13:04:16,108 INFO src.pipeline.kaggle_collect_openalex_sri_lanka: Saved Sri Lankan-affiliated work number=63,897 progress=84.8% api_total=75,333
2026-08-05 13:04:16,109 INFO src.pipeline.kaggle_collect_openalex_sri_lanka: Saved Sri Lankan-affiliated work number=63,898 progress=84.8% api_total=75,333
2026-08-05 13:04:16,109 INFO src.pipeline.kaggle_collect_openalex_sri_lanka: Saved Sri Lankan-affiliated work number=63,899 progress=84.8% api_total=75,333
2026-08-05 13:04:16,109 INFO src.pipeline.kaggle_collect_openalex_sri_lanka: Saved Sri Lankan-affiliated work number=63,900 progress=84.8% api_total=75,333
2026-08-05 13:04:16,109 INFO src.pipeline.kaggle_collect_openalex_sri_lanka: Saved Sri Lankan-affiliated work number=63,901 progress=84.8% api_total=75,333
2026-08-05 13:04:16,110 INFO src.pipeline.kaggle_collect_openalex_sri_lanka: Saved Sri Lankan-affiliated work number=63,902 progress=84.8% api_total=75,333
2026-08-05 13:04:16,110 INFO src.pipeline.kaggle_collect_openalex_sri_lanka: Saved Sri Lankan-affiliated work number=63,903 progress=84.8% api_total=75,333
2026-08-05 13:04:16,110 INFO src.pipeline.kaggle_collect_openalex_sri_lanka: Saved Sri Lankan-affiliated work number=63,904 progress=84.8% api_total=75,333
2026-08-05 13:04:16,111 INFO src.pipeline.kaggle_collect_openalex_sri_lanka: Saved Sri Lankan-affiliated work number=63,905 progress=84.8% api_total=75,333
2026-08-05 13:04:16,111 INFO src.pipeline.kaggle_collect_openalex_sri_lanka: Saved Sri Lankan-affiliated work number=63,906 progress=84.8% api_total=75,333
2026-08-05 13:04:16,112 INFO src.pipeline.kaggle_collect_openalex_sri_lanka: Saved Sri Lankan-affiliated work number=63,907 progress=84.8% api_total=75,333
2026-08-05 13:04:16,112 INFO src.pipeline.kaggle_collect_openalex_sri_lanka: Saved Sri Lankan-affiliated work number=63,908 progress=84.8% api_total=75,333
2026-08-05 13:04:16,112 INFO src.pipeline.kaggle_collect_openalex_sri_lanka: Saved Sri Lankan-affiliated work number=63,909 progress=84.8% api_total=75,333
2026-08-05 13:04:16,112 INFO src.pipeline.kaggle_collect_openalex_sri_lanka: Saved Sri Lankan-affiliated work number=63,910 progress=84.8% api_total=75,333
2026-08-05 13:04:16,113 INFO src.pipeline.kaggle_collect_openalex_sri_lanka: Saved Sri Lankan-affiliated work number=63,911 progress=84.8% api_total=75,333
2026-08-05 13:04:16,113 INFO src.pipeline.kaggle_collect_openalex_sri_lanka: Saved Sri Lankan-affiliated work number=63,912 progress=84.8% api_total=75,333
2026-08-05 13:04:16,113 INFO src.pipeline.kaggle_collect_openalex_sri_lanka: Saved Sri Lankan-affiliated work number=63,913 progress=84.8% api_total=75,333
2026-08-05 13:04:16,114 INFO src.pipeline.kaggle_collect_openalex_sri_lanka: Saved Sri Lankan-affiliated work number=63,914 progress=84.8% api_total=75,333
2026-08-05 13:04:16,114 INFO src.pipeline.kaggle_collect_openalex_sri_lanka: Saved Sri Lankan-affiliated work number=63,915 progress=84.8% api_total=75,333
2026-08-05 13:04:16,115 INFO src.pipeline.kaggle_collect_openalex_sri_lanka: Saved Sri Lankan-affiliated work number=63,916 progress=84.8% api_total=75,333
2026-08-05 13:04:16,115 INFO src.pipeline.kaggle_collect_openalex_sri_lanka: Saved Sri Lankan-affiliated work number=63,917 progress=84.8% api_total=75,333
2026-08-05 13:04:16,115 INFO src.pipeline.kaggle_collect_openalex_sri_lanka: Saved Sri Lankan-affiliated work number=63,918 progress=84.8% api_total=75,333
2026-08-05 13:04:16,116 INFO src.pipeline.kaggle_collect_openalex_sri_lanka: Saved Sri Lankan-affiliated work number=63,919 progress=84.8% api_total=75,333
2026-08-05 13:04:16,116 INFO src.pipeline.kaggle_collect_openalex_sri_lanka: Saved Sri Lankan-affiliated work number=63,920 progress=84.8% api_total=75,333
2026-08-05 13:04:16,116 INFO src.pipeline.kaggle_collect_openalex_sri_lanka: Saved Sri Lankan-affiliated work number=63,921 progress=84.9% api_total=75,333
2026-08-05 13:04:16,117 INFO src.pipeline.kaggle_collect_openalex_sri_lanka: Saved Sri Lankan-affiliated work number=63,922 progress=84.9% api_total=75,333
2026-08-05 13:04:16,117 INFO src.pipeline.kaggle_collect_openalex_sri_lanka: Saved Sri Lankan-affiliated work number=63,923 progress=84.9% api_total=75,333
2026-08-05 13:04:16,117 INFO src.pipeline.kaggle_collect_openalex_sri_lanka: Saved Sri Lankan-affiliated work number=63,924 progress=84.9% api_total=75,333
2026-08-05 13:04:16,117 INFO src.pipeline.kaggle_collect_openalex_sri_lanka: Saved Sri Lankan-affiliated work number=63,925 progress=84.9% api_total=75,333
2026-08-05 13:04:16,118 INFO src.pipeline.kaggle_collect_openalex_sri_lanka: Saved Sri Lankan-affiliated work number=63,926 progress=84.9% api_total=75,333
2026-08-05 13:04:16,118 INFO src.pipeline.kaggle_collect_openalex_sri_lanka: Saved Sri Lankan-affiliated work number=63,927 progress=84.9% api_total=75,333
2026-08-05 13:04:16,119 INFO src.pipeline.kaggle_collect_openalex_sri_lanka: Saved Sri Lankan-affiliated work number=63,928 progress=84.9% api_total=75,333
2026-08-05 13:04:16,119 INFO src.pipeline.kaggle_collect_openalex_sri_lanka: Saved Sri Lankan-affiliated work number=63,929 progress=84.9% api_total=75,333
2026-08-05 13:04:16,120 INFO src.pipeline.kaggle_collect_openalex_sri_lanka: Saved Sri Lankan-affiliated work number=63,930 progress=84.9% api_total=75,333
2026-08-05 13:04:16,120 INFO src.pipeline.kaggle_collect_openalex_sri_lanka: Saved Sri Lankan-affiliated work number=63,931 progress=84.9% api_total=75,333
2026-08-05 13:04:16,120 INFO src.pipeline.kaggle_collect_openalex_sri_lanka: Saved Sri Lankan-affiliated work number=63,932 progress=84.9% api_total=75,333
2026-08-05 13:04:16,121 INFO src.pipeline.kaggle_collect_openalex_sri_lanka: Saved Sri Lankan-affiliated work number=63,933 progress=84.9% api_total=75,333
2026-08-05 13:04:16,121 INFO src.pipeline.kaggle_collect_openalex_sri_lanka: Saved Sri Lankan-affiliated work number=63,934 progress=84.9% api_total=75,333
2026-08-05 13:04:16,121 INFO src.pipeline.kaggle_collect_openalex_sri_lanka: Saved Sri Lankan-affiliated work number=63,935 progress=84.9% api_total=75,333
2026-08-05 13:04:16,121 INFO src.pipeline.kaggle_collect_openalex_sri_lanka: Saved Sri Lankan-affiliated work number=63,936 progress=84.9% api_total=75,333
2026-08-05 13:04:16,122 INFO src.pipeline.kaggle_collect_openalex_sri_lanka: Saved Sri Lankan-affiliated work number=63,937 progress=84.9% api_total=75,333
2026-08-05 13:04:16,122 INFO src.pipeline.kaggle_collect_openalex_sri_lanka: Saved Sri Lankan-affiliated work number=63,938 progress=84.9% api_total=75,333
2026-08-05 13:04:16,122 INFO src.pipeline.kaggle_collect_openalex_sri_lanka: Saved Sri Lankan-affiliated work number=63,939 progress=84.9% api_total=75,333
2026-08-05 13:04:16,122 INFO src.pipeline.kaggle_collect_openalex_sri_lanka: Saved Sri Lankan-affiliated work number=63,940 progress=84.9% api_total=75,333
2026-08-05 13:04:16,123 INFO src.pipeline.kaggle_collect_openalex_sri_lanka: Saved Sri Lankan-affiliated work number=63,941 progress=84.9% api_total=75,333
2026-08-05 13:04:16,123 INFO src.pipeline.kaggle_collect_openalex_sri_lanka: Saved Sri Lankan-affiliated work number=63,942 progress=84.9% api_total=75,333
2026-08-05 13:04:16,123 INFO src.pipeline.kaggle_collect_openalex_sri_lanka: Saved Sri Lankan-affiliated work number=63,943 progress=84.9% api_total=75,333
2026-08-05 13:04:16,123 INFO src.pipeline.kaggle_collect_openalex_sri_lanka: Saved Sri Lankan-affiliated work number=63,944 progress=84.9% api_total=75,333
2026-08-05 13:04:16,124 INFO src.pipeline.kaggle_collect_openalex_sri_lanka: Saved Sri Lankan-affiliated work number=63,945 progress=84.9% api_total=75,333
2026-08-05 13:04:16,124 INFO src.pipeline.kaggle_collect_openalex_sri_lanka: Saved Sri Lankan-affiliated work number=63,946 progress=84.9% api_total=75,333
2026-08-05 13:04:16,124 INFO src.pipeline.kaggle_collect_openalex_sri_lanka: Saved Sri Lankan-affiliated work number=63,947 progress=84.9% api_total=75,333
2026-08-05 13:04:16,125 INFO src.pipeline.kaggle_collect_openalex_sri_lanka: Saved Sri Lankan-affiliated work number=63,948 progress=84.9% api_total=75,333
2026-08-05 13:04:16,125 INFO src.pipeline.kaggle_collect_openalex_sri_lanka: Saved Sri Lankan-affiliated work number=63,949 progress=84.9% api_total=75,333
2026-08-05 13:04:16,125 INFO src.pipeline.kaggle_collect_openalex_sri_lanka: Saved Sri Lankan-affiliated work number=63,950 progress=84.9% api_total=75,333
2026-08-05 13:04:16,126 INFO src.pipeline.kaggle_collect_openalex_sri_lanka: Saved Sri Lankan-affiliated work number=63,951 progress=84.9% api_total=75,333
2026-08-05 13:04:16,126 INFO src.pipeline.kaggle_collect_openalex_sri_lanka: Saved Sri Lankan-affiliated work number=63,952 progress=84.9% api_total=75,333
2026-08-05 13:04:16,126 INFO src.pipeline.kaggle_collect_openalex_sri_lanka: Saved Sri Lankan-affiliated work number=63,953 progress=84.9% api_total=75,333
2026-08-05 13:04:16,127 INFO src.pipeline.kaggle_collect_openalex_sri_lanka: Saved Sri Lankan-affiliated work number=63,954 progress=84.9% api_total=75,333
2026-08-05 13:04:16,127 INFO src.pipeline.kaggle_collect_openalex_sri_lanka: Saved Sri Lankan-affiliated work number=63,955 progress=84.9% api_total=75,333
2026-08-05 13:04:16,127 INFO src.pipeline.kaggle_collect_openalex_sri_lanka: Saved Sri Lankan-affiliated work number=63,956 progress=84.9% api_total=75,333
2026-08-05 13:04:16,128 INFO src.pipeline.kaggle_collect_openalex_sri_lanka: Saved Sri Lankan-affiliated work number=63,957 progress=84.9% api_total=75,333
2026-08-05 13:04:16,128 INFO src.pipeline.kaggle_collect_openalex_sri_lanka: Saved Sri Lankan-affiliated work number=63,958 progress=84.9% api_total=75,333
2026-08-05 13:04:16,128 INFO src.pipeline.kaggle_collect_openalex_sri_lanka: Saved Sri Lankan-affiliated work number=63,959 progress=84.9% api_total=75,333
2026-08-05 13:04:16,128 INFO src.pipeline.kaggle_collect_openalex_sri_lanka: Saved Sri Lankan-affiliated work number=63,960 progress=84.9% api_total=75,333
2026-08-05 13:04:16,129 INFO src.pipeline.kaggle_collect_openalex_sri_lanka: Saved Sri Lankan-affiliated work number=63,961 progress=84.9% api_total=75,333
2026-08-05 13:04:16,129 INFO src.pipeline.kaggle_collect_openalex_sri_lanka: Saved Sri Lankan-affiliated work number=63,962 progress=84.9% api_total=75,333
2026-08-05 13:04:16,129 INFO src.pipeline.kaggle_collect_openalex_sri_lanka: Saved Sri Lankan-affiliated work number=63,963 progress=84.9% api_total=75,333
2026-08-05 13:04:16,130 INFO src.pipeline.kaggle_collect_openalex_sri_lanka: Saved Sri Lankan-affiliated work number=63,964 progress=84.9% api_total=75,333
2026-08-05 13:04:16,130 INFO src.pipeline.kaggle_collect_openalex_sri_lanka: Saved Sri Lankan-affiliated work number=63,965 progress=84.9% api_total=75,333
2026-08-05 13:04:16,130 INFO src.pipeline.kaggle_collect_openalex_sri_lanka: Saved Sri Lankan-affiliated work number=63,966 progress=84.9% api_total=75,333
2026-08-05 13:04:16,131 INFO src.pipeline.kaggle_collect_openalex_sri_lanka: Saved Sri Lankan-affiliated work number=63,967 progress=84.9% api_total=75,333
2026-08-05 13:04:16,131 INFO src.pipeline.kaggle_collect_openalex_sri_lanka: Saved Sri Lankan-affiliated work number=63,968 progress=84.9% api_total=75,333
2026-08-05 13:04:16,131 INFO src.pipeline.kaggle_collect_openalex_sri_lanka: Saved Sri Lankan-affiliated work number=63,969 progress=84.9% api_total=75,333
2026-08-05 13:04:16,131 INFO src.pipeline.kaggle_collect_openalex_sri_lanka: Saved Sri Lankan-affiliated work number=63,970 progress=84.9% api_total=75,333
2026-08-05 13:04:16,131 INFO src.pipeline.kaggle_collect_openalex_sri_lanka: Saved Sri Lankan-affiliated work number=63,971 progress=84.9% api_total=75,333
2026-08-05 13:04:16,132 INFO src.pipeline.kaggle_collect_openalex_sri_lanka: Saved Sri Lankan-affiliated work number=63,972 progress=84.9% api_total=75,333
2026-08-05 13:04:16,132 INFO src.pipeline.kaggle_collect_openalex_sri_lanka: Saved Sri Lankan-affiliated work number=63,973 progress=84.9% api_total=75,333
2026-08-05 13:04:16,132 INFO src.pipeline.kaggle_collect_openalex_sri_lanka: Saved Sri Lankan-affiliated work number=63,974 progress=84.9% api_total=75,333
2026-08-05 13:04:16,133 INFO src.pipeline.kaggle_collect_openalex_sri_lanka: Saved Sri Lankan-affiliated work number=63,975 progress=84.9% api_total=75,333
2026-08-05 13:04:16,133 INFO src.pipeline.kaggle_collect_openalex_sri_lanka: Saved Sri Lankan-affiliated work number=63,976 progress=84.9% api_total=75,333
2026-08-05 13:04:16,133 INFO src.pipeline.kaggle_collect_openalex_sri_lanka: Saved Sri Lankan-affiliated work number=63,977 progress=84.9% api_total=75,333
2026-08-05 13:04:16,134 INFO src.pipeline.kaggle_collect_openalex_sri_lanka: Saved Sri Lankan-affiliated work number=63,978 progress=84.9% api_total=75,333
2026-08-05 13:04:16,134 INFO src.pipeline.kaggle_collect_openalex_sri_lanka: Saved Sri Lankan-affiliated work number=63,979 progress=84.9% api_total=75,333
2026-08-05 13:04:16,134 INFO src.pipeline.kaggle_collect_openalex_sri_lanka: Saved Sri Lankan-affiliated work number=63,980 progress=84.9% api_total=75,333
2026-08-05 13:04:16,135 INFO src.pipeline.kaggle_collect_openalex_sri_lanka: Saved Sri Lankan-affiliated work number=63,981 progress=84.9% api_total=75,333
2026-08-05 13:04:16,135 INFO src.pipeline.kaggle_collect_openalex_sri_lanka: Saved Sri Lankan-affiliated work number=63,982 progress=84.9% api_total=75,333
2026-08-05 13:04:16,135 INFO src.pipeline.kaggle_collect_openalex_sri_lanka: Saved Sri Lankan-affiliated work number=63,983 progress=84.9% api_total=75,333
2026-08-05 13:04:16,135 INFO src.pipeline.kaggle_collect_openalex_sri_lanka: Saved Sri Lankan-affiliated work number=63,984 progress=84.9% api_total=75,333
2026-08-05 13:04:16,136 INFO src.pipeline.kaggle_collect_openalex_sri_lanka: Saved Sri Lankan-affiliated work number=63,985 progress=84.9% api_total=75,333
2026-08-05 13:04:16,136 INFO src.pipeline.kaggle_collect_openalex_sri_lanka: Saved Sri Lankan-affiliated work number=63,986 progress=84.9% api_total=75,333
2026-08-05 13:04:16,136 INFO src.pipeline.kaggle_collect_openalex_sri_lanka: Saved Sri Lankan-affiliated work number=63,987 progress=84.9% api_total=75,333
2026-08-05 13:04:16,137 INFO src.pipeline.kaggle_collect_openalex_sri_lanka: Saved Sri Lankan-affiliated work number=63,988 progress=84.9% api_total=75,333
2026-08-05 13:04:16,137 INFO src.pipeline.kaggle_collect_openalex_sri_lanka: Saved Sri Lankan-affiliated work number=63,989 progress=84.9% api_total=75,333
2026-08-05 13:04:16,137 INFO src.pipeline.kaggle_collect_openalex_sri_lanka: Saved Sri Lankan-affiliated work number=63,990 progress=84.9% api_total=75,333
2026-08-05 13:04:16,138 INFO src.pipeline.kaggle_collect_openalex_sri_lanka: Saved Sri Lankan-affiliated work number=63,991 progress=84.9% api_total=75,333
2026-08-05 13:04:16,138 INFO src.pipeline.kaggle_collect_openalex_sri_lanka: Saved Sri Lankan-affiliated work number=63,992 progress=84.9% api_total=75,333
2026-08-05 13:04:16,138 INFO src.pipeline.kaggle_collect_openalex_sri_lanka: Saved Sri Lankan-affiliated work number=63,993 progress=84.9% api_total=75,333
2026-08-05 13:04:16,139 INFO src.pipeline.kaggle_collect_openalex_sri_lanka: Saved Sri Lankan-affiliated work number=63,994 progress=84.9% api_total=75,333
2026-08-05 13:04:16,139 INFO src.pipeline.kaggle_collect_openalex_sri_lanka: Saved Sri Lankan-affiliated work number=63,995 progress=84.9% api_total=75,333
2026-08-05 13:04:16,139 INFO src.pipeline.kaggle_collect_openalex_sri_lanka: Saved Sri Lankan-affiliated work number=63,996 progress=85.0% api_total=75,333
2026-08-05 13:04:16,140 INFO src.pipeline.kaggle_collect_openalex_sri_lanka: Saved Sri Lankan-affiliated work number=63,997 progress=85.0% api_total=75,333
2026-08-05 13:04:16,140 INFO src.pipeline.kaggle_collect_openalex_sri_lanka: Saved Sri Lankan-affiliated work number=63,998 progress=85.0% api_total=75,333
2026-08-05 13:04:16,141 INFO src.pipeline.kaggle_collect_openalex_sri_lanka: Saved Sri Lankan-affiliated work number=63,999 progress=85.0% api_total=75,333
2026-08-05 13:04:16,141 INFO src.pipeline.kaggle_collect_openalex_sri_lanka: Saved Sri Lankan-affiliated work number=64,000 progress=85.0% api_total=75,333
2026-08-05 13:04:16,141 INFO src.pipeline.kaggle_collect_openalex_sri_lanka: Saved Sri Lankan-affiliated work number=64,001 progress=85.0% api_total=75,333
2026-08-05 13:04:16,141 INFO src.pipeline.kaggle_collect_openalex_sri_lanka: Saved Sri Lankan-affiliated work number=64,002 progress=85.0% api_total=75,333
2026-08-05 13:04:16,142 INFO src.pipeline.kaggle_collect_openalex_sri_lanka: Saved Sri Lankan-affiliated work number=64,003 progress=85.0% api_total=75,333
2026-08-05 13:04:16,142 INFO src.pipeline.kaggle_collect_openalex_sri_lanka: Saved Sri Lankan-affiliated work number=64,004 progress=85.0% api_total=75,333
2026-08-05 13:04:16,143 INFO src.pipeline.kaggle_collect_openalex_sri_lanka: Saved Sri Lankan-affiliated work number=64,005 progress=85.0% api_total=75,333
2026-08-05 13:04:16,143 INFO src.pipeline.kaggle_collect_openalex_sri_lanka: Saved Sri Lankan-affiliated work number=64,006 progress=85.0% api_total=75,333
2026-08-05 13:04:16,143 INFO src.pipeline.kaggle_collect_openalex_sri_lanka: Saved Sri Lankan-affiliated work number=64,007 progress=85.0% api_total=75,333
2026-08-05 13:04:16,144 INFO src.pipeline.kaggle_collect_openalex_sri_lanka: Saved Sri Lankan-affiliated work number=64,008 progress=85.0% api_total=75,333
2026-08-05 13:04:16,144 INFO src.pipeline.kaggle_collect_openalex_sri_lanka: Saved Sri Lankan-affiliated work number=64,009 progress=85.0% api_total=75,333
2026-08-05 13:04:16,144 INFO src.pipeline.kaggle_collect_openalex_sri_lanka: Saved Sri Lankan-affiliated work number=64,010 progress=85.0% api_total=75,333
2026-08-05 13:04:16,145 INFO src.pipeline.kaggle_collect_openalex_sri_lanka: Saved Sri Lankan-affiliated work number=64,011 progress=85.0% api_total=75,333
2026-08-05 13:04:16,145 INFO src.pipeline.kaggle_collect_openalex_sri_lanka: Saved Sri Lankan-affiliated work number=64,012 progress=85.0% api_total=75,333
2026-08-05 13:04:16,146 INFO src.pipeline.kaggle_collect_openalex_sri_lanka: Saved Sri Lankan-affiliated work number=64,013 progress=85.0% api_total=75,333
2026-08-05 13:04:16,146 INFO src.pipeline.kaggle_collect_openalex_sri_lanka: Saved Sri Lankan-affiliated work number=64,014 progress=85.0% api_total=75,333
2026-08-05 13:04:16,146 INFO src.pipeline.kaggle_collect_openalex_sri_lanka: Saved Sri Lankan-affiliated work number=64,015 progress=85.0% api_total=75,333
2026-08-05 13:04:16,146 INFO src.pipeline.kaggle_collect_openalex_sri_lanka: Saved Sri Lankan-affiliated work number=64,016 progress=85.0% api_total=75,333
2026-08-05 13:04:16,147 INFO src.pipeline.kaggle_collect_openalex_sri_lanka: Saved Sri Lankan-affiliated work number=64,017 progress=85.0% api_total=75,333
2026-08-05 13:04:16,148 INFO src.pipeline.kaggle_collect_openalex_sri_lanka: Saved Sri Lankan-affiliated work number=64,018 progress=85.0% api_total=75,333
2026-08-05 13:04:16,148 INFO src.pipeline.kaggle_collect_openalex_sri_lanka: Saved Sri Lankan-affiliated work number=64,019 progress=85.0% api_total=75,333
2026-08-05 13:04:16,149 INFO src.pipeline.kaggle_collect_openalex_sri_lanka: Saved Sri Lankan-affiliated work number=64,020 progress=85.0% api_total=75,333
2026-08-05 13:04:16,149 INFO src.pipeline.kaggle_collect_openalex_sri_lanka: Saved Sri Lankan-affiliated work number=64,021 progress=85.0% api_total=75,333
2026-08-05 13:04:16,149 INFO src.pipeline.kaggle_collect_openalex_sri_lanka: Saved Sri Lankan-affiliated work number=64,022 progress=85.0% api_total=75,333
2026-08-05 13:04:16,150 INFO src.pipeline.kaggle_collect_openalex_sri_lanka: Saved Sri Lankan-affiliated work number=64,023 progress=85.0% api_total=75,333
2026-08-05 13:04:16,150 INFO src.pipeline.kaggle_collect_openalex_sri_lanka: Saved Sri Lankan-affiliated work number=64,024 progress=85.0% api_total=75,333
2026-08-05 13:04:16,150 INFO src.pipeline.kaggle_collect_openalex_sri_lanka: Saved Sri Lankan-affiliated work number=64,025 progress=85.0% api_total=75,333
2026-08-05 13:04:16,151 INFO src.pipeline.kaggle_collect_openalex_sri_lanka: Saved Sri Lankan-affiliated work number=64,026 progress=85.0% api_total=75,333
2026-08-05 13:04:16,151 INFO src.pipeline.kaggle_collect_openalex_sri_lanka: Saved Sri Lankan-affiliated work number=64,027 progress=85.0% api_total=75,333
2026-08-05 13:04:16,151 INFO src.pipeline.kaggle_collect_openalex_sri_lanka: Saved Sri Lankan-affiliated work number=64,028 progress=85.0% api_total=75,333
2026-08-05 13:04:16,151 INFO src.pipeline.kaggle_collect_openalex_sri_lanka: Saved Sri Lankan-affiliated work number=64,029 progress=85.0% api_total=75,333
2026-08-05 13:04:16,152 INFO src.pipeline.kaggle_collect_openalex_sri_lanka: Saved Sri Lankan-affiliated work number=64,030 progress=85.0% api_total=75,333
2026-08-05 13:04:16,152 INFO src.pipeline.kaggle_collect_openalex_sri_lanka: Saved Sri Lankan-affiliated work number=64,031 progress=85.0% api_total=75,333
2026-08-05 13:04:16,152 INFO src.pipeline.kaggle_collect_openalex_sri_lanka: Saved Sri Lankan-affiliated work number=64,032 progress=85.0% api_total=75,333
2026-08-05 13:04:16,153 INFO src.pipeline.kaggle_collect_openalex_sri_lanka: Saved Sri Lankan-affiliated work number=64,033 progress=85.0% api_total=75,333
2026-08-05 13:04:16,153 INFO src.pipeline.kaggle_collect_openalex_sri_lanka: Saved Sri Lankan-affiliated work number=64,034 progress=85.0% api_total=75,333
2026-08-05 13:04:16,153 INFO src.pipeline.kaggle_collect_openalex_sri_lanka: Saved Sri Lankan-affiliated work number=64,035 progress=85.0% api_total=75,333
2026-08-05 13:04:16,154 INFO src.pipeline.kaggle_collect_openalex_sri_lanka: Saved Sri Lankan-affiliated work number=64,036 progress=85.0% api_total=75,333
2026-08-05 13:04:16,155 INFO src.pipeline.kaggle_collect_openalex_sri_lanka: Saved Sri Lankan-affiliated work number=64,037 progress=85.0% api_total=75,333
2026-08-05 13:04:16,155 INFO src.pipeline.kaggle_collect_openalex_sri_lanka: Saved Sri Lankan-affiliated work number=64,038 progress=85.0% api_total=75,333
2026-08-05 13:04:16,155 INFO src.pipeline.kaggle_collect_openalex_sri_lanka: Saved Sri Lankan-affiliated work number=64,039 progress=85.0% api_total=75,333
2026-08-05 13:04:16,155 INFO src.pipeline.kaggle_collect_openalex_sri_lanka: Saved Sri Lankan-affiliated work number=64,040 progress=85.0% api_total=75,333
2026-08-05 13:04:16,156 INFO src.pipeline.kaggle_collect_openalex_sri_lanka: Saved Sri Lankan-affiliated work number=64,041 progress=85.0% api_total=75,333
2026-08-05 13:04:16,156 INFO src.pipeline.kaggle_collect_openalex_sri_lanka: Saved Sri Lankan-affiliated work number=64,042 progress=85.0% api_total=75,333
2026-08-05 13:04:16,156 INFO src.pipeline.kaggle_collect_openalex_sri_lanka: Saved Sri Lankan-affiliated work number=64,043 progress=85.0% api_total=75,333
2026-08-05 13:04:16,156 INFO src.pipeline.kaggle_collect_openalex_sri_lanka: Saved Sri Lankan-affiliated work number=64,044 progress=85.0% api_total=75,333
2026-08-05 13:04:16,157 INFO src.pipeline.kaggle_collect_openalex_sri_lanka: Saved Sri Lankan-affiliated work number=64,045 progress=85.0% api_total=75,333
2026-08-05 13:04:16,157 INFO src.pipeline.kaggle_collect_openalex_sri_lanka: Saved Sri Lankan-affiliated work number=64,046 progress=85.0% api_total=75,333
2026-08-05 13:04:16,157 INFO src.pipeline.kaggle_collect_openalex_sri_lanka: Saved Sri Lankan-affiliated work number=64,047 progress=85.0% api_total=75,333
2026-08-05 13:04:16,158 INFO src.pipeline.kaggle_collect_openalex_sri_lanka: Saved Sri Lankan-affiliated work number=64,048 progress=85.0% api_total=75,333
2026-08-05 13:04:16,158 INFO src.pipeline.kaggle_collect_openalex_sri_lanka: Saved Sri Lankan-affiliated work number=64,049 progress=85.0% api_total=75,333
2026-08-05 13:04:16,159 INFO src.pipeline.kaggle_collect_openalex_sri_lanka: Saved Sri Lankan-affiliated work number=64,050 progress=85.0% api_total=75,333
2026-08-05 13:04:16,159 INFO src.pipeline.kaggle_collect_openalex_sri_lanka: Saved Sri Lankan-affiliated work number=64,051 progress=85.0% api_total=75,333
2026-08-05 13:04:16,160 INFO src.pipeline.kaggle_collect_openalex_sri_lanka: Saved Sri Lankan-affiliated work number=64,052 progress=85.0% api_total=75,333
2026-08-05 13:04:16,160 INFO src.pipeline.kaggle_collect_openalex_sri_lanka: Saved Sri Lankan-affiliated work number=64,053 progress=85.0% api_total=75,333
2026-08-05 13:04:16,161 INFO src.pipeline.kaggle_collect_openalex_sri_lanka: Saved Sri Lankan-affiliated work number=64,054 progress=85.0% api_total=75,333
2026-08-05 13:04:16,161 INFO src.pipeline.kaggle_collect_openalex_sri_lanka: Saved Sri Lankan-affiliated work number=64,055 progress=85.0% api_total=75,333
2026-08-05 13:04:16,161 INFO src.pipeline.kaggle_collect_openalex_sri_lanka: Saved Sri Lankan-affiliated work number=64,056 progress=85.0% api_total=75,333
2026-08-05 13:04:16,162 INFO src.pipeline.kaggle_collect_openalex_sri_lanka: Saved Sri Lankan-affiliated work number=64,057 progress=85.0% api_total=75,333
2026-08-05 13:04:16,162 INFO src.pipeline.kaggle_collect_openalex_sri_lanka: Saved Sri Lankan-affiliated work number=64,058 progress=85.0% api_total=75,333
2026-08-05 13:04:16,162 INFO src.pipeline.kaggle_collect_openalex_sri_lanka: Saved Sri Lankan-affiliated work number=64,059 progress=85.0% api_total=75,333
2026-08-05 13:04:16,163 INFO src.pipeline.kaggle_collect_openalex_sri_lanka: Saved Sri Lankan-affiliated work number=64,060 progress=85.0% api_total=75,333
2026-08-05 13:04:16,163 INFO src.pipeline.kaggle_collect_openalex_sri_lanka: Saved Sri Lankan-affiliated work number=64,061 progress=85.0% api_total=75,333
2026-08-05 13:04:16,163 INFO src.pipeline.kaggle_collect_openalex_sri_lanka: Saved Sri Lankan-affiliated work number=64,062 progress=85.0% api_total=75,333
2026-08-05 13:04:16,164 INFO src.pipeline.kaggle_collect_openalex_sri_lanka: Saved Sri Lankan-affiliated work number=64,063 progress=85.0% api_total=75,333
2026-08-05 13:04:16,164 INFO src.pipeline.kaggle_collect_openalex_sri_lanka: Saved Sri Lankan-affiliated work number=64,064 progress=85.0% api_total=75,333
2026-08-05 13:04:16,164 INFO src.pipeline.kaggle_collect_openalex_sri_lanka: Saved Sri Lankan-affiliated work number=64,065 progress=85.0% api_total=75,333
2026-08-05 13:04:16,165 INFO src.pipeline.kaggle_collect_openalex_sri_lanka: Saved Sri Lankan-affiliated work number=64,066 progress=85.0% api_total=75,333
2026-08-05 13:04:16,165 INFO src.pipeline.kaggle_collect_openalex_sri_lanka: Saved Sri Lankan-affiliated work number=64,067 progress=85.0% api_total=75,333
2026-08-05 13:04:16,165 INFO src.pipeline.kaggle_collect_openalex_sri_lanka: Saved Sri Lankan-affiliated work number=64,068 progress=85.0% api_total=75,333
2026-08-05 13:04:16,166 INFO src.pipeline.kaggle_collect_openalex_sri_lanka: Saved Sri Lankan-affiliated work number=64,069 progress=85.0% api_total=75,333
2026-08-05 13:04:16,166 INFO src.pipeline.kaggle_collect_openalex_sri_lanka: Saved Sri Lankan-affiliated work number=64,070 progress=85.0% api_total=75,333
2026-08-05 13:04:16,166 INFO src.pipeline.kaggle_collect_openalex_sri_lanka: Saved Sri Lankan-affiliated work number=64,071 progress=85.1% api_total=75,333
2026-08-05 13:04:16,167 INFO src.pipeline.kaggle_collect_openalex_sri_lanka: Saved Sri Lankan-affiliated work number=64,072 progress=85.1% api_total=75,333
