original_index_1,original_index_2,title1,title2,ratio,token_sort,token_set,final_score,year1,year2,doi1,doi2,source1,source2
72641,72661,Machine Learning-Based Staging of Non-Alcoholic Fatty Liver Disease: A Sri Lankan Case Study,Machine Learning-Based Staging of Non-Alcoholic Fatty Liver Disease: A Sri Lankan Case Study,100.0,100.0,100.0,100.0,2026.0,2026.0,10.5281/zenodo.20896194,10.5281/zenodo.20696326,openalex,openalex
9193,70349,Living with haemodialysis in Sri Lanka: a qualitative study on patient adaptation and care perceptions,Living with haemodialysis in Sri Lanka: a qualitative study on patient adaptation and care perceptions,100.0,100.0,100.0,100.0,2026.0,2026.0,10.1186/s12882-025-04728-6,10.6084/m9.figshare.c.8236923.v1,openalex; crossref,openalex
72568,72578,"Human Civilization: Beverages, Health and Religious Dimensions in World History","Human Civilization: Beverages, Health and Religious Dimensions in World History",100.0,100.0,100.0,100.0,2026.0,2026.0,10.5281/zenodo.20805305,10.5281/zenodo.20806139,openalex,openalex
71357,71360,"Dynamical Dark Energy from Axial Torsion–Scalar Mixing in Einstein–Cartan Cosmology: Gravastar Structure, Cyclic Reset, and Falsifiable Predictions","Dynamical Dark Energy from Axial Torsion–Scalar Mixing in Einstein–Cartan Cosmology: Gravastar Structure, Cyclic Reset, and Falsifiable Predictions",100.0,100.0,100.0,100.0,2026.0,2026.0,10.5281/zenodo.19245346,10.5281/zenodo.19245345,openalex,openalex
72446,65117,Cross-species transmission of host adaptation of feline leukemia virus between domestic cats and the wild felid Leopardus guigna,Cross-species transmission of host adaptation of feline leukemia virus between domestic cats and the wild felid Leopardus guigna,100.0,100.0,100.0,100.0,2026.0,2026.0,10.6084/m9.figshare.c.8535314.v1,10.1186/s13567-026-01770-6,openalex,openalex; crossref
62087,71156,Artificial Intelligence and Automation in Hospital Administrative Systems: A Scoping Review,Artificial Intelligence and Automation in Hospital Administrative Systems: A Scoping Review,100.0,100.0,100.0,100.0,2026.0,2026.0,10.47191/ijcsrr/v9-i3-09,10.5281/zenodo.18856290,openalex; crossref,openalex
72677,72668,An Evaluation of Machine Learning Based Traffic Flow Prediction for Adaptive Traffic Signal Control In Urban Intersections,An Evaluation of Machine Learning Based Traffic Flow Prediction for Adaptive Traffic Signal Control In Urban Intersections,100.0,100.0,100.0,100.0,2026.0,2026.0,10.5281/zenodo.20702498,10.5281/zenodo.20702497,openalex,openalex
70682,70690,Additional file 2 of Effectiveness of a behaviour change intervention on health literacy for behavioural risk factors of non-communicable diseases among health care assistants of government hospitals in Colombo District: a cluster-randomized controlled trial,Additional file 2 of Effectiveness of a behaviour change intervention on health literacy for behavioural risk factors of non-communicable diseases among health care assistants of government hospitals in Colombo District: a cluster-randomized controlled trial,100.0,100.0,100.0,100.0,2026.0,2026.0,10.6084/m9.figshare.31237692.v1,10.6084/m9.figshare.31237692,openalex,openalex
72476,72486,Additional file 1 of “It’s never just one thing”: understanding risk factors for sports injuries in track and field,Additional file 1 of “It’s never just one thing”: understanding risk factors for sports injuries in track and field,100.0,100.0,100.0,100.0,2026.0,2026.0,10.6084/m9.figshare.32693191.v1,10.6084/m9.figshare.32693191,openalex,openalex
149181,95646,"A PRELIMINARY STUDY TO DETERMINE THE EFFICACY OF A NEMATOPHAGOUS FUNGUS, ARTHROBOTRYS OLIGOSPORA, AGAINST NEMATODE LARVAE IN CATTLE AND GOAT DUNG","A preliminary study to determine the efficacy of a nematophagous fungus, Arthrobotrys oligospora, against nematode larvae in cattle and goat dung",100.0,100.0,100.0,100.0,2004.0,2004.0,10.4038/jnsfsr.v32i1-2.2422,,sljol; repositories_combined,repositories_combined
108309,148283,Role of Extension in Irrigation Water Management in Sri Lanka,Role of extension in irrigation water management in Sri Lanka,100.0,100.0,100.0,100.0,2003.0,2003.0,,10.4038/tare.v6i0.5439,repositories_combined,sljol; repositories_combined
97414,102761,එකම විසඳුම හෝමෝන ප්‍රතිකාරය විතරද?,එකම විසඳුම හෝමෝන ප්‍රතිකාරය විතරද?,100.0,100.0,100.0,100.0,2002.0,2002.0,,,repositories_combined,repositories_combined
102855,146418,Bound states of two dyons and two fermions,Bound states of two dyons and two fermions,100.0,100.0,100.0,100.0,2000.0,2000.0,,10.4038/sljp.v1i0.170,repositories_combined,sljol; repositories_combined
152953,96701,Modelling sector-wise demand for electricity in Sri Lanka using a multivariate regression approach,Modelling sector-wise demand for electricity in Sri Lanka using a multivariate regression approach,100.0,100.0,100.0,100.0,1999.0,1999.0,10.4038/jnsfsr.v27i1.2977,,sljol; repositories_combined,repositories_combined
119970,82591,A comparative study of the beneficial effects of Osbeckia octandra and Osbeckia aspera in liver dysfunction in rats,A comparative study of the beneficial effects of Osbeckia octandra and Osbeckia aspera in liver dysfunction in rats,100.0,100.0,100.0,100.0,1999.0,1999.0,10.4038/cjms.v42i1.4882,,sljol; repositories_combined,repositories_combined
155934,105274,Effects of solvent and concentration of supporting electrolyte on electrochemical measurements:detection of catechol,Effects of solvent and concentration of supporting electrolyte on electrochemical measurements:detection of catechol,100.0,100.0,100.0,100.0,1997.0,1997.0,10.4038/jnsfsr.v25i3.5033,,sljol; repositories_combined,repositories_combined
140307,102444,Mosquito-lavicidal activity of some Sri Lankan plants,Mosquito-lavicidal activity of some Sri Lankan plants,100.0,100.0,100.0,100.0,1996.0,1996.0,10.4038/jnsfsr.v24i2.5539,,sljol; repositories_combined,repositories_combined
144487,101139,Mosquito-larvicidal activity of Ceylon citronella {Cymbopogon Nardus (L.) Rendle} oil fractions,Mosquito-larvicidal activity of Ceylon citronella {Cymbopogon Nardus (L.) Rendle} oil fractions,100.0,100.0,100.0,100.0,1996.0,1996.0,10.4038/jnsfsr.v24i4.5557,,sljol; repositories_combined,repositories_combined
93310,86345,Two-steps procedure for the purification of corn flour hydrolysate,Two-steps procedure for the purification of corn flour hydrolysate,100.0,100.0,100.0,100.0,1995.0,1995.0,,,repositories_combined,repositories_combined
103633,152505,The population sturcture and the effect of pH on growth characteristics of Brachionus calyciflorus amphiceros (Ehrenburg) grown on freshwater Chlorella sp.,The population sturcture and the effect of pH on growth characteristics of Brachionus calyciflorus amphiceros (Ehrenburg) grown on freshwater Chlorella sp.,100.0,100.0,100.0,100.0,1995.0,1995.0,,10.4038/jnsfsr.v23i4.5851,repositories_combined,sljol; repositories_combined
103699,153303,Polymorphism in a Plasmodium falciparum merozoite surface protein gene in Sri Lanka demonstrated by southern hybridization,Polymorphism in a Plasmodium falciparum merozoite surface protein gene in Sri Lanka demonstrated by southern hybridization,100.0,100.0,100.0,100.0,1995.0,1995.0,,10.4038/jnsfsr.v23i3.5847,repositories_combined,sljol; repositories_combined
98512,76632,Eruption times of deciduous teeth in a group of Sinhalese children attending well baby clinics,Eruption times of deciduous teeth in a group of Sinhalese children attending well baby clinics,100.0,100.0,100.0,100.0,1994.0,1994.0,,,repositories_combined,repositories_combined
95144,95145,யாழ்ப்பாணத்து மூவலகு வீடுகள்,யாழ்ப்பாணத்து மூவலகு வீடுகள்,100.0,100.0,100.0,100.0,2006.0,2006.0,,,repositories_combined,repositories_combined
101497,142825,Rice fields:an ecosystem rich in biodiversity,Rice Fields: an Ecosystem Rich in Biodiversity,100.0,100.0,100.0,100.0,2006.0,2006.0,,10.4038/jnsfsr.v34i2.2084,repositories_combined,sljol; repositories_combined
91816,85740,Preliminary report of identification of scrub typhus in Jaffna,Preliminary report of identification of scrub typhus in Jaffna,100.0,100.0,100.0,100.0,2006.0,2006.0,,,repositories_combined,repositories_combined
84313,90632,Isolation of α-amylase producing bacteria by Gel Micro Droplet method,Isolation of α-amylase producing bacteria by Gel Micro Droplet method,100.0,100.0,100.0,100.0,2006.0,2006.0,,,repositories_combined,repositories_combined
154361,106445,Energy absorption by the human body from RF and microwave emissions in Sri Lanka,Energy absorption by the human body from RF and microwave emissions in Sri Lanka,100.0,100.0,100.0,100.0,2006.0,2006.0,10.4038/sljp.v7i0.207,,sljol; repositories_combined,repositories_combined
109908,152742,Effect of Cathode thickness on the performance of the cell Li/ PAN:EC:PC:LiCF3SO3/PPy:DBS,Effect of Cathode thickness on the performance of the cell Li/ PAN:EC:PC:LiCF3SO3/PPy:DBS,100.0,100.0,100.0,100.0,2006.0,2006.0,,10.4038/sljp.v7i0.206,repositories_combined,sljol; repositories_combined
82077,80095,ශ්‍රී ලංකාවේ පාසල් ළමයින්ගේ අයිතිවාසිකම් සුරකිමෙහිලා ගුරුවරුන්ගේ කාර්යභාරය පිලිබඳ කෙරෙන විමර්ශනාත්මක අධ්‍යනයක් (උතුරුමැද පළාත ඇසුරිණි),ශ්‍රී ලංකාවේ පාසල් ළමයින්ගේ අයිතිවාසිකම් සුරකිමෙහිලා ගුරුවරුන්ගේ කාර්යභාරය පිලිබඳ කෙරෙන විමර්ශනාත්මක අධ්‍යනයක් (උතුරුමැද පළාත ඇසුරිණි),100.0,100.0,100.0,100.0,2005.0,2005.0,,,repositories_combined,repositories_combined
107382,144791,The problem of solid waste:a case study of the Maharagama local authority,The Problem of Solid Waste: A Case Study of the Maharagama Local Authority,100.0,100.0,100.0,100.0,2005.0,2005.0,,10.4038/jnsfsr.v33i1.2367,repositories_combined,sljol; repositories_combined
147757,98289,A new plate boundary near Sri Lanka: implications for future geohazards,A new plate boundary near Sri Lanka:implications for future geohazards,100.0,100.0,100.0,100.0,2005.0,2005.0,10.4038/jnsfsr.v33i1.2361,,sljol; repositories_combined,repositories_combined
61044,70315,"A Review of Public Healthcare Information Systems in Sri Lanka: Challenges, Benefits, and Future Research Directions","A Review of Public Healthcare Information Systems in Sri Lanka: Challenges, Benefits, and Future Research Directions",100.0,100.0,100.0,100.0,2026.0,2026.0,10.9734/ajrcos/2026/v19i1806,,openalex; crossref,openalex
70932,70862,A new genus and three new species of jumping spiders (Araneae: Salticidae) from Sri Lanka,A new genus and three new species of jumping spiders (Araneae: Salticidae) from Sri Lanka,100.0,100.0,100.0,100.0,2026.0,2026.0,10.48580/dxbx.v82,10.48580/dxbx,openalex,openalex
71741,71742,A multi-scale analyses of vegetation and soil burn severity during the 2025 wildfire season in NW Spain,A multi-scale analyses of vegetation and soil burn severity during the 2025 wildfire season in NW Spain,100.0,100.0,100.0,100.0,2026.0,2026.0,10.5281/zenodo.19629489,10.5281/zenodo.19629488,openalex,openalex
4325,12950,Thermoelectric performance enhancement of copper iodide pellets through potassium iodide doping,Thermoelectric Performance Enhancement of Copper Iodide Pellets Through Potassium Iodide Doping,100.0,100.0,100.0,100.0,2025.0,2025.0,10.1016/j.jpowsour.2025.237043,10.2139/ssrn.5106168,openalex; crossref,openalex; crossref
69598,69641,The Merit of Intention: When Aspiration Precedes Action,The Merit of Intention: When Aspiration Precedes Action,100.0,100.0,100.0,100.0,2025.0,2025.0,10.5281/zenodo.17584271,10.5281/zenodo.17584272,openalex,openalex
69805,69814,"The FKK Theory in Western Cultural Perspective: A Synthesis of the Phenomenon of ""Free Body Culture""","The FKK Theory in Western Cultural Perspective: A Synthesis of the Phenomenon of ""Free Body Culture""",100.0,100.0,100.0,100.0,2025.0,2025.0,10.5281/zenodo.17660162,10.5281/zenodo.17660163,openalex,openalex
70016,70004,"TC4BE Report on transformative change pathways on trade, legal actions, and corporate governance Deliverable 2.2","TC4BE Report on transformative change pathways on trade, legal actions, and corporate governance Deliverable 2.2",100.0,100.0,100.0,100.0,2025.0,2025.0,10.5281/zenodo.17828729,10.5281/zenodo.17828446,openalex,openalex
148779,154462,Snippets from the world wide web,Snippets from the world wide web,100.0,100.0,100.0,100.0,2009.0,2009.0,10.4038/sljch.v31i3.772,10.4038/sljch.v33i3.644,sljol; repositories_combined,sljol; repositories_combined
148779,151214,Snippets from the world wide web,Snippets from the world wide web,100.0,100.0,100.0,100.0,2009.0,2009.0,10.4038/sljch.v31i3.772,10.4038/sljch.v32i2.729,sljol; repositories_combined,sljol; repositories_combined
97452,130135,Possible familial gestational spontaneous ovarian hyperstimulation syndrome due to mutation of FSH receptors (FGSOHS),Possible familial gestational spontaneous ovarian hyperstimulation syndrome due to mutation of FSH receptors (FGSOHS),100.0,100.0,100.0,100.0,2009.0,2009.0,,10.4038/cmj.v54i1.474,repositories_combined,sljol; repositories_combined
140394,104077,Do Sri Lankan meals help decrease blood glucose response?,Do Sri Lankan meals help decrease blood glucose response?,100.0,100.0,100.0,100.0,2009.0,2009.0,10.4038/cmj.v54i2.793,,sljol; repositories_combined,repositories_combined
96982,141860,Alcohol and tobacco use among males in two districts in Sri Lanka,Alcohol and tobacco use among males in two districts in Sri Lanka,100.0,100.0,100.0,100.0,2009.0,2009.0,,10.4038/cmj.v54i4.1452,repositories_combined,sljol; repositories_combined
155753,154826,Snippets from the world wide web,Snippets from the world wide web,100.0,100.0,100.0,100.0,2008.0,2008.0,10.4038/sljch.v37i1.86,10.4038/sljch.v35i2.16,sljol; repositories_combined,sljol; repositories_combined
153439,154826,Snippets from the world wide web,Snippets from the world wide web,100.0,100.0,100.0,100.0,2008.0,2008.0,10.4038/sljch.v35i4.34,10.4038/sljch.v35i2.16,sljol; repositories_combined,sljol; repositories_combined
153439,155753,Snippets from the world wide web,Snippets from the world wide web,100.0,100.0,100.0,100.0,2008.0,2008.0,10.4038/sljch.v35i4.34,10.4038/sljch.v37i1.86,sljol; repositories_combined,sljol; repositories_combined
139756,100288,Chronic hypernatraemia due to osmoreceptor dysfunction,Chronic hypernatraemia due to osmoreceptor dysfunction,100.0,100.0,100.0,100.0,2008.0,2008.0,10.4038/cmj.v53i3.258,,sljol; repositories_combined,repositories_combined
106038,151486,Chromosome substitution lines for the analysis of heterosis in Arabidopsis thaliana,Chromosome substitution lines for the analysis of heterosis in Arabidopsis thaliana,100.0,100.0,100.0,100.0,2008.0,2008.0,,10.4038/jnsfsr.v36i4.265,repositories_combined,sljol; repositories_combined
169218,51530,Tailoring ZnO nanostructure for enhanced capacitive UV response,Tailoring ZNO Nanostructure for Enhanced Capacitive UV Response,100.0,100.0,100.0,100.0,2025.0,2025.0,,10.1109/mercon67903.2025.11217120,repositories_combined,openalex; crossref
60127,157275,Service Process Improvement Through VSM of Lean Six Sigma: A Case Study,Service process improvement through VSM of lean six sigma: a case study,100.0,100.0,100.0,100.0,2025.0,2025.0,10.1109/mercon67903.2025.11217077,,openalex; crossref,repositories_combined
59684,60499,Reply on RC2,Reply on RC2,100.0,100.0,100.0,100.0,2025.0,2025.0,10.5194/egusphere-2025-2973-ac1,10.5194/egusphere-2025-3357-ac2,openalex; crossref,openalex; crossref
131862,151304,Quality of cow milk set yoghurt stabilized with native sweet potato (ipomoea batatas l.) starch extracted using different methods,Quality of cow milk set yoghurt stabilized with native sweet potato (Ipomoea batatas L.) starch extracted using different methods,100.0,100.0,100.0,100.0,2025.0,2025.0,,10.4038/tare.v28i1.5742,repositories_combined,sljol; repositories_combined
69515,69512,Neuroleptospirosis in patients presenting with primary central nervous system infection: a multicentre study,Neuroleptospirosis in patients presenting with primary central nervous system infection: a multicentre study,100.0,100.0,100.0,100.0,2025.0,2025.0,10.5281/zenodo.17545329,10.5281/zenodo.17545328,openalex,openalex
70003,69996,Moral Community Support for Vulnerable and Fire-Affected Households,Moral Community Support for Vulnerable and Fire-Affected Households,100.0,100.0,100.0,100.0,2025.0,2025.0,10.5281/zenodo.17813627,10.5281/zenodo.17813626,openalex,openalex
70179,70177,Mass Behavior Theories from Around the World: A Comprehensive Scholarly Synthesis,Mass Behavior Theories from Around the World: A Comprehensive Scholarly Synthesis,100.0,100.0,100.0,100.0,2025.0,2025.0,10.5281/zenodo.18032851,10.5281/zenodo.18032850,openalex,openalex
72341,72332,Integrated Framework for Enhanced Diabetic Patient Care with Predictive Analytics,Integrated Framework for Enhanced Diabetic Patient Care with Predictive Analytics,100.0,100.0,100.0,100.0,2025.0,2025.0,10.5281/zenodo.20494039,10.5281/zenodo.20486851,openalex,openalex
150588,143332,From the Editor....,From the Editor....,100.0,100.0,100.0,100.0,2025.0,2025.0,10.4038/engineer.v58i3.7700,10.4038/engineer.v58i2.7688,sljol; repositories_combined,sljol; repositories_combined
90108,143332,From the Editor,From the Editor....,100.0,100.0,100.0,100.0,2025.0,2025.0,10.4038/ijcbr.v3i2.10,10.4038/engineer.v58i2.7688,sljol; repositories_combined,sljol; repositories_combined
90108,150588,From the Editor,From the Editor....,100.0,100.0,100.0,100.0,2025.0,2025.0,10.4038/ijcbr.v3i2.10,10.4038/engineer.v58i3.7700,sljol; repositories_combined,sljol; repositories_combined
72110,72105,Figure 3 in Suppression of Aedes albopictus in Sri Lanka using the Sterile Insect Technique (SIT) with a sustained effect,Figure 3 in Suppression of Aedes albopictus in Sri Lanka using the Sterile Insect Technique (SIT) with a sustained effect,100.0,100.0,100.0,100.0,2025.0,2025.0,10.5281/zenodo.20231465,10.5281/zenodo.20231464,openalex,openalex
145421,108446,Organizational Factors Affecting E-commerce Adoption in Small and Medium-sized Enterprises,Organizational factors affecting e-commerce adoption in small and medium-sized enterprises,100.0,100.0,100.0,100.0,2011.0,2011.0,10.4038/tar.v22i2.2829,,sljol; repositories_combined,repositories_combined
105070,152188,"Acute toxicity of a glyphosate herbicide, Roundup, to two freshwater crustaceans.","Acute toxicity of a glyphosate herbicide, Roundup®, to two freshwater crustaceans",100.0,100.0,100.0,100.0,2011.0,2011.0,,10.4038/jnsfsr.v39i2.3178,repositories_combined,sljol; repositories_combined
100741,150299,Variation of three co-occurring taxa of the genus Cyathea in Singharaja and Kanneliya lowland rain forests of Sri Lanka,Variation of Three Co-occurring Taxa of the Genus Cyathea in Singharaja and Kanneliya Lowland Rain Forests of Sri Lanka,100.0,100.0,100.0,100.0,2010.0,2010.0,,10.4038/tar.v21i2.2595,repositories_combined,sljol; repositories_combined
80444,140613,Quality of life following restorative proctocolectomy for ulcerative colitis and familial adenomatous polyposis,Quality of life following restorative proctocolectomy for ulcerative colitis and familial adenomatous polyposis,100.0,100.0,100.0,100.0,2010.0,2010.0,,10.4038/cmj.v55i3.2296,repositories_combined,sljol; repositories_combined
175264,179370,PREVALENCE OF GASTROINTESTINAL PARASITES IN CATTLE IN BADULLA DISTRICT (With special reference to Cryptosporidium spp),Prevalence of Gastrointestinal Parasites in Cattle in Badulla District(With special Reference to Cryptosporidium spp),100.0,100.0,100.0,100.0,2010.0,2010.0,,,repositories_combined,repositories_combined
78715,81493,Identifying Competency Required for Independent Practice in Histopathology,Identifying Competency Required for Independent Practice in Histopathology,100.0,100.0,100.0,100.0,2010.0,2010.0,,10.5001/omj.2010.1,repositories_combined,repositories_combined
152696,102966,Environmental Conservation Efforts in Developing Textile Waste Incorporated Cement Blocks,Environmental conservation efforts in developing textile waste incorporated cement blocks,100.0,100.0,100.0,100.0,2010.0,2010.0,10.4038/tar.v21i2.2594,,sljol; repositories_combined,repositories_combined
79633,148999,A survey on antiemetics prescribed for children in some selected districts of Sri Lanka,A survey on antiemetics prescribed for children in some selected districts of Sri Lanka,100.0,100.0,100.0,100.0,2010.0,2010.0,,10.4038/sljch.v39i3.2271,repositories_combined,sljol; repositories_combined
149845,110154,A study of Tribulus terrestris extract on risk factors for urinary stone in normal subjects and urolithic patients,A study of Tribulus terrestris extract on risk factors for urinary stone in normal subjects and urolithic patients,100.0,100.0,100.0,100.0,2010.0,2010.0,10.4038/jnsfsr.v38i3.2308,,sljol; repositories_combined,repositories_combined
151214,154462,Snippets from the world wide web,Snippets from the world wide web,100.0,100.0,100.0,100.0,2009.0,2009.0,10.4038/sljch.v32i2.729,10.4038/sljch.v33i3.644,sljol; repositories_combined,sljol; repositories_combined
81411,76107,Classification of Rice Grains Using Neural Networks,Classification of Rice Grains Using Neural Networks,100.0,100.0,100.0,100.0,2013.0,2013.0,,,repositories_combined,repositories_combined
116155,151410,The management of “unknown” or “unidentified” deceased alleged to be involved in road traffic accidents; are we helping adequately to provide justice to them?,"The management of ""unknown"" or ""unidentified"" deceased alleged to be involved in road traffic accidents; are we helping adequately to provide justice to them?",100.0,100.0,100.0,100.0,2012.0,2012.0,,10.4038/sljfmsl.v3i1.4944,repositories_combined,sljol; repositories_combined
81790,78180,SELF EXAMINATION OF BREAST - A STUDY ON MASTECTOMY PATIENTS,Self examination of breast - A study on mastectomy patients,100.0,100.0,100.0,100.0,2012.0,2012.0,,,repositories_combined,repositories_combined
155406,103782,Exploring Capacity of Construction Industry Post Disaster Housing Reconstruction,Exploring Capacity of Construction Industry Post Disaster Housing Reconstruction,100.0,100.0,100.0,100.0,2012.0,2012.0,10.4038/besl.v11i1.4582,,sljol; repositories_combined,repositories_combined
154500,96717,Competitive Performance of Purple Nutsedge (Cyperus rotundus L.) and Onion (Allium cepa L.) as Affected by Different Sources of Nitrogen,Competitive performance of purple nutsedge (Cyperus rotundus L.) and onion (Allium cepa L.) as affected by different sources of Nitrogen,100.0,100.0,100.0,100.0,2012.0,2012.0,10.4038/tar.v23i4.4864,,sljol; repositories_combined,repositories_combined
82076,77742,Scope For Effective Energy Conservation Practices In The Information And Communication Technology Industry: A Time Series Examination of a Case from the Sri Lankan Corporate Sector,Scope for Effective Energy Conservation Practices in the Information and Communication Technology Industry: A Time Series Examination of a Case from the Sri Lankan Corporate Sector,100.0,100.0,100.0,100.0,2011.0,2011.0,,,repositories_combined,repositories_combined
70032,70046,"Factorial Analysis data for ""Assessing Drivers of Lake Gregory's Surface Water Temperature Using the General Lake Model (GLM) and Satellite Data""","Factorial Analysis data for ""Assessing Drivers of Lake Gregory's Surface Water Temperature Using the General Lake Model (GLM) and Satellite Data""",100.0,100.0,100.0,100.0,2025.0,2025.0,10.5281/zenodo.17856454,10.5281/zenodo.17856455,openalex,openalex
71732,71728,Facilitators and barriers in accessing palliative care services in low- and middle-income countries: a systematic review of qualitative studies,Facilitators and barriers in accessing palliative care services in low- and middle-income countries: a systematic review of qualitative studies,100.0,100.0,100.0,100.0,2025.0,2025.0,10.5281/zenodo.19648261,10.5281/zenodo.19648260,openalex,openalex
71243,71228,Ecological Niche Differentiation and Mixed-Schooling Behavior of Auxis thazard and Auxis rochei in the Indian Ocean,Ecological Niche Differentiation and Mixed-Schooling Behavior of Auxis thazard and Auxis rochei in the Indian Ocean,100.0,100.0,100.0,100.0,2025.0,2025.0,10.5281/zenodo.18994600,10.5281/zenodo.18994601,openalex,openalex
70759,70769,"Data supplement to ""In-stream wetland suitability mapping using Analytic Hierarchy Process and machine learning""","Data supplement to ""In-stream wetland suitability mapping using Analytic Hierarchy Process and machine learning""",100.0,100.0,100.0,100.0,2025.0,2025.0,10.5281/zenodo.18484339,10.5281/zenodo.18484341,openalex,openalex
143345,145692,"Consumption pattern of cooking oils, fats and its associated factors in households of a medical officer of health area in Colombo District, Sri Lanka","Consumption pattern of cooking oils, fats and its associated factors in households of a medical officer of health area in Colombo District, Sri Lanka",100.0,100.0,100.0,100.0,2025.0,2025.0,10.4038/jccpsl.v31i4.8853,10.4038/4ecemh62,sljol; repositories_combined,sljol; repositories_combined
69948,69869,Commemorative Medal of the Coin Conservation Club and the Culture of Thai Coin Collectors' Community,Commemorative Medal of the Coin Conservation Club and the Culture of Thai Coin Collectors' Community,100.0,100.0,100.0,100.0,2025.0,2025.0,10.5281/zenodo.17778722,10.5281/zenodo.17722970,openalex,openalex
70186,70184,Cognitive Accessibility in Wayfinding: A Mixed-Methods Audit of Sri Lankan Public Transport Terminals (Data Archive),Cognitive Accessibility in Wayfinding: A Mixed-Methods Audit of Sri Lankan Public Transport Terminals (Data Archive),100.0,100.0,100.0,100.0,2025.0,2025.0,10.5281/zenodo.18047699,10.5281/zenodo.18047700,openalex,openalex
87531,87530,Comparison on Tamil and Sinhala Phonological Structure for Second language teaching and learning process.,Comparison on Tamil and Sinhala Phonological Structure for Second language teaching and learning process.,100.0,100.0,100.0,100.0,2014.0,2014.0,,,repositories_combined,repositories_combined
95508,141229,A child with acquired haemophilia,A child with acquired haemophilia,100.0,100.0,100.0,100.0,2014.0,2014.0,,10.4038/cmj.v59i2.7068,repositories_combined,sljol; repositories_combined
150989,99336,Tuberculous meningitis in adults: a prospective study at a tertiary referral centre in Sri Lanka,Tuberculous meningitis in adults:a prospective study at a tertiary referral centre in Sri Lanka,100.0,100.0,100.0,100.0,2013.0,2013.0,10.4038/cmj.v58i1.5359,,sljol; repositories_combined,repositories_combined
41331,58178,cAMP-related second messenger pathways modulate hearing function in Aedes aegypti mosquitoes,cAMP-related second messenger pathways modulate hearing function in Aedes aegypti mosquitoes,100.0,100.0,100.0,100.0,2025.0,2025.0,10.1016/j.isci.2025.113202,10.1101/2025.03.23.644695,openalex; crossref,openalex; crossref
69681,69671,Buddhist Goddess Māricī in Early Medieval South-East Bengal: An Iconographic Study,Buddhist Goddess Māricī in Early Medieval South-East Bengal: An Iconographic Study,100.0,100.0,100.0,100.0,2025.0,2025.0,10.5281/zenodo.17618236,10.5281/zenodo.17618237,openalex,openalex
159773,60190,Brachiation robot inspired by gibbon dynamics:insights for control across irregular bar spacing and heights,Brachiation Robot Inspired by Gibbon Dynamics: Insights for Control Across Irregular Bar Spacing and Heights,100.0,100.0,100.0,100.0,2025.0,2025.0,,10.1109/mercon67903.2025.11217001,repositories_combined,openalex; crossref
69480,69491,Barriers for Seeking Psychological Help for Mental Health Disorders: A sample of Undergraduate Students in Sri Lanka,Barriers for Seeking Psychological Help for Mental Health Disorders: A sample of Undergraduate Students in Sri Lanka,100.0,100.0,100.0,100.0,2025.0,2025.0,10.5281/zenodo.17519895,10.5281/zenodo.17519896,openalex,openalex
86886,86885,Association of socio-demographic factors on attitudes of nurses toward caring for older adults at Teaching Hospital Jaffna,Association of socio-demographic factors on attitudes of nurses toward caring for older adults at Teaching Hospital Jaffna,100.0,100.0,100.0,100.0,2025.0,2025.0,,,repositories_combined,repositories_combined
13098,13102,An Investigative Study on the Recent Geopolitical Tension in the Indian Ocean Region; With Special Reference to String of Pearls & Necklace of Diamond Strategies,An Investigative Study on the Recent Geopolitical Tension in the Indian Ocean Region; With Special Reference to String of Pearls & Necklace of Diamond Strategies,100.0,100.0,100.0,100.0,2025.0,2025.0,10.2139/ssrn.5726202,10.2139/ssrn.5769342,openalex; crossref,openalex; crossref
69666,69664,Academic Qualification or Experience: Which is more prominent in recruitment in Sri Lankan Non-Governmental Organizations? HR professional's perspective,Academic Qualification or Experience: Which is more prominent in recruitment in Sri Lankan Non-Governmental Organizations? HR professional's perspective,100.0,100.0,100.0,100.0,2025.0,2025.0,10.5281/zenodo.17607607,10.5281/zenodo.17607608,openalex,openalex
60172,161427,A Sector-Specific Supplier Selection Framework for Airport City Development,A Sector-specific supplier selection framework for airport city development,100.0,100.0,100.0,100.0,2025.0,2025.0,10.1109/mercon67903.2025.11217038,,openalex; crossref,repositories_combined
11864,9159,A Case of Acute Pulmonary Edema in Scrub Typhus: A Rare Complication with Normal Cardiac and Renal Function,A case of acute pulmonary edema in scrub typhus: a rare complication with normal cardiac and renal function,100.0,100.0,100.0,100.0,2025.0,2025.0,10.21203/rs.3.rs-6910447/v1,10.1186/s12879-025-12008-9,openalex; crossref,openalex; crossref
58264,92583,SIDDHA AYURVEDIC SURGICAL MANAGEMENT OF ENDOMETRIAL POLYP – CASE STUDY,Siddha Ayurvedic Surgical Management of Endometrial Polyp – Case Study,100.0,100.0,100.0,100.0,2024.0,2024.0,10.63572/gari4302,,openalex; crossref,repositories_combined
12819,3785,Occurrence of Aflatoxin M1 in Cheese Products Commonly Available in Sri Lankan Market,Occurrence of aflatoxin M1 in cheese products commonly available in Sri Lankan market,100.0,100.0,100.0,100.0,2024.0,2024.0,10.2139/ssrn.4690177,10.1016/j.heliyon.2024.e35155,openalex; crossref,openalex; crossref
161757,168054,Framework for Ensuring Effectiveness of Maintenance in Building Services,Framework for ensuring effectiveness of maintenance in building services,100.0,100.0,100.0,100.0,2015.0,2015.0,,,repositories_combined,repositories_combined
83814,88922,Epidemiology of dengue and dengue haemorrhagic fever in the Northern in Sri Lanka from 2009 to 2012,Epidemiology of dengue and dengue haemorrhagic fever in the Northern in Sri Lanka from 2009 to 2012,100.0,100.0,100.0,100.0,2015.0,2015.0,,,repositories_combined,repositories_combined
144772,100182,Volatile profiles of traditional aromatic rice varieties in Sri Lanka,Volatile profiles of traditional aromatic rice varieties in Sri Lanka,100.0,100.0,100.0,100.0,2014.0,2014.0,10.4038/jnsfsr.v42i1.6683,,sljol; repositories_combined,repositories_combined
96031,82890,Validity of the Sinhala version of the Centre for Epidemiological Studies Depression Scale (CES-D) in out-patients,Validity of the Sinhala version of the Centre for Epidemiological Studies Depression Scale (CES-D) in out-patients,100.0,100.0,100.0,100.0,2014.0,2014.0,,10.4038/cmj.v59i1.6732,repositories_combined,repositories_combined; sljol
160896,57178,Numerical investigation on the effect of valve and injection timing on the performance of a port-fuelled hydrogen internal combustion engine,Numerical Investigation on the Effect of Valve and Injection Timing on the Performance of a Port-Fuelled Hydrogen Internal Combustion Engine,100.0,100.0,100.0,100.0,2024.0,2024.0,,10.1109/mercon63886.2024.10688770,repositories_combined,openalex; crossref
51154,28502,Netdiffus: Network Traffic Generation by Diffusion Models Through Time-Series Imaging,NetDiffus: Network traffic generation by diffusion models through time-series imaging,100.0,100.0,100.0,100.0,2024.0,2024.0,10.2139/ssrn.4772614,10.1016/j.comnet.2024.110616,openalex; crossref,openalex; crossref
163708,168826,Editor’s Note,Editor’s Note,100.0,100.0,100.0,100.0,2024.0,2024.0,10.31705/idr.v1(1).2024en,10.31705/idr.v1(2).2024en,repositories_combined,repositories_combined
157942,49939,DRL-Based charging power and price optimization framework for EV charging stations,DRL-Based Charging Power and Price Optimization Framework for EV Charging Stations,100.0,100.0,100.0,100.0,2024.0,2024.0,,10.1109/mercon63886.2024.10688572,repositories_combined,openalex; crossref
131222,155926,Determination of effective Nitrogen level to optimize yield and quality of potato varieties of connect and masai,Determination of effective nitrogen level to optimize yield and quality of potato varieties of Connect and Masai,100.0,100.0,100.0,100.0,2024.0,2024.0,,10.4038/tare.v27i4.5716,repositories_combined,sljol; repositories_combined
3355,56272,Design-informed generative modelling of skeletal structures using structural optimization,Design-Informed Generative Modelling of Skeletal Structures Using Structural Optimization,100.0,100.0,100.0,100.0,2024.0,2024.0,10.1016/j.compstruc.2024.107474,10.2139/ssrn.4727205,openalex; crossref,openalex; crossref
56421,5761,Clinical characteristics and outcomes of pulmonary haemorrhage in leptospirosis: A retrospective cohort study from Sri Lanka,Clinical characteristics and outcomes of pulmonary haemorrhage in leptospirosis: A retrospective cohort study from Sri Lanka,100.0,100.0,100.0,100.0,2024.0,2024.0,10.6019/s-bsst1368,10.1101/2024.03.25.24304826,openalex; crossref,openalex; crossref
156672,156791,"Assessment of the Status of Microbiota Characteristics, Physico Chemical Characteristics, Water Quality Index, and Trophic Level Index at Beira Lake, Colombo, Sri Lanka","Assessment of the Status of Microbiota Characteristics, Physico-Chemical Characteristics, Water Quality Index, and Trophic Level Index at Beira Lake, Colombo, Sri Lanka",100.0,100.0,100.0,100.0,2024.0,2024.0,,,repositories_combined,repositories_combined
73562,154113,A Study on Challenges Faced by Teachers in Teaching ICT,A Study on Challenges Faced by Teachers in Teaching ICT,100.0,100.0,100.0,100.0,2024.0,2024.0,,10.4038/p.v15i1.10,repositories_combined,sljol; repositories_combined
95267,95268,விஞ்ஞான - ஆன்மீக இடைவினைகள் ஒரு கிறிஸ்தவ பார்வை,விஞ்ஞான - ஆன்மீக இடைவினைகள்: ஒரு கிறிஸ்தவ பார்வை,100.0,100.0,100.0,100.0,2023.0,2023.0,,,repositories_combined,repositories_combined
54849,41170,Traditional Medicine and Global Public Health,Traditional Medicine and Global Public Health,100.0,100.0,100.0,100.0,2023.0,2023.0,10.1007/978-3-030-96778-9_16-1,10.1007/978-3-031-25110-8_16,openalex; crossref,openalex; crossref
19482,86757,The Art of Timing: Unpacking the Market Timing's Long -Term Impact on Capital Structure: With Reference to Listed Companies in Colombo Stock Exchange,The Art of Timing: Unpacking The Market Timing's Long -Term Impact on Capital Structure:with Reference to Listed Companies in Colombo Stock Exchange,100.0,100.0,100.0,100.0,2023.0,2023.0,10.4038/ijabf.v9i2.141,,openalex; crossref; sljol; repositories_combined,repositories_combined
16429,16450,"Review of: ""Coconut flower - market potential and future forecast in the Coconut Land (Bến Tre), Vietnam""","Review of: ""Coconut flower - market potential and future forecast in the Coconut Land (Bến Tre), Vietnam""",100.0,100.0,100.0,100.0,2023.0,2023.0,10.32388/fazngv,10.32388/m0729p,openalex; crossref,openalex; crossref
44421,85883,Protein-Losing Enteropathy as the First Presentation of Systemic Lupus Erythematosus in a Resource-Limited Setting in Sri Lanka: A Case Report,Protein-Losing Enteropathy as the First Presentation of Systemic Lupus Erythematosus in a Resource-Limited Setting in Sri Lanka: A Case Report,100.0,100.0,100.0,100.0,2023.0,2023.0,10.7759/cureus.36619,,openalex; crossref,repositories_combined
31564,32807,Managing Excess Lead Iodide with Functionalized Oxo‐Graphene Nanosheets for Stable Perovskite Solar Cells,Managing Excess Lead Iodide with Functionalized Oxo‐Graphene Nanosheets for Stable Perovskite Solar Cells,100.0,100.0,100.0,100.0,2023.0,2023.0,10.1002/anie.202307395,10.1002/ange.202307395,openalex; crossref,openalex; crossref
55534,54903,List of contributors,List of contributors,100.0,100.0,100.0,100.0,2023.0,2023.0,10.1016/b978-0-323-91803-9.01002-7,10.1016/b978-0-323-99446-0.00022-2,openalex; crossref,openalex; crossref
41169,50754,"Label-free visualization of internal organs and assessment of anatomical differences among adult Anopheles, Aedes, and Culex mosquito specimens using bidirectional optical coherence tomography","Label-Free Visualization of Internal Organs and Assessment of Anatomical Differences Among Adult Anopheles, Aedes, and Culex Mosquito Specimens Using Bidirectional Optical Coherence Tomography",100.0,100.0,100.0,100.0,2023.0,2023.0,10.1016/j.optlastec.2023.109849,10.2139/ssrn.4341704,openalex; crossref; repositories_combined,openalex; crossref
26189,68790,Investigation of Impact of Phosphate Fertilizer Applied to Paddy Fields on Water Quality of Nearby Reservoirs,Investigation of Impact of Phosphate Fertilizer Applied to Paddy Fields on Water Quality of Nearby Reservoirs,100.0,100.0,100.0,100.0,2023.0,2023.0,10.47191/ijcsrr/v6-i4-25,10.5281/zenodo.7835041,openalex; crossref,openalex
160091,48646,Green insight: a novel approach to detecting and classifying macro nutrient deficiencies in paddy leaves.,Green Insight: A Novel Approach to Detecting and Classifying Macro Nutrient Deficiencies in Paddy Leaves.,100.0,100.0,100.0,100.0,2023.0,2023.0,,10.1109/icitr61062.2023.10382864,repositories_combined,openalex; crossref
89098,154259,Examining the synergies implication of merger and acquisition in banking sector: evidence from emerging economy,Examining the Synergies Implication of Merger and Acquisition in Banking Sector: Evidence from Emerging Economy,100.0,100.0,100.0,100.0,2023.0,2023.0,,10.4038/ijabf.v9i1.136,repositories_combined,sljol; repositories_combined
72766,72767,Isolation of Salmonella species in Rousettus leschenaulti fruit bats in Sri Lanka,Isolation of Salmonella species in Rousettus leschenaulti fruit bats in Sri Lanka,100.0,100.0,100.0,100.0,2016.0,2016.0,10.5281/zenodo.21108712,10.5281/zenodo.21108713,openalex,openalex
99607,144524,Interdisciplinarity and multidisciplinarity in research,Interdisciplinarity and multidisciplinarity in research,100.0,100.0,100.0,100.0,2016.0,2016.0,,10.4038/jnsfsr.v44i1.7975,repositories_combined,sljol; repositories_combined
121974,121090,FSC3212 - Marketing Management,FSC3212 -Marketing Management,100.0,100.0,100.0,100.0,2016.0,2016.0,,,repositories_combined,repositories_combined
89486,67894,Framework of Technology in Marketing World: A Theoretical Review,Framework of Technology in Marketing World: A Theoretical Review,100.0,100.0,100.0,100.0,2016.0,2016.0,,,repositories_combined,openalex
151914,147264,Defending medical negligence claims: a surgeon's guide (part I),Defending medical negligence claims: a surgeon's guide (part I),100.0,100.0,100.0,100.0,2016.0,2016.0,10.4038/sljs.v34i4.8317,10.4038/sljs.v35i4.8317,sljol; repositories_combined,sljol; repositories_combined
19739,87209,Challenges and opportunities associated with development of small and medium enterprises in Jaffna district,Challenges and opportunities associated with development of small and medium enterprises in jaffna district,100.0,100.0,100.0,100.0,2016.0,2016.0,10.4038/jbs.v3i1.32,,openalex; crossref; sljol; repositories_combined,repositories_combined
51603,54076,Analysis of packet flooding in dense MANETs using a probabilistic model,Analysis of packet flooding in dense MANETs using a probabilistic model,100.0,100.0,100.0,100.0,2016.0,2016.0,10.1109/icact.2016.7423266,10.1109/icact.2016.7423265,openalex; crossref,openalex; crossref
12072,67931,An Economic Analysis Based on Equivalent Variance of the Fertilizer Subsidy: A Case of Mahaweli System H in Sri Lanka,An Economic Analysis based on Equivalent Variance of the Fertilizer Subsidy: A Case of Mahaweli System H in Sri Lanka,100.0,100.0,100.0,100.0,2016.0,2016.0,10.2139/ssrn.2910301,,openalex; crossref,openalex
87546,19753,Comprehensive Model for Understanding and Enhancing Pro- Environmental Purchase Behavior: Towards A Conceptual Framework,Comprehensive model for understanding and enhancing pro-environmental purchase behavior: Towards a conceptual framework,100.0,100.0,100.0,100.0,2017.0,2017.0,,10.4038/jbs.v4i1.9,repositories_combined,openalex; crossref; sljol; repositories_combined
87195,66682,Cash holdings and corporate performance: Evidence from Sri Lanka,Cash holdings and corporate performance: Evidence from Sri Lanka,100.0,100.0,100.0,100.0,2017.0,2017.0,,,repositories_combined,openalex
7726,166308,A Decision Support System for demand planning: A case study from manufacturing industry,A Decision support system for demand planning: a case study from manufacturing industry,100.0,100.0,100.0,100.0,2017.0,2017.0,10.1109/mercon.2017.7980472,,openalex; crossref,repositories_combined
82252,5526,A comparative study of generalized linear mixed modelling and artificial neural network approach for the joint modelling of survival and incidence of Dengue patients in Sri Lanka,A comparative study of generalized linear mixed modelling and artificial neural network approach for the joint modelling of survival and incidence of Dengue patients in Sri Lanka,100.0,100.0,100.0,100.0,2017.0,2017.0,,10.1088/1742-6596/890/1/012135,repositories_combined,openalex; crossref
25245,99368,A comparison of production and economic performances of broilers raised under naturally ventilated open-house and tunnel ventilated closed-house systems in Sri Lanka,A comparison of production and economic performances of broilers raised under naturally ventilated open-house and tunnel ventilated closed-house systems in Sri Lanka,100.0,100.0,100.0,100.0,2017.0,2017.0,10.4038/tare.v20i3-4.5393,,openalex; crossref; sljol; repositories_combined,repositories_combined
94422,135540,டாக்டர் அப்துல் கலாமின் தலைமைத்துவம் - ஓர் பன்முகப் பார்வை,டாக்டர் அப்துல் கலாமின் தலைமைத்துவம் - ஓர் பன்முகப் பார்வை,100.0,100.0,100.0,100.0,2016.0,2016.0,,,repositories_combined,repositories_combined
23579,86381,Validation of rapid tests to detect urinary tract infection,Validation of rapid tests to detect urinary tract infection,100.0,100.0,100.0,100.0,2016.0,2016.0,10.4038/sljid.v6i2.8113,,openalex; crossref; sljol; repositories_combined,repositories_combined
95478,147606,Trends and risk factors for obesity among HIV positive Nigerians on antiretroviral therapy,Trends and risk factors for obesity among HIV positive Nigerians on antiretroviral therapy,100.0,100.0,100.0,100.0,2016.0,2016.0,,10.4038/cmj.v61i2.8300,repositories_combined,sljol; repositories_combined
86016,92452,Sarcoidosis with Splenic Involvement: Two Case Reports from a Single Centre from Northern Sri Lanka,Sarcoidosis with Splenic Involvement: Two Case Reports from a Single Centre from Northern Sri Lanka,100.0,100.0,100.0,100.0,2016.0,2016.0,,,repositories_combined,repositories_combined
42200,77435,Quality of information available over internet on laparoscopic cholecystectomy,Quality of information available over internet on laparoscopic cholecystectomy,100.0,100.0,100.0,100.0,2016.0,2016.0,10.4103/0972-9941.186691,,openalex; crossref,repositories_combined
45403,109139,Outcome of early coronary intervention for acute ST elevation myocardial infarction in a tertiary care cardiac centre in Sri Lanka,Outcome of early coronary intervention for acute ST elevation myocardial infarction in a tertiary care cardiac centre in Sri Lanka,100.0,100.0,100.0,100.0,2016.0,2016.0,10.4038/cmj.v61i1.8258,,openalex; crossref; sljol; repositories_combined,repositories_combined
49096,170122,ECG Beat Classification using Capsule Networks,ECG beat classification using capsule networks,100.0,100.0,100.0,100.0,2023.0,2023.0,10.1109/slaai-icai59257.2023.10365030,,openalex; crossref,repositories_combined
55557,44862,"Computational analysis and experimental verification of donor-acceptor behaviour of berberine, and its co-oligomers and co-polymers with ethylenedıoxythıophene","Computational analysis and experimental verification of donor–acceptor behaviour of berberine, and its co-oligomers and co-polymers with ethylenedıoxythıophene",100.0,100.0,100.0,100.0,2023.0,2023.0,10.21203/rs.3.rs-3351649/v1,10.1038/s41598-023-47541-7,openalex; crossref,openalex; crossref
36816,44843,"Campylobacter: Animal Reservoirs, Human Infections, and Options for Control","Campylobacter: Animal Reservoirs, Human Infections, and Options for Control",100.0,100.0,100.0,100.0,2023.0,2023.0,10.1007/978-3-031-27164-9_6,10.1007/978-3-030-85877-3_6-1,openalex; crossref,openalex; crossref
134717,14745,A comparative review on iron deficiency anemia among children and long-term strategy,A Comparative Review on Iron Deficiency Anemia among Children and Long-Term Strategy,100.0,100.0,100.0,100.0,2023.0,2023.0,,10.31344/ijhhs.v7i2.537,repositories_combined,openalex; crossref
118979,125392,2023 - PH 4143,2023 - PH 4143,100.0,100.0,100.0,100.0,2023.0,2023.0,,,repositories_combined,repositories_combined
68522,14232,Predicting Bankruptcy Of Selected Manufacturing Companies Listed In Colombo Stock Exchange: Applying Altman'S Z-Score,PREDICTING BANKRUPTCY OF SELECTED MANUFACTURING COMPANIES LISTED IN COLOMBO STOCK EXCHANGE: APPLYING ALTMAN’S Z-SCORE,100.0,100.0,100.0,100.0,2017.0,2017.0,10.5281/zenodo.376051,10.29121/granthaalayah.v5.i2.2017.1743,openalex,openalex; crossref
109801,19911,New oral anticoagulants in clinical practice - time to replace warfarin?,New oral anticoagulants in clinical practice – time to replace warfarin?,100.0,100.0,100.0,100.0,2017.0,2017.0,,10.4038/jccp.v48i1.7811,repositories_combined,openalex; crossref; sljol; repositories_combined
44045,134382,Muslim Socio-culture and Majority-Minority Relations in recent Sri Lanka,Muslim socio-culture and majority-minority relations in recent Sri Lanka,100.0,100.0,100.0,100.0,2017.0,2017.0,10.5539/jpl.v10n2p105,,openalex; crossref,repositories_combined
145129,109712,"Morphological, SSR and ISSR marker based genetic diversity assessment of mountain papaya germplasm in comparison with Carica papaya","Morphological, SSR and ISSR marker based genetic diversity assessment of mountain papaya germplasm in comparison with Carica papaya",100.0,100.0,100.0,100.0,2017.0,2017.0,10.4038/jnsfsr.v45i3.8190,,sljol; repositories_combined,repositories_combined
96021,20733,Microbial biofilms and mitigation of loss of agro-biodiversity in degraded soils,Microbial biofilms and mitigation of loss of agro-biodiversity in degraded soils,100.0,100.0,100.0,100.0,2017.0,2017.0,,10.4038/jnsfsr.v45i4.8226,repositories_combined,openalex; crossref; sljol; repositories_combined
79895,135129,"IMPACT OF MARKETING MIX STRATEGIES ON PERFORMANCE OF TOURIST HOTELS IN THE EASTERN PROVINCE, SRI LANKA","Impact of marketing mix strategies on performance of tourist hotels in the eastern province, Sri Lanka",100.0,100.0,100.0,100.0,2017.0,2017.0,,,repositories_combined,repositories_combined
97846,155485,Impact of moderate intensity pulsed electric field (MIPEF) treatment on lycopene content and lycopene in vitrobioaccessibility of whole tomato,Impact of moderate intensity pulsed electric field (MIPEF) Treatment on Lycopene Content and Lycopene In VitroBioaccessibility of whole tomato,100.0,100.0,100.0,100.0,2017.0,2017.0,,10.4038/tar.v28i4.8245,repositories_combined,sljol; repositories_combined
7714,165059,Identifying spatial terminology and boundaries for human robot interaction: A human study,Identifying spatial terminology and boundaries for human robot interaction: a human study,100.0,100.0,100.0,100.0,2017.0,2017.0,10.1109/mercon.2017.7980454,,openalex; crossref,repositories_combined
67739,45593,HTA IN CENTRAL-EASTERN-SOUTHERN EUROPE: FINDING ITS WAY TO HEALTH POLICY,HTA IN CENTRAL-EASTERN-SOUTHERN EUROPE: FINDING ITS WAY TO HEALTH POLICY,100.0,100.0,100.0,100.0,2017.0,2017.0,,10.1017/s0266462317000988,openalex,openalex; crossref
100329,21235,Ground level impediments for proper adoption of rubber cultivation in Northern Province of Sri Lanka,Ground level impediments for proper adoption of rubber cultivation in Northern Province of Sri Lanka,100.0,100.0,100.0,100.0,2017.0,2017.0,,10.4038/jrrisl.v97i1.1877,repositories_combined,openalex; crossref; sljol; repositories_combined
25030,103405,Economic and technical feasibility of upcountry vegetable production in Halmillewa (IL1a),Economic and technical feasibility of upcountry vegetable production in Halmillewa (il1a),100.0,100.0,100.0,100.0,2017.0,2017.0,10.4038/tar.v28i4.8248,,openalex; crossref; sljol; repositories_combined,repositories_combined
134161,88005,Determinants of profitability of licensed commercial banks in Sri Lanka,Determinants of Profitability of Licensed Commercial Banks in Sri Lanka.,100.0,100.0,100.0,100.0,2017.0,2017.0,,,repositories_combined,repositories_combined
47757,32513,Weighted Gene Correlation Network Analysis (WGCNA) of Arabidopsis somatic embryogenesis (SE) and identification of key gene modules to uncover SE-associated hub genes,Weighted Gene Correlation Network Analysis (WGCNA) of Arabidopsis Somatic Embryogenesis (SE) and Identification of Key Gene Modules to Uncover SE-Associated Hub Genes,100.0,100.0,100.0,100.0,2022.0,2022.0,10.21203/rs.3.rs-1302556/v1,10.1155/2022/7471063,openalex; crossref,openalex; crossref; repositories_combined
127472,36572,Saline Toxicity and Antioxidant Response in Oryza sativa: An Updated Review,Saline Toxicity and Antioxidant Response in Oryza sativa: An Updated Review,100.0,100.0,100.0,100.0,2022.0,2022.0,10.1007/978-981-16-5059-8,10.1007/978-981-16-5059-8_4,repositories_combined,openalex; crossref
145398,101068,Physiological Responses of Spring Wheat Cultivars Grown in Warm and Cool Ecotopes,Physiological Responses of Spring Wheat Cultivars Grown in Warm and Cool Ecotopes,100.0,100.0,100.0,100.0,2022.0,2022.0,10.4038/tare.v25i1.5574,,sljol; repositories_combined,repositories_combined
85452,85451,PHACH 1173 - Pharmaceutical Chemistry I,PHACH 1173 - Pharmaceutical Chemistry I,100.0,100.0,100.0,100.0,2022.0,2022.0,,,repositories_combined,repositories_combined
91438,48999,Overlapped Speech Detection for Improved Speaker Diarization on Tamil Dataset,Overlapped Speech Detection for Improved Speaker Diarization on Tamil Dataset,100.0,100.0,100.0,100.0,2022.0,2022.0,,10.1109/slaai-icai56923.2022.10002438,repositories_combined,openalex; crossref
6113,91220,National development level effects on capital budgeting practices: a comparative study of nature vs nurture,National development level effects on capital budgeting practices a comparative study of nature vs nurture,100.0,100.0,100.0,100.0,2022.0,2022.0,10.1108/prr-08-2021-0043,,openalex; crossref,repositories_combined
17148,17147,LQG Control of a Quadrotor with Decoupled State Estimation with Extended Kalman Filters,LQG Control of a Quadrotor with Decoupled State Estimation with Extended Kalman Filters,100.0,100.0,100.0,100.0,2022.0,2022.0,10.36227/techrxiv.21587784.v1,10.36227/techrxiv.21587784,openalex; crossref,openalex; crossref
30093,47721,Quantification of dengue virus specific T cell responses and correlation with viral load and clinical disease severity in acute dengue infection,Quantification of dengue virus specific T cell responses and correlation with viral load and clinical disease severity in acute dengue infection,100.0,100.0,100.0,100.0,2018.0,2018.0,10.1371/journal.pntd.0006540,10.1101/325944,openalex; crossref,openalex; crossref
45724,103842,Preliminary screening of two marine algae and sea grass harvested from Sri Lankan waters against the LPS-induced inflammatory responses in RAW 264.7 macrophages and in vivo zebrafish embryo model,Preliminary screening of two marine algae and sea grass harvested from Sri Lankan waters against the LPS-induced inflammatory responses in RAW 264.7 macrophages and in vivo zebrafish embryo model,100.0,100.0,100.0,100.0,2018.0,2018.0,10.4038/jnsfsr.v46i2.8412,,openalex; crossref; sljol; repositories_combined,repositories_combined
77955,43113,Optical observations of electrical activity in cloud discharges,Optical observations of electrical activity in cloud discharges,100.0,100.0,100.0,100.0,2018.0,2018.0,,10.1016/j.jastp.2018.03.007,repositories_combined,openalex; crossref
39990,104287,Morphological characterization of local and introduced finger millet (Elusine coracana (L.) Gaertn) germplasm in Sri Lanka,Morphological characterization of local and introduced finger millet (elusine coracana (l.) gaertn) germplasm in Sri Lanka,100.0,100.0,100.0,100.0,2018.0,2018.0,10.4038/tar.v29i2.8287,,openalex; crossref; sljol; repositories_combined,repositories_combined
23317,117216,Death of a man managed for backache following a fall from a height,Death of a man managed for backache following a fall from a height,100.0,100.0,100.0,100.0,2018.0,2018.0,10.4038/sljfmsl.v9i1.7784,,openalex; crossref; sljol; repositories_combined,repositories_combined
14238,68654,BUILDING ONTOLOGIES OVER RELATIONAL DATABASES,BUILDING ONTOLOGIES OVER RELATIONAL DATABASES,100.0,100.0,100.0,100.0,2018.0,2018.0,10.29121/granthaalayah.v6.i11.2018.1123,10.5281/zenodo.1929732,openalex; crossref,openalex
168665,6322,Application of machine learning algorithms for solar power forecasting in Sri Lanka,Application of Machine Learning Algorithms for Solar Power Forecasting in Sri Lanka,100.0,100.0,100.0,100.0,2018.0,2018.0,,10.1109/eecon.2018.8541017,repositories_combined,openalex; crossref
39292,83266,Amoebic Liver Abscess and Indigenous Alcoholic Beverages in the Tropics,Amoebic liver abscess and indigenous alcoholic beverages in the tropics,100.0,100.0,100.0,100.0,2018.0,2018.0,10.1155/2018/6901751,,openalex; crossref,repositories_combined
86518,25073,"Algal Dominance and Impacts of Tourism on Coral Reefs in Casurina Beach, Karainagar Island, Jaffna Peninsula, Sri Lanka","Algal dominance and impacts of tourism on coral reefs in Casurina beach, Karainagar Island, Jaffna Peninsula, Sri Lanka",100.0,100.0,100.0,100.0,2018.0,2018.0,,10.4038/tar.v30i2.8313,repositories_combined,openalex; crossref; sljol; repositories_combined
14231,68700,THE DEPICTION OF VILLAGE LIFE AND THEIR PROBLEMS IN ‘GODAN’ BY PREMCHAND AND ‘GAMPERALIYA’ BY A SRI LANKAN NOVELIST MARTIN WIKRAMASINGHA,The Depiction Of Village Life And Their Problems In 'Godan' By Premchand And 'Gamperaliya' By A Sri Lankan Novelist Martin Wikramasingha,100.0,100.0,100.0,100.0,2017.0,2017.0,10.29121/granthaalayah.v5.i11.2017.2325,10.5281/zenodo.1065968,openalex; crossref,openalex
44032,46112,"Structural relationships between inertia, satisfaction, loyalty and revisit behaviour: empirical evidence from local tourists in Chengdu","Structural relationships between inertia, satisfaction, loyalty and revisit behaviour: empirical evidence from local tourists in Chengdu",100.0,100.0,100.0,100.0,2017.0,2017.0,10.1504/ijltm.2017.086442,10.1504/ijltm.2017.10007471,openalex; crossref,openalex; crossref
68720,14234,Rationality: A Central Point Between Traditional Finance And Behavioural Finance,RATIONALITY: A CENTRAL POINT BETWEEN TRADITIONAL FINANCE AND BEHAVIOURAL FINANCE,100.0,100.0,100.0,100.0,2017.0,2017.0,10.5281/zenodo.821706,10.29121/granthaalayah.v5.i6.2017.2048,openalex,openalex; crossref
129080,145992,EFFECT OF FOLIAR APPLICATION OF RED LARGE ONION (Allium cepa L.) PEEL SOLUTION ON GROWTH AND YIELD OF COWPEA (Vigna unguiculata L. WALP),Effect of foliar application of red large onion (Allium cepa L.) peel solution on growth and yield of cowpea (Vigna unguiculata L. WALP),100.0,100.0,100.0,100.0,2022.0,2022.0,,10.4038/tare.v25i3.5593,repositories_combined,sljol; repositories_combined
69112,49627,DeepSelectNet: Deep Neural Network Based Selective Sequencing for Oxford Nanopore Sequencing,DeepSelectNet: Deep Neural Network Based Selective Sequencing for Oxford Nanopore Sequencing,100.0,100.0,100.0,100.0,2022.0,2022.0,10.5281/zenodo.7111365,10.1101/2022.10.24.513498,openalex,openalex; crossref
37139,87792,Cs2AgBiBr6 as a mixed anion perovskites for photovoltaic applications: A first-principle study,Cs2AgBiBr6 as a mixed anion perovskites for photovoltaic applications: A first-principle study,100.0,100.0,100.0,100.0,2022.0,2022.0,10.1016/j.matpr.2022.06.063,,openalex; crossref,repositories_combined
83506,87267,Characteristics and Influencing Factors of Healthcare Utilization in Post-conflict Primary Care Attendees in Northern Sri Lanka,Characteristics and Influencing Factors of Healthcare Utilization in Post-conflict Primary Care Attendees in Northern Sri Lanka,100.0,100.0,100.0,100.0,2022.0,2022.0,,,repositories_combined,repositories_combined
26601,54532,ANALYSIS OF MULTI USER-BASED MULTI USER COOPERATIVE INFORMATION SYSTEM ANALYSIS WITH RND METHOD,ANALYSIS OF MULTI USER-BASED MULTI USER COOPERATIVE INFORMATION SYSTEM ANALYSIS WITH RND METHOD,100.0,100.0,100.0,100.0,2022.0,2022.0,10.51903/jmi.v1i1.136,10.56910/literacy.v1i1.20,openalex; crossref,openalex; crossref
99298,25286,A REVIEW OF RECENT CHANGES IN RAINFALL TREND IN SRI LANKA,A Review of Recent Changes in Rainfall Trend in Sri Lanka,100.0,100.0,100.0,100.0,2022.0,2022.0,,10.4038/tare.v25i1.5584,repositories_combined,openalex; crossref; sljol; repositories_combined
11566,11567,"Usage of Cloud Storage Facilities by Medical students in a low-middle income country, Sri Lanka: A cross sectional study","Usage of Cloud Storage Facilities by Medical students in a low-middle income country, Sri Lanka: A cross sectional study",100.0,100.0,100.0,100.0,2019.0,2019.0,10.21203/rs.2.11638/v1,10.21203/rs.2.11638/v2,openalex; crossref,openalex; crossref
36745,134104,State-Minority Contestations in Post-colonial Sri Lanka,State-minority contestations in post-colonial Sri Lanka,100.0,100.0,100.0,100.0,2019.0,2019.0,10.2478/jesr-2019-0065,,openalex; crossref,repositories_combined
99792,20766,"Some biological aspects and molecular variations in frigate tuna,Auxis thazard of the coastal waters around Sri Lanka","Some biological aspects and molecular variations in frigate tuna, Auxis thazard of the coastal waters around Sri Lanka",100.0,100.0,100.0,100.0,2019.0,2019.0,,10.4038/jnsfsr.v47i3.9427,repositories_combined,openalex; crossref; sljol; repositories_combined
35365,92226,"Repatriation of academics: organizational support, adjustment and intention to leave","Repatriation of academics organizational support, adjustment and intention to leave",100.0,100.0,100.0,100.0,2019.0,2019.0,10.1108/mrr-04-2019-0151,,openalex; crossref,repositories_combined
136760,4807,In silico identification of microRNAs and their target genes in watermelon (Citrullus lanatus),In silico identification of microRNAs and their target genes in watermelon (Citrullus lanatus),100.0,100.0,100.0,100.0,2019.0,2019.0,,10.1016/j.scienta.2019.02.012,repositories_combined,openalex; crossref
14053,66199,"Effects of compost particle size, moisture content and binding agents on co-compost pellet properties","Effects of compost particle size, moisture content and binding agents on co-compost pellet properties",100.0,100.0,100.0,100.0,2019.0,2019.0,10.25165/j.ijabe.20191204.4354,10.25165/ijabe.v12i4.4354,openalex; crossref,openalex
48918,77056,"Effect Of Long Term Inhaled Corticosteroid Therapy On Adrenal Suppression, Growth And Bone Health In Children With Asthma","Effect of long term inhaled corticosteroid therapy on adrenal suppression, growth and bone health in children with asthma",100.0,100.0,100.0,100.0,2019.0,2019.0,10.21203/rs.2.11293/v1,,openalex; crossref,repositories_combined
7058,87662,Convolutional Neural Network and Feature Encoding for Predicting the Outcome of Cricket Matches,Convolutional neural network and feature encoding for predicting the outcome of cricket matches,100.0,100.0,100.0,100.0,2019.0,2019.0,10.1109/iciis47346.2019.9063316,,openalex; crossref,repositories_combined
103054,17984,Colour as an agent for low energy design:a field experiment implemented in Sri Lanka,Colour as an agent for low energy design: a field experiment implemented in Sri Lanka,100.0,100.0,100.0,100.0,2019.0,2019.0,,10.4038/besl.v13i1.7666,repositories_combined,openalex; crossref; sljol; repositories_combined
1958,81896,Climatology of lightning flash activities over Sri Lanka,Climatology of lightning flash activities over Sri Lanka,100.0,100.0,100.0,100.0,2019.0,2019.0,10.1007/s00704-019-02808-w,,openalex; crossref,repositories_combined
133406,16520,An econometric analysis of global Muslim travel index: a study on the perspectives of permitted tourism industry in the global context,AN ECONOMETRIC ANALYSIS OF GLOBAL MUSLIM TRAVEL INDEX: A STUDY ON THE PERSPECTIVES OF PERMITTED TOURISM INDUSTRY IN THE GLOBAL CONTEXT,100.0,100.0,100.0,100.0,2019.0,2019.0,,10.32479/ijefi.8537,repositories_combined,openalex; crossref
5718,28652,COVID-19 epidemic in Sri Lanka: A mathematical and computational modelling approach to control,COVID-19 Epidemic in Sri Lanka: A Mathematical and Computational Modelling Approach to Control,100.0,100.0,100.0,100.0,2020.0,2020.0,10.1101/2020.04.21.20073734,10.1155/2020/4045064,openalex; crossref,openalex; crossref
11713,9957,Correlation between immunity from BCG and the morbidity and mortality of COVID-19,Correlation between immunity from BCG and the morbidity and mortality of COVID-19,100.0,100.0,100.0,100.0,2020.0,2020.0,10.21203/rs.3.rs-29399/v3,10.1186/s40794-020-00117-z,openalex; crossref,openalex; crossref
25110,107534,Characteristics of Natural Cellulose Fibres Extracted from Sri Lankan Rice Straw Varieties,Characteristics of Natural Cellulose Fibres Extracted from Sri Lankan Rice Straw Varieties,100.0,100.0,100.0,100.0,2020.0,2020.0,10.4038/tar.v31i3.8398,,openalex; crossref; sljol; repositories_combined,repositories_combined
1922,90253,An improved landmark-driven and spatial–channel attentive convolutional neural network for fashion clothes classification,An improved landmark-driven and spatial–channel attentive convolutional neural network for fashion clothes classification,100.0,100.0,100.0,100.0,2020.0,2020.0,10.1007/s00371-020-01885-7,,openalex; crossref,repositories_combined
101281,21211,An attempt to validate molecular and field level screening results for the Corynospora leaf fall disease in rubber (Hevea brasiliensis),An attempt to validate molecular and field level screening results for the Corynospora leaf fall disease in rubber (Hevea brasiliensis),100.0,100.0,100.0,100.0,2020.0,2020.0,,10.4038/jrrisl.v100i0.1900,repositories_combined,openalex; crossref; sljol; repositories_combined
139107,22308,A Task-Based Approach to Motivate Speaking in the ESL Classroom,A Task-Based Approach to Motivate Speaking in the ESL Classroom,100.0,100.0,100.0,100.0,2020.0,2020.0,,10.4038/sjhs.v1i1.27,repositories_combined,openalex; crossref; sljol; repositories_combined
11750,11751,"A GIS based approach to neighbourhood physical environment and walking among adults in Colombo Municipal Council Area, Sri Lanka","A GIS based approach to neighbourhood physical environment and walking among adults in Colombo Municipal Council Area, Sri Lanka",100.0,100.0,100.0,100.0,2020.0,2020.0,10.21203/rs.3.rs-34855/v2,10.21203/rs.3.rs-34855/v3,openalex; crossref,openalex; crossref
131198,39703,Use of Clinical Algorithms and Rapid Influenza Testing to Manage Influenza-like Illness: a Cost-effectiveness Analysis in Sri Lanka.,Use of clinical algorithms and rapid influenza testing to manage influenza-like illness: a cost-effectiveness analysis in Sri Lanka,100.0,100.0,100.0,100.0,2019.0,2019.0,,10.1136/bmjgh-2018-001291,repositories_combined,openalex; crossref
87124,20658,A cadaveric study on variation in branching pattern of common carotid artery,A cadaveric study on variation in branching pattern of common carotid artery,100.0,100.0,100.0,100.0,2022.0,2022.0,,10.4038/jmj.v34i1.152,repositories_combined,openalex; crossref; sljol; repositories_combined
53060,76158,Theories Involved in Recognizing and Implementing International Law in Domestic Contexts,Theories Involved in Recognizing and Implementing International Law in Domestic Contexts,100.0,100.0,100.0,100.0,2021.0,2021.0,10.7176/jlpg/109-09,,openalex; crossref,repositories_combined
12325,12345,The Impact of COVID-19 on Economy of Sri Lanka,The Impact of COVID-19 on Economy of Sri Lanka,100.0,100.0,100.0,100.0,2021.0,2021.0,10.2139/ssrn.3909354,10.2139/ssrn.3910899,openalex; crossref,openalex; crossref
53888,32490,"Seroprevalence of SARS-CoV-2 Infection in the Colombo Municipality Region, Sri Lanka","Seroprevalence of SARS-CoV-2 Infection in the Colombo Municipality Region, Sri Lanka",100.0,100.0,100.0,100.0,2021.0,2021.0,10.2139/ssrn.3854637,10.3389/fpubh.2021.724398,openalex; crossref,openalex; crossref
92029,13575,"Proximate composition analysis of trash fish from the selected landing sites of Jaffna district, Sri Lanka","Proximate composition analysis of trash fish from the selected landing sites of Jaffna district, Sri Lanka",100.0,100.0,100.0,100.0,2021.0,2021.0,,10.22271/fish.2021.v9.i1c.2404,repositories_combined,openalex; crossref
91778,6927,Predicting Movie Ratings from Audience Behaviors on Movie Trailers,Predicting Movie Ratings from Audience Behaviors on Movie Trailers,100.0,100.0,100.0,100.0,2021.0,2021.0,,10.1109/iciafs52090.2021.9606066,repositories_combined,openalex; crossref
162022,6344,Performance evaluation of a hybrid dual-axis solar tracking system,Performance Evaluation of a Hybrid Dual-Axis Solar Tracking System,100.0,100.0,100.0,100.0,2021.0,2021.0,,10.1109/eecon52960.2021.9580961,repositories_combined,openalex; crossref
130600,35956,Outcomes Among Children and Adults at Risk of Severe Dengue in Sri Lanka: Opportunity for Outpatient Case Management in Countries with High Disease Burden,Outcomes among children and adults at risk of severe dengue in Sri Lanka: Opportunity for outpatient case management in countries with high disease burden,100.0,100.0,100.0,100.0,2021.0,2021.0,,10.1371/journal.pntd.0010091,repositories_combined,openalex; crossref
170300,6342,Object identification using support vector regression for haptic object reconstruction,Object Identification using Support Vector Regression for Haptic Object Reconstruction,100.0,100.0,100.0,100.0,2021.0,2021.0,,10.1109/eecon52960.2021.9580959,repositories_combined,openalex; crossref
12456,12466,Marketing strategies adopting by various industries comprehensive Literature review,Marketing Strategies Adopting By Various Industries (Comprehensive Literature Review),100.0,100.0,100.0,100.0,2021.0,2021.0,10.2139/ssrn.3959728,10.2139/ssrn.3960724,openalex; crossref,openalex; crossref
108661,25271,EFFECT OF UV TREATED SILVER ON BLACK POLYTHENE MULCH ON THE GROWTH AND YIELD OF Capsicum annuum L. (CHILLI) VAR. MI2 AND MI3,Effect of UV treated silver on black polythene mulch on the growth and yield of Capsicum annuum L. (chilli) var. MI2 AND MI3,100.0,100.0,100.0,100.0,2021.0,2021.0,,10.4038/tare.v24i3.5518,repositories_combined,openalex; crossref; sljol; repositories_combined
22069,128190,Earnings Management and Dividend Policy: Evidence from a Frontier Market,Earnings Management and Dividend Policy: Evidence from a Frontier Market,100.0,100.0,100.0,100.0,2021.0,2021.0,10.4038/sajbi.v1i1.39,,openalex; crossref; sljol; repositories_combined,repositories_combined
54022,2129,Dependence of Capacitive Properties of an EDLC on Exfoliation Time of Graphite Electrodes,Dependence of capacitive properties of an EDLC on exfoliation time of graphite electrodes,100.0,100.0,100.0,100.0,2021.0,2021.0,10.21203/rs.3.rs-298632/v1,10.1007/s10854-021-06291-w,openalex; crossref,openalex; crossref
163171,162393,Decolourization of textile dyes and textile industry effluent in a fixed bed biofilm reactor using native microorganisms,Decolourization of textile dyes and textile industry effluent in a fixed bed biofilm reactor using native microorganisms,100.0,100.0,100.0,100.0,2021.0,2021.0,10.31705/bprm.v2.2021.16,,repositories_combined,repositories_combined
28494,87732,Cost Effective Solvothermal Method to Synthesize Zn-Doped TiO2 Nanomaterials for Photovoltaic and Photocatalytic Degradation Applications,Cost Effective Solvothermal Method to Synthesize Zn-Doped TiO2 Nanomaterials for Photovoltaic and Photocatalytic Degradation Applications,100.0,100.0,100.0,100.0,2021.0,2021.0,10.3390/catal11060690,,openalex; crossref,repositories_combined
20787,95475,"Optimising usage of salinized lands in the lower part of the river basin for the coastal community in Bentota, Sri Lanka","Optimising usage of salinized lands in the lower part of the river basin for the coastal community in Bentota, Sri Lanka",100.0,100.0,100.0,100.0,2020.0,2020.0,10.4038/jnsfsr.v48i4.8814,,openalex; crossref; sljol; repositories_combined,repositories_combined
98430,44080,"Morphometric and molecular characterization of isolates of the root lesion nematode, pratylenchus loosi infecting tea in Sri Lanka","Morphometric and molecular characterization of isolates of the root lesion nematode, Pratylenchus loosi infecting Tea in Sri Lanka",100.0,100.0,100.0,100.0,2020.0,2020.0,,10.4038/tar.v31i1.8344,repositories_combined,openalex; crossref; sljol; repositories_combined
91138,31723,Molecular forms of Anopheles subpictus and Anopheles sundaicus in the Indian subcontinent,Molecular forms of Anopheles subpictus and Anopheles sundaicus in the Indian subcontinent,100.0,100.0,100.0,100.0,2020.0,2020.0,,10.1186/s12936-020-03492-2,repositories_combined,openalex; crossref
151363,18048,Leading the Children in Sri Lanka to Right Choice of Education,Leading the Children in Sri Lanka to Right Choice of Education,100.0,100.0,100.0,100.0,2020.0,2020.0,10.4038/caj.v4i1.101,10.4038/caj.v4i0.37,sljol; repositories_combined,openalex; crossref; sljol; repositories_combined
99016,154269,Irrational responses to COVID-19,Irrational responses to COVID-19,100.0,100.0,100.0,100.0,2020.0,2020.0,,10.4038/jnsfsr.v48i4.10356,repositories_combined,sljol; repositories_combined
89952,89954,Impact of Different Border Crops on Growth and Yield Performance of Cauliflower (Brassica oleracea var botrytis L) Varieties,Impact of Different Border Crops on Growth and Yield Performance of Cauliflower (Brassica oleracea var botrytis L.) Varieties,100.0,100.0,100.0,100.0,2020.0,2020.0,,,repositories_combined,repositories_combined
36501,90181,Impact of Tourism Industry on the Economic Growth of Sri Lanka,Impact of tourism industry on the economic growth of Sri Lanka,100.0,100.0,100.0,100.0,2020.0,2020.0,10.5296/ijafr.v10i4.15991,,openalex; crossref,repositories_combined
42613,46490,Identification of Immune Responses to Japanese Encephalitis Virus Specific T Cell Epitopes,Identification of immune responses to Japanese encephalitis virus specific T cell epitopes,100.0,100.0,100.0,100.0,2020.0,2020.0,10.3389/fpubh.2020.00019,10.1016/j.ijid.2020.09.1311,openalex; crossref,openalex; crossref
18049,18042,Dynamic Route Planning (DRP) Module for Distribution Business,Dynamic Route Planning (DRP) Module for Distribution Business,100.0,100.0,100.0,100.0,2020.0,2020.0,10.4038/caj.v4i1.93,10.4038/caj.v4i0.29,openalex; crossref; sljol; repositories_combined,openalex; crossref; sljol; repositories_combined
42650,87906,Dengue Hemorrhagic Fever Complicated With Hemophagocytic Lymphohistiocytosis in an Adult With Diabetic Ketoacidosis,Dengue Hemorrhagic Fever Complicated With Hemophagocytic Lymphohistiocytosis in an Adult With Diabetic Ketoacidosis,100.0,100.0,100.0,100.0,2020.0,2020.0,10.7759/cureus.10172,,openalex; crossref,repositories_combined
43204,87882,"Defects, Diffusion and Dopants in Sillimanite","Defects, Diffusion and Dopants in Sillimanite",100.0,100.0,100.0,100.0,2020.0,2020.0,10.3390/min10100857,,openalex; crossref,repositories_combined
53174,87429,Comparative Quality Evaluation of Different Brands of ‘Triphala’: A Polyherbal Medicine in Sri Lanka,Comparative Quality Evaluation of Different Brands of ‘Triphala’: A Polyherbal Medicine in Sri Lanka,100.0,100.0,100.0,100.0,2021.0,2021.0,10.5530/jyp.2021.13.48,,openalex; crossref,repositories_combined
163308,6339,Cloud movement analysis using Lucas Kanade method,Cloud Movement Analysis Using Lucas Kanade Method,100.0,100.0,100.0,100.0,2021.0,2021.0,,10.1109/eecon52960.2021.9580952,repositories_combined,openalex; crossref
87136,2018,"Can homegardens assist in enhancing the domestic food security?’ A study in Jaffna Peninsula, Sri Lanka","‘Can homegardens assist in enhancing the domestic food security?’ A study in Jaffna Peninsula, Sri lanka",100.0,100.0,100.0,100.0,2021.0,2021.0,,10.1007/s10457-021-00647-1,repositories_combined,openalex; crossref
87111,154979,Brine shrimp lethality assay with selected medicinal plants extracts,Brine shrimp lethality assay with selected medicinal plants extracts,100.0,100.0,100.0,100.0,2021.0,2021.0,,10.4038/vingnanam.v16i2.4201,repositories_combined,sljol; repositories_combined
12305,86789,Assessing the Impact of Online Advertising Towards Domestic Travel Intention: In the Face of COVID-19 Pandemic,Assessing the impact of online advertising towards domestic travel intention: in the face of covid-19 pandemic,100.0,100.0,100.0,100.0,2021.0,2021.0,10.2139/ssrn.3907877,,openalex; crossref,repositories_combined
30385,48891,Age-of-Information-Based URLLC-Enabled UAV Wireless Communications System,Age of Information Based URLLC-enabled UAV Wireless Communications System,100.0,100.0,100.0,100.0,2021.0,2021.0,10.1109/jiot.2021.3123431,10.36227/techrxiv.16826194,openalex; crossref,openalex; crossref
16590,16591,3-D finite element analysis of laterally loaded short shafts in soil,3-D finite element analysis of laterally loaded short shafts in soil,100.0,100.0,100.0,100.0,2021.0,2021.0,10.32920/ryerson.14658045,10.32920/ryerson.14658045.v1,openalex; crossref,openalex; crossref
86396,53950,Vitamin D status among postmenopausal osteoporotic women: a hospital based cross-sectional study from Northern Sri Lanka,Vitamin D status among postmenopausal osteoporotic women: a hospital based cross-sectional study from Northern Sri Lanka.,100.0,100.0,100.0,100.0,2020.0,2020.0,,10.21203/rs.2.18737/v2,repositories_combined,openalex; crossref
90471,84273,The Instruction manual of getting school communities ready for preventing the spread of COVID-19,The Instruction manual of getting school communities ready for preventing the spread of COVID-19,100.0,100.0,100.0,100.0,2020.0,2020.0,,,repositories_combined,repositories_combined
52646,66568,The Effect of Multiple Access Categories on the MAC Layer Performance of IEEE 802.11p,The effect of multiple access categories on the MAC layer performance of IEEE 802.11p,100.0,100.0,100.0,100.0,2020.0,2020.0,10.1109/globecom42002.2020.9348088,,openalex; crossref,openalex
88063,36857,The development and application of a scale to measure the extent and forms of work-family conflict in collectivist cultures,The development and application of a scale to measure the extent and forms of work-family conflict in collectivist cultures,100.0,100.0,100.0,100.0,2020.0,2020.0,,10.1108/ijm-04-2019-0199,repositories_combined,openalex; crossref
70299,70301,The First Cupronickel Coinage of Thailand (R.S. 116 / 1898 CE),The First Cupronickel Coinage of Thailand (R.S. 116 / 1898 CE),100.0,100.0,100.0,100.0,2026.0,2026.0,10.5281/zenodo.18158391,10.5281/zenodo.18158390,openalex,openalex
62731,64832,Synergistic Enhancement of Mechanical and Thermal Properties of Natural Rubber Composites via Interface Engineering using MXene Hybrid Fillers,Synergistic enhancement of mechanical and thermal properties of natural rubber composites via interface engineering using MXene hybrid fillers,100.0,100.0,100.0,100.0,2026.0,2026.0,10.2139/ssrn.6478760,10.1016/j.apsusc.2026.167399,openalex; crossref,openalex; crossref
72301,72181,Sri Lankan Tea Leaf Dataset,Sri Lankan Tea Leaf Dataset,100.0,100.0,100.0,100.0,2026.0,2026.0,10.17632/sjmy6k24d6.2,10.17632/sjmy6k24d6.1,openalex,openalex
70611,70572,Solitude Is Better Than Staying with Those Who Devalue Us: A State of Calm for Reflection,Solitude Is Better Than Staying with Those Who Devalue Us: A State of Calm for Reflection,100.0,100.0,100.0,100.0,2026.0,2026.0,10.5281/zenodo.18414138,10.5281/zenodo.18414275,openalex,openalex
70984,70983,SLIF-Brinjal: An In-Field Leaf Dataset for Disease Recognition in Precision Agriculture,SLIF-Brinjal: An In-Field Leaf Dataset for Disease Recognition in Precision Agriculture,100.0,100.0,100.0,100.0,2026.0,2026.0,10.17632/6yg6vktrc2,10.17632/6yg6vktrc2.1,openalex,openalex
72660,72648,Seima–Turbino Stone Projectile Morphometrics: Analysis Pipeline,Seima–Turbino Stone Projectile Morphometrics: Analysis Pipeline,100.0,100.0,100.0,100.0,2026.0,2026.0,10.5281/zenodo.20934739,10.5281/zenodo.20934740,openalex,openalex
70737,70735,Roman Power Gravity and Utopian Order,Roman Power Gravity and Utopian Order,100.0,100.0,100.0,100.0,2026.0,2026.0,10.5281/zenodo.18495703,10.5281/zenodo.18495702,openalex,openalex
73276,73265,"Research Excavation at New Place, Chapel Street, Stratford-upon-Avon","Research Excavation at New Place, Chapel Street, Stratford-upon-Avon",100.0,100.0,100.0,100.0,2026.0,2026.0,10.5284/1144471,10.5284/1144472,openalex,openalex
62152,71199,Post elimination of lymphatic filariasis: a situation analysis of brugian filariasis and vector potentialities within the filarial transmission belt in Sri Lanka,Post elimination of lymphatic filariasis: a situation analysis of brugian filariasis and vector potentialities within the filarial transmission belt in Sri Lanka,100.0,100.0,100.0,100.0,2026.0,2026.0,10.1186/s13071-026-07264-w,10.6084/m9.figshare.c.8343870.v1,openalex; crossref,openalex
73217,73238,Open hardware wearable inertial sensor prototype for local fall alerting in supervised elder-care settings,Open hardware wearable inertial sensor prototype for local fall alerting in supervised elder-care settings,100.0,100.0,100.0,100.0,2026.0,2026.0,10.5281/zenodo.21390054,10.5281/zenodo.21390053,openalex,openalex
71866,72262,Metadata management workflow across the different components of the ITINERIS HUB,Metadata management workflow across the different components of the ITINERIS HUB,100.0,100.0,100.0,100.0,2026.0,2026.0,10.5281/zenodo.19877454,10.5281/zenodo.20342491,openalex,openalex
70673,70674,Mansa Musa and the Gold Saturation Effect in the World Economic System,Mansa Musa and the Gold Saturation Effect in the World Economic System,100.0,100.0,100.0,100.0,2026.0,2026.0,10.5281/zenodo.18446976,10.5281/zenodo.18446975,openalex,openalex
90892,84474,Malt amylases and exogenous amylase in the preparation of malt extract,Malt amylases and exogenous amylase in the preparation of malt extract,100.0,100.0,100.0,100.0,1993.0,1993.0,,,repositories_combined,repositories_combined
76622,109603,Diagnosis of Pemphigus vulgaris with Immunoperoxidase staining for IgG and C3,Diagnosis of pemphigus vulgaris with immunoperoxidase staining for IgG and C3,100.0,100.0,100.0,100.0,1992.0,1992.0,,,repositories_combined,repositories_combined
152432,109174,Spontaneous breaking of L-D symmetry in biochemical evolution,Spontaneous breaking of L-D symmetry in biochemical evolution,100.0,100.0,100.0,100.0,1987.0,1987.0,10.4038/jnsfsr.v15i1.8301,,sljol; repositories_combined,repositories_combined
120271,123214,PHOTOCATALYSIS WITH SEMICONDUCTOR MATERIALS,Photocatalysis with Semiconductor Materials,100.0,100.0,100.0,100.0,1987.0,1987.0,,,repositories_combined,repositories_combined
109704,152232,An evaluation of a colorimetric procedure for the estimation of glycosylated haemoglobin and the establishment of reference values for Sri Lanka,An evaluation of a colorimetric procedure for the estimation of glycosylated haemoglobin and the establishment of reference values for Sri Lanka,100.0,100.0,100.0,100.0,1985.0,1985.0,,10.4038/jnsfsr.v13i2.8342,repositories_combined,sljol; repositories_combined
150308,109148,The genesis of thorium-rich monazite placer deposits in Sri Lanka,The genesis of thorium-rich monazite placer deposits in Sri Lanka,100.0,100.0,100.0,100.0,1983.0,1983.0,10.4038/jnsfsr.v11i1.8405,,sljol; repositories_combined,repositories_combined
103251,144601,Genesis and constitution of Sri Lanka laterites,Genesis and constitution of Sri Lanka laterites,100.0,100.0,100.0,100.0,1983.0,1983.0,,10.4038/jnsfsr.v11i2.8390,repositories_combined,sljol; repositories_combined
155893,99550,Determination of piperine in pepper (Piper nigrum L),Determination of piperine in pepper (Piper nigrum L),100.0,100.0,100.0,100.0,1983.0,1983.0,10.4038/jnsfsr.v11i1.8408,,sljol; repositories_combined,repositories_combined
117161,115630,Some corrections of Geiger's Mahavamsa translation,Some corrections of Geiger's Mahavamsa translation,100.0,100.0,100.0,100.0,1949.0,1949.0,,,repositories_combined,repositories_combined
86485,118761,"The adoption of computerized accounting system (cas) in small and medium scales enterprises(smes): with special reference to smes located in matara district, sri lanka","The Adoption of Computerized Accounting System (CAS) in Small and Medium Scale Enterprises (SMEs): With Special Reference to SMEs located in Matara District, Sri Lanka",99.69,99.69,99.67,99.69,2019.0,2019.0,,,repositories_combined,repositories_combined
72712,72724,Additional file 13 of Sex-dependent interferon signaling contributes to female-biased vulnerability in Alzheimer’s disease,Additional file 3 of Sex-dependent interferon signaling contributes to female-biased vulnerability in Alzheimer’s disease,99.59,99.59,99.59,99.59,2026.0,2026.0,10.6084/m9.figshare.32831713.v1,10.6084/m9.figshare.32831677.v1,openalex,openalex
72759,72712,Additional file 1 of Sex-dependent interferon signaling contributes to female-biased vulnerability in Alzheimer’s disease,Additional file 13 of Sex-dependent interferon signaling contributes to female-biased vulnerability in Alzheimer’s disease,99.59,99.59,99.59,99.59,2026.0,2026.0,10.6084/m9.figshare.32831671,10.6084/m9.figshare.32831713.v1,openalex,openalex
125166,122460,Effect of Water Hyacinth (Eichhornia crassipes) compost mixtures on growth attribute of Chilli (Capsicum annuum).,Effect of Water Hyacinth (Eichhornia crassipes) compost mixtures on growth attributes of Chilli (Capsicum annuum),99.54,99.54,99.53,99.54,2021.0,2021.0,,,repositories_combined,repositories_combined
36664,50518,Sickle cell disease in Sri Lanka: clinical and molecular basis and the unanswered questions about disease severity,Sickle cell disease in Sri Lanka: Clinical and molecular basis and the unanswered questions about disease severeity.,99.56,99.56,99.51,99.54,2020.0,2020.0,10.1186/s13023-020-01458-w,10.21203/rs.2.23845/v2,openalex; crossref,openalex; crossref
70587,70617,"FIGURE 16 in Study of the tribe Gastrodieae (Orchidaceae, Epidendroideae) in Sri Lanka II: Revisiting genera Didymoplexis and Gastrodia with descriptions of one new species in each and notes on the specimen C.P.3463 housed at PDA","FIGURE 18 in Study of the tribe Gastrodieae (Orchidaceae, Epidendroideae) in Sri Lanka II: Revisiting genera Didymoplexis and Gastrodia with descriptions of one new species in each and notes on the specimen C.P.3463 housed at PDA",99.56,99.56,99.52,99.54,2025.0,2025.0,10.5281/zenodo.18421065,10.5281/zenodo.18421071,openalex,openalex
70619,70617,"FIGURE 15 in Study of the tribe Gastrodieae (Orchidaceae, Epidendroideae) in Sri Lanka II: Revisiting genera Didymoplexis and Gastrodia with descriptions of one new species in each and notes on the specimen C.P.3463 housed at PDA","FIGURE 18 in Study of the tribe Gastrodieae (Orchidaceae, Epidendroideae) in Sri Lanka II: Revisiting genera Didymoplexis and Gastrodia with descriptions of one new species in each and notes on the specimen C.P.3463 housed at PDA",99.56,99.56,99.52,99.54,2025.0,2025.0,10.5281/zenodo.18421061,10.5281/zenodo.18421071,openalex,openalex
70620,70587,"FIGURE 14 in Study of the tribe Gastrodieae (Orchidaceae, Epidendroideae) in Sri Lanka II: Revisiting genera Didymoplexis and Gastrodia with descriptions of one new species in each and notes on the specimen C.P.3463 housed at PDA","FIGURE 16 in Study of the tribe Gastrodieae (Orchidaceae, Epidendroideae) in Sri Lanka II: Revisiting genera Didymoplexis and Gastrodia with descriptions of one new species in each and notes on the specimen C.P.3463 housed at PDA",99.56,99.56,99.52,99.54,2025.0,2025.0,10.5281/zenodo.18421060,10.5281/zenodo.18421065,openalex,openalex
70620,70619,"FIGURE 14 in Study of the tribe Gastrodieae (Orchidaceae, Epidendroideae) in Sri Lanka II: Revisiting genera Didymoplexis and Gastrodia with descriptions of one new species in each and notes on the specimen C.P.3463 housed at PDA","FIGURE 15 in Study of the tribe Gastrodieae (Orchidaceae, Epidendroideae) in Sri Lanka II: Revisiting genera Didymoplexis and Gastrodia with descriptions of one new species in each and notes on the specimen C.P.3463 housed at PDA",99.56,99.56,99.52,99.54,2025.0,2025.0,10.5281/zenodo.18421060,10.5281/zenodo.18421061,openalex,openalex
70620,70617,"FIGURE 14 in Study of the tribe Gastrodieae (Orchidaceae, Epidendroideae) in Sri Lanka II: Revisiting genera Didymoplexis and Gastrodia with descriptions of one new species in each and notes on the specimen C.P.3463 housed at PDA","FIGURE 18 in Study of the tribe Gastrodieae (Orchidaceae, Epidendroideae) in Sri Lanka II: Revisiting genera Didymoplexis and Gastrodia with descriptions of one new species in each and notes on the specimen C.P.3463 housed at PDA",99.56,99.56,99.52,99.54,2025.0,2025.0,10.5281/zenodo.18421060,10.5281/zenodo.18421071,openalex,openalex
70587,70619,"FIGURE 16 in Study of the tribe Gastrodieae (Orchidaceae, Epidendroideae) in Sri Lanka II: Revisiting genera Didymoplexis and Gastrodia with descriptions of one new species in each and notes on the specimen C.P.3463 housed at PDA","FIGURE 15 in Study of the tribe Gastrodieae (Orchidaceae, Epidendroideae) in Sri Lanka II: Revisiting genera Didymoplexis and Gastrodia with descriptions of one new species in each and notes on the specimen C.P.3463 housed at PDA",99.56,99.56,99.52,99.54,2025.0,2025.0,10.5281/zenodo.18421065,10.5281/zenodo.18421061,openalex,openalex
168686,158306,Improving geospatial data discovery by enhancing public metadata catalog search services,Improving geospatial data discovery by enhancing public metadata catalog search service,99.43,99.43,99.43,99.43,2013.0,2013.0,,,repositories_combined,repositories_combined
82729,98738,Online Trigger System to select particle Generated in High Multiplicity Environments,Online trigger system to select particles generated in high multiplicity environments,99.41,99.41,99.41,99.41,2000.0,2000.0,,,repositories_combined,repositories_combined
69238,69185,Additional file 3 of The NORMAN Suspect List Exchange (NORMAN-SLE): facilitating European and worldwide collaboration on suspect screening in high resolution mass spectrometry,Additional file 4 of The NORMAN Suspect List Exchange (NORMAN-SLE): facilitating European and worldwide collaboration on suspect screening in high resolution mass spectrometry,99.42,99.42,99.36,99.4,2022.0,2022.0,10.6084/m9.figshare.21382490,10.6084/m9.figshare.21382496,openalex,openalex
69188,69259,Additional file 1 of Advances in understanding Norway spruce natural resistance to needle bladder rust infection: transcriptional and secondary metabolites profiling,Additional file 7 of Advances in understanding Norway spruce natural resistance to needle bladder rust infection: transcriptional and secondary metabolites profiling,99.39,99.39,99.39,99.39,2022.0,2022.0,10.6084/m9.figshare.20057465,10.6084/m9.figshare.20057513,openalex,openalex
69244,69203,Additional file 3 of European first-year university students accept evolution but lack substantial knowledge about it: a standardized European cross-country assessment,Additional file 5 of European first-year university students accept evolution but lack substantial knowledge about it: a standardized European cross-country assessment,99.4,99.4,99.36,99.39,2022.0,2022.0,10.6084/m9.figshare.17104023,10.6084/m9.figshare.17104032,openalex,openalex
104317,104632,Effect of calcium and potassium fertilizer applied at the time of planting on the control of internal browning under cold storage of mauritius Pinaapple,Effect of calcium and potassium fertilizer applied at the time of planting on the control of internal browning under cold storage of Mauritius pineapple,99.34,99.34,99.28,99.32,2000.0,2000.0,,,repositories_combined,repositories_combined
70951,70957,Additional file 7 of Investigating genetic differentiation between brackish and fresh water collections of the arboviral vector Aedes aegypti,Additional file 3 of Investigating genetic differentiation between brackish and fresh water collections of the arboviral vector Aedes aegypti,99.29,99.29,99.28,99.29,2026.0,2026.0,10.6084/m9.figshare.31360606.v1,10.6084/m9.figshare.31360594,openalex,openalex
47849,86866,Assessment of Yield Loss in Green Gram (Vigna radiata (L.) R. Wilczek) Cultivation and Estimation of Weed-Free Period for Eco-Friendly Weed Management,Assessment of Yield Loss in Green Gram (Vigna radiate (L) R. Wilczek) Cultivation and Estimation of Weed-Free Period for Eco-Friendly Weed Management,99.31,99.31,99.26,99.29,2021.0,2021.0,10.3390/iecag2021-09691,,openalex; crossref,repositories_combined
70965,70951,Additional file 6 of Investigating genetic differentiation between brackish and fresh water collections of the arboviral vector Aedes aegypti,Additional file 7 of Investigating genetic differentiation between brackish and fresh water collections of the arboviral vector Aedes aegypti,99.29,99.29,99.28,99.29,2026.0,2026.0,10.6084/m9.figshare.31360603.v1,10.6084/m9.figshare.31360606.v1,openalex,openalex
70965,70957,Additional file 6 of Investigating genetic differentiation between brackish and fresh water collections of the arboviral vector Aedes aegypti,Additional file 3 of Investigating genetic differentiation between brackish and fresh water collections of the arboviral vector Aedes aegypti,99.29,99.29,99.28,99.29,2026.0,2026.0,10.6084/m9.figshare.31360603.v1,10.6084/m9.figshare.31360594,openalex,openalex
69271,69264,Additional file 10 of CRISPR/dCAS9-mediated DNA demethylation screen identifies functional epigenetic determinants of colorectal cancer,Additional file 16 of CRISPR/dCAS9-mediated DNA demethylation screen identifies functional epigenetic determinants of colorectal cancer,99.26,99.26,99.24,99.25,2023.0,2023.0,10.6084/m9.figshare.24022779,10.6084/m9.figshare.24022797,openalex,openalex
69186,69176,Additional file 9 of CRISPR/dCAS9-mediated DNA demethylation screen identifies functional epigenetic determinants of colorectal cancer,Additional file 2 of CRISPR/dCAS9-mediated DNA demethylation screen identifies functional epigenetic determinants of colorectal cancer,99.25,99.25,99.24,99.25,2023.0,2023.0,10.6084/m9.figshare.24022776,10.6084/m9.figshare.24022755,openalex,openalex
93060,102651,A Survey of Harmonic Current at Several Industries in Sri Lanka,A survey of harmonic currents at several industries in Sri Lanka,99.21,99.21,99.21,99.21,2005.0,2005.0,,,repositories_combined,repositories_combined
72748,72724,Additional file 7 of Sex-dependent interferon signaling contributes to female-biased vulnerability in Alzheimer’s disease,Additional file 3 of Sex-dependent interferon signaling contributes to female-biased vulnerability in Alzheimer’s disease,99.17,99.17,99.17,99.17,2026.0,2026.0,10.6084/m9.figshare.32831692,10.6084/m9.figshare.32831677.v1,openalex,openalex
72759,72748,Additional file 1 of Sex-dependent interferon signaling contributes to female-biased vulnerability in Alzheimer’s disease,Additional file 7 of Sex-dependent interferon signaling contributes to female-biased vulnerability in Alzheimer’s disease,99.17,99.17,99.17,99.17,2026.0,2026.0,10.6084/m9.figshare.32831671,10.6084/m9.figshare.32831692,openalex,openalex
72759,72719,Additional file 1 of Sex-dependent interferon signaling contributes to female-biased vulnerability in Alzheimer’s disease,Additional file 9 of Sex-dependent interferon signaling contributes to female-biased vulnerability in Alzheimer’s disease,99.17,99.17,99.17,99.17,2026.0,2026.0,10.6084/m9.figshare.32831671,10.6084/m9.figshare.32831698.v1,openalex,openalex
72724,72719,Additional file 3 of Sex-dependent interferon signaling contributes to female-biased vulnerability in Alzheimer’s disease,Additional file 9 of Sex-dependent interferon signaling contributes to female-biased vulnerability in Alzheimer’s disease,99.17,99.17,99.17,99.17,2026.0,2026.0,10.6084/m9.figshare.32831677.v1,10.6084/m9.figshare.32831698.v1,openalex,openalex
72748,72719,Additional file 7 of Sex-dependent interferon signaling contributes to female-biased vulnerability in Alzheimer’s disease,Additional file 9 of Sex-dependent interferon signaling contributes to female-biased vulnerability in Alzheimer’s disease,99.17,99.17,99.17,99.17,2026.0,2026.0,10.6084/m9.figshare.32831692,10.6084/m9.figshare.32831698.v1,openalex,openalex
72759,72724,Additional file 1 of Sex-dependent interferon signaling contributes to female-biased vulnerability in Alzheimer’s disease,Additional file 3 of Sex-dependent interferon signaling contributes to female-biased vulnerability in Alzheimer’s disease,99.17,99.17,99.17,99.17,2026.0,2026.0,10.6084/m9.figshare.32831671,10.6084/m9.figshare.32831677.v1,openalex,openalex
105455,151852,Conditions necessary for inactivation of aflatoxin B1 and loss of mutagenecity in copra meal on chlorine gas treatment,CONDITIONS NECESSARY FOR INACTIVATION OF AFLATOXIN B1 AND LOSS OF MUTAGENICITY IN COPRA MEAL ON CHLORINE GAS TREATMENT,99.15,99.15,99.13,99.15,1991.0,1991.0,,10.4038/jnsfsr.v19i1.8169,repositories_combined,sljol; repositories_combined
73003,72997,Additional file 4 of Globalisation and environmental pressure in Europe: evidence from ecological footprint dynamics,Additional file 1 of Globalisation and environmental pressure in Europe: evidence from ecological footprint dynamics,99.13,99.13,99.13,99.13,2026.0,2026.0,10.6084/m9.figshare.32904678.v1,10.6084/m9.figshare.32904669.v1,openalex,openalex
80070,79812,A critical evaluation of the junior secondary school mathematics curriculam of the ministry of education of Sri Lanka,A critical evaluation of the junior secondery school mathematics curriculam of the ministry of education of Sri Lanka,99.15,99.15,99.04,99.11,1980.0,1980.0,,,repositories_combined,repositories_combined
72476,72484,Additional file 1 of “It’s never just one thing”: understanding risk factors for sports injuries in track and field,Additional file 4 of “It’s never just one thing”: understanding risk factors for sports injuries in track and field,99.11,99.11,99.11,99.11,2026.0,2026.0,10.6084/m9.figshare.32693191.v1,10.6084/m9.figshare.32693200.v1,openalex,openalex
72484,72486,Additional file 4 of “It’s never just one thing”: understanding risk factors for sports injuries in track and field,Additional file 1 of “It’s never just one thing”: understanding risk factors for sports injuries in track and field,99.11,99.11,99.11,99.11,2026.0,2026.0,10.6084/m9.figshare.32693200.v1,10.6084/m9.figshare.32693191,openalex,openalex
69841,69815,Additional file 4 of Breaking the cycle: long-term socio economic determinants of child labour in SAARC countries,Additional file 1 of Breaking the cycle: long-term socio economic determinants of child labour in SAARC countries,99.11,99.11,99.08,99.1,2025.0,2025.0,10.6084/m9.figshare.30662696,10.6084/m9.figshare.30662687,openalex,openalex
69827,69815,Additional file 3 of Breaking the cycle: long-term socio economic determinants of child labour in SAARC countries,Additional file 1 of Breaking the cycle: long-term socio economic determinants of child labour in SAARC countries,99.11,99.11,99.08,99.1,2025.0,2025.0,10.6084/m9.figshare.30662693,10.6084/m9.figshare.30662687,openalex,openalex
69841,69827,Additional file 4 of Breaking the cycle: long-term socio economic determinants of child labour in SAARC countries,Additional file 3 of Breaking the cycle: long-term socio economic determinants of child labour in SAARC countries,99.11,99.11,99.08,99.1,2025.0,2025.0,10.6084/m9.figshare.30662696,10.6084/m9.figshare.30662693,openalex,openalex
176321,179098,IDENTIFICATION OF CLONAL DIFFERENCES OF RUBBER (Hevea brasiliensis Muell. Arg.) BASED ON PHOTOSYNTHETIC PARAMETERS,Identification of Clonal Differences of Rubber (Heven brasiliensis muell. Arg.) Based on Photosynthetic Parameters,99.09,99.09,99.07,99.08,2012.0,2012.0,,,repositories_combined,repositories_combined
69273,69251,Additional file 15 of Genomic patterns of homozygosity and inbreeding depression in Murciano-Granadina goats,Additional file 13 of Genomic patterns of homozygosity and inbreeding depression in Murciano-Granadina goats,99.07,99.07,99.05,99.07,2022.0,2022.0,10.6084/m9.figshare.19336104,10.6084/m9.figshare.19336098,openalex,openalex
69271,69176,Additional file 10 of CRISPR/dCAS9-mediated DNA demethylation screen identifies functional epigenetic determinants of colorectal cancer,Additional file 2 of CRISPR/dCAS9-mediated DNA demethylation screen identifies functional epigenetic determinants of colorectal cancer,98.88,98.88,99.23,98.99,2023.0,2023.0,10.6084/m9.figshare.24022779,10.6084/m9.figshare.24022755,openalex,openalex
69271,69186,Additional file 10 of CRISPR/dCAS9-mediated DNA demethylation screen identifies functional epigenetic determinants of colorectal cancer,Additional file 9 of CRISPR/dCAS9-mediated DNA demethylation screen identifies functional epigenetic determinants of colorectal cancer,98.88,98.88,99.23,98.99,2023.0,2023.0,10.6084/m9.figshare.24022779,10.6084/m9.figshare.24022776,openalex,openalex
69264,69176,Additional file 16 of CRISPR/dCAS9-mediated DNA demethylation screen identifies functional epigenetic determinants of colorectal cancer,Additional file 2 of CRISPR/dCAS9-mediated DNA demethylation screen identifies functional epigenetic determinants of colorectal cancer,98.88,98.88,99.23,98.99,2023.0,2023.0,10.6084/m9.figshare.24022797,10.6084/m9.figshare.24022755,openalex,openalex
69186,69264,Additional file 9 of CRISPR/dCAS9-mediated DNA demethylation screen identifies functional epigenetic determinants of colorectal cancer,Additional file 16 of CRISPR/dCAS9-mediated DNA demethylation screen identifies functional epigenetic determinants of colorectal cancer,98.88,98.88,99.23,98.99,2023.0,2023.0,10.6084/m9.figshare.24022776,10.6084/m9.figshare.24022797,openalex,openalex
56628,27448,Homodimerization of CB 2 cannabinoid receptor triggered by a bivalent ligand enhances cellular signaling,Homodimerization of CB2 cannabinoid receptor triggered by a bivalent ligand enhances cellular signaling,99.52,98.55,98.55,98.94,2024.0,2024.0,10.1101/2024.05.10.593612,10.1016/j.phrs.2024.107363,openalex; crossref,openalex; crossref
104184,101202,The use of plucking machines for harvesting tea,The use of plucking machines for harvesing tea,98.92,98.92,98.92,98.92,1982.0,1982.0,,,repositories_combined,repositories_combined
72748,72712,Additional file 7 of Sex-dependent interferon signaling contributes to female-biased vulnerability in Alzheimer’s disease,Additional file 13 of Sex-dependent interferon signaling contributes to female-biased vulnerability in Alzheimer’s disease,98.77,98.77,99.17,98.89,2026.0,2026.0,10.6084/m9.figshare.32831692,10.6084/m9.figshare.32831713.v1,openalex,openalex
72712,72719,Additional file 13 of Sex-dependent interferon signaling contributes to female-biased vulnerability in Alzheimer’s disease,Additional file 9 of Sex-dependent interferon signaling contributes to female-biased vulnerability in Alzheimer’s disease,98.77,98.77,99.17,98.89,2026.0,2026.0,10.6084/m9.figshare.32831713.v1,10.6084/m9.figshare.32831698.v1,openalex,openalex
69218,69251,Additional file 7 of Genomic patterns of homozygosity and inbreeding depression in Murciano-Granadina goats,Additional file 13 of Genomic patterns of homozygosity and inbreeding depression in Murciano-Granadina goats,98.6,98.6,99.03,98.73,2022.0,2022.0,10.6084/m9.figshare.19336125,10.6084/m9.figshare.19336098,openalex,openalex
69218,69273,Additional file 7 of Genomic patterns of homozygosity and inbreeding depression in Murciano-Granadina goats,Additional file 15 of Genomic patterns of homozygosity and inbreeding depression in Murciano-Granadina goats,98.6,98.6,99.03,98.73,2022.0,2022.0,10.6084/m9.figshare.19336125,10.6084/m9.figshare.19336104,openalex,openalex
78547,78389,A Psychological Study on Burnout among Tamil Medium Secondary School Teachers,A Psychological Study Burnout among Tamil Medium Secondary School Teachers,98.01,98.01,100.0,98.61,2012.0,2012.0,,,repositories_combined,repositories_combined
154795,141369,Research Abstracts Presented at the Annual Academic Sessions 2024,Research abstracts presented at the Annual Academic Sessions 2023,98.46,98.46,98.46,98.46,2024.0,2024.0,10.4038/slaj.v8i1.243,10.4038/slaj.v7i2.219,sljol; repositories_combined,sljol; repositories_combined
105677,20775,"Use of liver histological alterations and erythrocytic nuclear abnormalities of two native fish species in Kelani River, Sri Lanka as biomarkers for pollution impact assessments","Use of liver histological alterations and erythrocytic nuclear abnormalities of two native fish in Kelani River, Sri Lanka as biomarkers for pollution impact assessments",97.67,97.67,100.0,98.37,2020.0,2020.0,,10.4038/jnsfsr.v48i1.9937,repositories_combined,openalex; crossref; sljol; repositories_combined
85652,85653,PHAMP 4143 - Molecular Biology and Pharmaceutical Biotechnology,PHAMP 4144 - Molecular Biology and Pharmaceutical Biotechnology,98.36,98.36,98.36,98.36,2024.0,2024.0,,,repositories_combined,repositories_combined
15610,122802,Health Related Quality of Life of Children with Thalassemia Major in Two Selected Hospitals in Sri Lanka,Health Related Quality of Life of Children with Thalassemia Major in Two Selected Hospitals in Sri L,98.04,98.04,98.92,98.3,2020.0,2020.0,10.31357/jhsir.v1i01.4773,,openalex; crossref,repositories_combined
122730,157565,An improved kNN algorithm using K-means and fastText to predict sentiments expressed in Tamil texts,An improved kNN algorithm using k-means and Fast text to predict sentiments expressed in Tamil texts,99.5,95.48,99.5,98.29,2020.0,2020.0,,,repositories_combined,repositories_combined
160165,170871,Flight search optimization using in-memory data management,Flight search optimisation using in-memory data management,98.28,98.28,98.28,98.28,2013.0,2013.0,,,repositories_combined,repositories_combined
177245,173169,VALUE ADDITION TO BITTER GOURD (Momordica charantia) BY PREPARING A LOW BITTERNESS SPREAD,Value Addition to Bitter Gourd (Momordica Charanda) by Preparing a Low Bitterness Spread,98.27,98.27,98.27,98.27,2010.0,2010.0,,,repositories_combined,repositories_combined
97221,85933,A rare cause of acute abfomen:torsion of a second spleen,A rare cause of acute abdomen:torsion of a second spleen,98.21,98.21,98.04,98.16,2013.0,2013.0,,,repositories_combined,repositories_combined
176958,171639,Development of Fish Glue Using Skin of Yellow Fin Tuna (Thunnus Albacores) and Mahi-Mahi (Coryphaenidae Hippurus) and Characterization of Fish Glue Properties,Development of Fish Glue using Skin of Yellow fin tuna (Thunnus albacares) and Mahi-mahi (Coryphaenidae hippurus) and Characterization of glue Properties,97.69,97.69,99.22,98.15,2012.0,2012.0,,,repositories_combined,repositories_combined
74939,73407,තොරතුරු තාක්ෂණය පිළිබඳ පදනම් පාඨමාලාව (ප්‍රායෝගික) – FNDI 21010,තොරතුරු තාක්ෂණය පිළිබඳ පදනම් පාඨමාලාව (ප්‍රායෝගික) – FNDI 11010,98.21,98.21,97.83,98.1,2019.0,2019.0,,,repositories_combined,repositories_combined
177422,178333,Identification and Characterizing of Potassium Solubilizing Bacteria Grown on Old Mica Heaps,Identification and Characterization of Potassium Solubilizing Bacteria Grown on Old Mica Heaps,97.85,97.85,97.85,97.85,2012.0,2012.0,,,repositories_combined,repositories_combined
85070,85069,NURNP 2205- Nursing Principles & Procedures III,NURNP 2201- Nursing Principles & Procedures III,97.73,97.73,97.73,97.73,2014.0,2014.0,,,repositories_combined,repositories_combined
12331,12387,Impact of COVID-19 on Sri Lankan Economiy,Impact of COVID-19 on Sri Lanka Economy,97.5,97.5,97.5,97.5,2021.0,2021.0,10.2139/ssrn.3909525,10.2139/ssrn.3913679,openalex; crossref,openalex; crossref
178608,177063,The Effect of Strategic Knowledge Management Intentions on Firm Innovativeness: A Study with Reference to Software Development Industry in Sri Lanka,The Effect of Strategic Knowledge Management Intentions on Firm Innovativeness: Study with Special reference to Software Development Industry in Sri Lanka,96.67,96.67,99.32,97.46,2013.0,2013.0,,,repositories_combined,repositories_combined
150729,144842,Paediatric Crossword Puzzle – 22 (Answers),Paediatric crossword puzzle 21 (Answers),97.37,97.37,97.37,97.37,2014.0,2014.0,10.4038/sljch.v43i2.7020,10.4038/sljch.v43i1.6670,sljol; repositories_combined,sljol; repositories_combined
144842,146100,Paediatric crossword puzzle 21 (Answers),Paediatric crossword puzzle – 23 (Answers),97.37,97.37,97.37,97.37,2014.0,2014.0,10.4038/sljch.v43i1.6670,10.4038/sljch.v43i3.7387,sljol; repositories_combined,sljol; repositories_combined
150729,146100,Paediatric Crossword Puzzle – 22 (Answers),Paediatric crossword puzzle – 23 (Answers),97.37,97.37,97.37,97.37,2014.0,2014.0,10.4038/sljch.v43i2.7020,10.4038/sljch.v43i3.7387,sljol; repositories_combined,sljol; repositories_combined
84883,84885,NURCH 2234- Community Health Nursing I,NURCH 2243- Community Health Nursing I,97.3,97.3,97.3,97.3,2022.0,2022.0,,,repositories_combined,repositories_combined
125514,121982,EIE 7211 - 2022 March - Optical Fiber Communication,EIE 7211 - 2022 March - Optical Fiber Communication (N/C),95.92,95.92,100.0,97.14,2022.0,2022.0,,,repositories_combined,repositories_combined
82194,77971,COMPETENT AND COMMITTED LABOUR FOR DEVELOPMENT OF PRIVATISED PLANTATION SECTOR OF UP COUNTRY TEA INDUSTRY,Competent and Committed labour for development of privatized plantation sector of up country industry,97.09,97.09,97.0,97.06,2007.0,2007.0,,,repositories_combined,repositories_combined
179291,173384,MANAGING HUMAN RESOURCES-EMG172-3,MANAGING HUMAN RESOURCES-EMG152-3,96.97,96.97,96.97,96.97,2013.0,2013.0,,,repositories_combined,repositories_combined
76739,78026,A Study on the Current Practice of the Non- formal Education Programmes in the Community Learning Centres in Sri Lanka.,A study on the Current Practices of the Nonformal Education Programmes in the Community Learning Centres in Sri Lanka,99.15,94.02,96.23,96.73,2004.0,2004.0,,,repositories_combined,repositories_combined
175648,174428,BASIC ANIMAL NUTRION-ANS112-2,BASIC ANIMAL NUTRITION-ANS112-2,96.67,96.67,96.67,96.67,2012.0,2012.0,,,repositories_combined,repositories_combined
174707,172410,INVESTMENT MANAGEMENT-EMG261-2,INVESTMENT MANAGEMENT-EMG213-2,96.67,96.67,96.67,96.67,2012.0,2012.0,,,repositories_combined,repositories_combined
148046,140459,Paediatric crossword puzzle 28,Paediatric crossword puzzle 27,96.67,96.67,96.67,96.67,2015.0,2015.0,10.4038/sljch.v44i3.8022,10.4038/sljch.v44i2.7995,sljol; repositories_combined,sljol; repositories_combined
81007,79270,Aminoglycoside in advanced renal failure,Aminoglycoside use in advanced renal failure,95.24,95.24,100.0,96.67,1984.0,1984.0,,,repositories_combined,repositories_combined
53910,52855,Work related factors affecting the retention of medical officers in the preventive health sector in Sri Lanka,Work-related factors affecting the retention of medical officers in the preventive healthcare sector of Sri Lanka,96.4,95.5,98.08,96.63,2020.0,2020.0,10.21203/rs.3.rs-21948/v1,10.21203/rs.3.rs-21948/v2,openalex; crossref,openalex; crossref
163673,167907,Comparative analysis of adjudication and arbitration methods in Sri Lankan construction industry,Comparative Analysis of Adjudication and Arbitration Methods in Sri Lankan Construction,95.08,95.08,100.0,96.56,2015.0,2015.0,,,repositories_combined,repositories_combined
74666,75751,Compulsory English -COEN 21010,Compulsory English- COEN 11010,96.55,96.55,96.55,96.55,2017.0,2017.0,,,repositories_combined,repositories_combined
73399,73712,English Literature - ENGL 22033,English Literature - ENGL 32033,96.55,96.55,96.55,96.55,2017.0,2017.0,,,repositories_combined,repositories_combined
54038,50398,Is Leishmaniasis adequately notified in Sri Lanka? A survey among doctors from high endemic district of Sri Lanka.,"Is Leishmaniasis adequately notified in Sri Lanka? A survey among doctors from an endemic district, Sri Lanka.",95.89,94.98,98.43,96.38,2020.0,2020.0,10.21203/rs.2.19233/v2,10.21203/rs.2.19233/v3,openalex; crossref,openalex; crossref
111906,66506,Identifying factors affecting the success of rural self-employment: a study based on Ambalantota divisional secretariat,IDENTIFYING FACTORS AFFECTING THE SUCCESS OF RURAL SELF-EMPLOYMENT: A STUDY BASED ON AMBALANTOTA DIVISIONAL SECRETARIAT IN SRI LANKA,94.78,94.78,100.0,96.35,2018.0,2018.0,,,repositories_combined,openalex
131808,131829,12 Batch - NUR 2123 - (2018/2019),12 Batch - NUR 2212 - (2018/2019),96.3,96.3,96.3,96.3,2022.0,2022.0,,,repositories_combined,repositories_combined
131690,131695,10 Batch - MLS 2102 - (2016/2017),10 Batch - MLS 2202 - (2016/2017),96.3,96.3,96.3,96.3,2020.0,2020.0,,,repositories_combined,repositories_combined
118503,131874,05 Batch - MLS 3101 - (2011/2012),05 Batch - MLS 3102 - (2011/2012),96.3,96.3,96.3,96.3,2016.0,2016.0,,,repositories_combined,repositories_combined
131740,119438,14 Batch - NUR 1112 - (2020/2021),14 Batch - NUR 1211 - (2020/2021),96.3,96.3,96.3,96.3,2023.0,2023.0,,,repositories_combined,repositories_combined
131955,131944,04 Batch - MLS 3104 - (2010/2011),04 Batch - MLS 3101 - (2010/2011),96.3,96.3,96.3,96.3,2016.0,2016.0,,,repositories_combined,repositories_combined
103051,101698,Error analysis of a digital photogrammetric technique,Error analysis of the digital photogrammetric technique,96.3,94.44,98.08,96.27,,,,,repositories_combined,repositories_combined
70693,70584,MRPT/mrpt: Release of v2.15.7,MRPT/mrpt: Release of v2.15.6,96.43,96.43,95.65,96.2,2026.0,2026.0,10.5281/zenodo.18475132,10.5281/zenodo.18422000,openalex,openalex
85796,85813,"Prevalence of anaemia and its associated risk factors among type 2 diabetic patients attending the Diabetic Centre, Teaching Hospital Jaffna","Prevalence of Iron Deficiency Anaemia and its associated risk factors Among Type 2 Diabetic Patients Attending the Diabetic Centre, Teaching Hospital Jaffna",94.56,94.56,100.0,96.19,2023.0,2023.0,,,repositories_combined,repositories_combined
80133,12694,Relationship between undergraduates’ University-Library Usage for Academic Purpose and their Academic Performance in Sri Lankan Universities,Relationship between the Undergraduates University Library Usage for Academic Purpose and Academic Performance in Sri Lankan State Universities,94.33,97.16,97.64,96.17,2022.0,2022.0,,10.2139/ssrn.4309793,repositories_combined,openalex; crossref
7947,174693,Exploring the Effectiveness of Search Engine Optimization Tactics for Dynamic Websites in Sri Lanka,Exploring the Effectiveness of Search Engine Optimization Tactics for Dynamic Websites in Sri Lankan Context,95.65,95.65,96.88,96.02,2019.0,2019.0,10.1109/mercon.2019.8818903,,openalex; crossref,repositories_combined
156003,25390,Editorial Vol.6(1),Editorial Vol.1(1),94.12,94.12,100.0,95.88,2020.0,2020.0,10.4038/nsbmjm.v6i1.49,10.4038/ucr.v1i1.24,sljol; repositories_combined,openalex; crossref; sljol; repositories_combined
148328,152716,From the Editor Vol.40 (1),From the Editor Vol.40 (4),95.83,95.83,95.83,95.83,2007.0,2007.0,10.4038/engineer.v40i1.7123,10.4038/engineer.v40i4.7147,sljol; repositories_combined,sljol; repositories_combined
146379,141646,From the Editor Vol. 46(2),From the Editor Vol. 46(4),95.83,95.83,95.83,95.83,2013.0,2013.0,10.4038/engineer.v46i2.6905,10.4038/engineer.v46i4.6798,sljol; repositories_combined,sljol; repositories_combined
148328,153646,From the Editor Vol.40 (1),From the Editor Vol.40 (2),95.83,95.83,95.83,95.83,2007.0,2007.0,10.4038/engineer.v40i1.7123,10.4038/engineer.v40i2.7132,sljol; repositories_combined,sljol; repositories_combined
153646,152716,From the Editor Vol.40 (2),From the Editor Vol.40 (4),95.83,95.83,95.83,95.83,2007.0,2007.0,10.4038/engineer.v40i2.7132,10.4038/engineer.v40i4.7147,sljol; repositories_combined,sljol; repositories_combined
150411,144480,Editorial Vol.4(2),Editorial Vol.4,93.75,93.75,100.0,95.62,2014.0,2014.0,10.4038/sljid.v4i2.7566,10.4038/sljda.v4i0.7121,sljol; repositories_combined,sljol; repositories_combined
118971,137643,Development of a Formula to Quantify Emissions Generated from Diesel Vehicles in Sri Lanka,Development of a Formula to Quantity Emlsslons Generated from Dlesel Vehicles in Sri Lanka,95.56,95.56,95.56,95.56,2017.0,2017.0,,,repositories_combined,repositories_combined
159495,163460,RE-DIRECTING CONSERVATION RISKS TO DISASTER RISKS IN CONSERVINGWORLD HERITAGE SITES INMALAYSIA,Re-directing conservation risks to disaster risks in conserving world heritage sites in Malaysia,98.95,93.68,92.57,95.46,2016.0,2016.0,,,repositories_combined,repositories_combined
40233,50280,General practice is “different”: a qualitative study of adaptation experiences of East Staffordshire general practice speciality trainees,General practice is ‘different’: qualitative study of acculturation experiences of East Staffordshire general practice specialty trainees,95.52,95.52,94.74,95.29,2020.0,2020.0,10.1080/14739879.2020.1836520,10.3399/bjgp20x711101,openalex; crossref,openalex; crossref
75072,73573,පාලි නිර්දිෂ්ට ග්‍රන්ථ අධ්‍යයනය III - PALI 31013,පාලි නිර්දිෂ්ට ග්‍රන්ථ අධ්‍යයනය I – PALI 11013,95.24,95.24,95.24,95.24,2017.0,2017.0,,,repositories_combined,repositories_combined
174462,172965,CHEMISTRY & TECHNOLOGY OF COCONUT PRODUCTS-PLT343-3,CHEMISTRY & TECHNOLOGY OF COCNUT PRODUCTS-PLT341-2,94.85,94.85,94.85,94.85,2017.0,2017.0,,,repositories_combined,repositories_combined
83997,83999,Final examination medical degrees- January 2024: Medicine paper II,Final examination medical degrees- June 2024: Medicine paper II,94.4,94.4,95.73,94.8,2024.0,2024.0,,,repositories_combined,repositories_combined
165934,158652,"Coir pith activated carbon for the removal of dyes, organics and heavy metals from aqueous solutions",Coir pith activated carbon for the removal of organics and dyes from aqueous solutions,91.89,92.97,100.0,94.65,2008.0,2008.0,,,repositories_combined,repositories_combined
85465,85456,PHACH 1273- Pharmaceutical Chemistry I,PHACH 1206- Pharmaceutical Chemistry I,94.59,94.59,94.59,94.59,2015.0,2015.0,,,repositories_combined,repositories_combined
74380,74621,Foundation Course Information Technology (Practical) – FNDI 32020,Foundation Course in Information Technology (Practical) – FNDI 21010,94.4,94.4,94.83,94.53,2019.0,2019.0,,,repositories_combined,repositories_combined
100827,140359,Application of mass spectrometry to characterize the components present in a curcumin sample,Application of mass pectrometry to characterize the components present in curcumin Sample,98.34,85.08,98.34,94.36,2003.0,2003.0,,10.4038/sljp.v4i0.189,repositories_combined,sljol; repositories_combined
57493,29305,Enhanced Sensitivity in Photovoltaic 2D MoS 2 /Te Heterojunction VOC Sensors (Small 49/2024),Enhanced Sensitivity in Photovoltaic 2D MoS 2 /Te Heterojunction VOC Sensors,91.46,91.46,100.0,94.02,2024.0,2024.0,10.1002/smll.202470366,10.1002/smll.202402464,openalex; crossref,openalex; crossref
75325,73896,Foundation Course in Information Technology (Theory) - FNDI 31010,Foundation Course in Information Technology (Theory) - FNDI 12020 (Old),93.65,93.65,94.83,94.0,2023.0,2023.0,,,repositories_combined,repositories_combined
12327,12355,Economic Consequences and Impacts Due to the Outbreak of COVID-19 In Sri Lanka,Economic Consequences and Impacts Due to the Outbreak of Covid-19,90.91,90.91,100.0,93.64,2021.0,2021.0,10.2139/ssrn.3909386,10.2139/ssrn.3911436,openalex; crossref,openalex; crossref
173321,179526,RAPID APPICATION DEVELOPMENT-CST224-3,RAPID APPLIVATION DEVELOPMENT-CST243-3,93.33,93.33,93.33,93.33,2019.0,2019.0,,,repositories_combined,repositories_combined
119723,125859,2020 - PH 1213 - Revised Syllabus,2020 - PH 1112 - Revised Syllabus,93.1,93.1,93.1,93.1,2020.0,2020.0,,,repositories_combined,repositories_combined
84001,83999,Final examination medical degrees- November 2024: Medicine paper II,Final examination medical degrees- June 2024: Medicine paper II,93.65,88.89,95.73,92.84,2024.0,2024.0,,,repositories_combined,repositories_combined
131740,131727,14 Batch - NUR 1112 - (2020/2021),14 Batch - NUR 1232 - (2020/2021),92.59,92.59,92.59,92.59,2023.0,2023.0,,,repositories_combined,repositories_combined
131727,119438,14 Batch - NUR 1232 - (2020/2021),14 Batch - NUR 1211 - (2020/2021),92.59,92.59,92.59,92.59,2023.0,2023.0,,,repositories_combined,repositories_combined
131897,131953,06 Batch - MLS 3103 - (2012/2013),06 Batch - MLS 3202 - (2012/2013),92.59,92.59,92.59,92.59,2017.0,2017.0,,,repositories_combined,repositories_combined
150956,152549,From the Journals Vol.50(3),From the Journals Vol.51(4),92.31,92.31,92.31,92.31,2009.0,2009.0,10.4038/cmj.v50i3.1430,10.4038/cmj.v51i4.1144,sljol; repositories_combined,sljol; repositories_combined
110274,153178,1-phenyl-3-methyl-4-trifluoroacetyl-pyrazolone-5 as an extraction and spectrophotometric reagent for Fe(iii),1-PHENYL-3-METHYL-4-TRIFLUOROACETYL-PYRAZOLONE-5(HPMTFP)AS AN EXTRACTION AND SPECTROPHOTOMETRIC REAGENT FOR VANADIUM(V),90.67,89.78,96.62,92.19,1993.0,1993.0,,10.4038/jnsfsr.v21i1.8092,repositories_combined,sljol; repositories_combined
86073,86098,Second examination for medical degrees part I-2013:Parasitology,Second examination for medical degrees part II-2013:Pharmacology,94.49,86.61,94.49,92.13,2013.0,2013.0,,,repositories_combined,repositories_combined
147263,143048,Appreciation: Professor B.A. Abeywickrama,Appreciation: Professor B.A. Abeywickrama (1920-2011),88.64,88.64,100.0,92.05,2011.0,2011.0,10.4038/jnsfsr.v39i2.3181,10.4038/jnsfsr.v39i3.3632,sljol; repositories_combined,sljol; repositories_combined
149156,145530,Gas under the diaphragm in xray film may mislead,Gas under the diaphragm in x-ray film may mislead & Reply,93.2,87.38,94.51,91.85,2011.0,2011.0,10.4038/cmj.v47i3.3442,10.4038/cmj.v47i4.3430,sljol; repositories_combined,sljol; repositories_combined
150222,150729,Paediatric Crossword Puzzle 22,Paediatric Crossword Puzzle – 22 (Answers),88.24,88.24,100.0,91.76,2014.0,2014.0,10.4038/sljch.v43i1.6669,10.4038/sljch.v43i2.7020,sljol; repositories_combined,sljol; repositories_combined
81194,79306,IMPACT OF SECOND LANGUAGE CONCEPTS ON THE IMPROVEMENT OF WRITING SKILLS,IMPACT OF SECOND LANGUAGE CONCEPTS ON THE IMPROVEMENT OF WRITING SKILLS -AN ACTION RESEARCH,88.2,88.2,100.0,91.74,2006.0,2006.0,,,repositories_combined,repositories_combined
123356,123034,2022 - PH 4242,2022 - PH 4223,91.67,91.67,91.67,91.67,2022.0,2022.0,,,repositories_combined,repositories_combined
123356,124056,2022 - PH 4242,2022 - PH 4212,91.67,91.67,91.67,91.67,2022.0,2022.0,,,repositories_combined,repositories_combined
123550,122938,2021 - PH 4132,2021 - PH 4123,91.67,91.67,91.67,91.67,2021.0,2021.0,,,repositories_combined,repositories_combined
131659,131500,2024 - AH 2112,2024 - AH 2212,91.67,91.67,91.67,91.67,2024.0,2024.0,,,repositories_combined,repositories_combined
119061,126694,2016 - PH 4242,2016 - PH 4212,91.67,91.67,91.67,91.67,2016.0,2016.0,,,repositories_combined,repositories_combined
125984,124598,2023 - PH 2123,2023 - PH 2134,91.67,91.67,91.67,91.67,2023.0,2023.0,,,repositories_combined,repositories_combined
118979,124493,2023 - PH 4143,2023 - PH 4141,91.67,91.67,91.67,91.67,2023.0,2023.0,,,repositories_combined,repositories_combined
122239,126325,2022 - PH 2153,2022 - PH 2143,91.67,91.67,91.67,91.67,2022.0,2022.0,,,repositories_combined,repositories_combined
119093,125333,2020 - PH 3212,2020 - PH 3242,91.67,91.67,91.67,91.67,2020.0,2020.0,,,repositories_combined,repositories_combined
124332,118713,2022 - PH 2223,2022 - PH 3223,91.67,91.67,91.67,91.67,2022.0,2022.0,,,repositories_combined,repositories_combined
122371,126325,2022 - PH 4143,2022 - PH 2143,91.67,91.67,91.67,91.67,2022.0,2022.0,,,repositories_combined,repositories_combined
118713,123621,2022 - PH 3223,2022 - PH 3233,91.67,91.67,91.67,91.67,2022.0,2022.0,,,repositories_combined,repositories_combined
122505,124056,2022 - PH 4112,2022 - PH 4212,91.67,91.67,91.67,91.67,2022.0,2022.0,,,repositories_combined,repositories_combined
123034,124332,2022 - PH 4223,2022 - PH 2223,91.67,91.67,91.67,91.67,2022.0,2022.0,,,repositories_combined,repositories_combined
123034,124056,2022 - PH 4223,2022 - PH 4212,91.67,91.67,91.67,91.67,2022.0,2022.0,,,repositories_combined,repositories_combined
123034,118713,2022 - PH 4223,2022 - PH 3223,91.67,91.67,91.67,91.67,2022.0,2022.0,,,repositories_combined,repositories_combined
124493,125392,2023 - PH 4141,2023 - PH 4143,91.67,91.67,91.67,91.67,2023.0,2023.0,,,repositories_combined,repositories_combined
126639,126694,2016 - PH 4213,2016 - PH 4212,91.67,91.67,91.67,91.67,2016.0,2016.0,,,repositories_combined,repositories_combined
126694,123175,2016 - PH 4212,2016 - PH 4112,91.67,91.67,91.67,91.67,2016.0,2016.0,,,repositories_combined,repositories_combined
122125,118640,2016 - PH 2244,2016 - PH 2214,91.67,91.67,91.67,91.67,2016.0,2016.0,,,repositories_combined,repositories_combined
119185,124847,2017 - PH 1112,2017 - PH 1132,91.67,91.67,91.67,91.67,2017.0,2017.0,,,repositories_combined,repositories_combined
71487,71486,SMTG-Bham/sumo: v2.4.0,SMTG-Bham/sumo: v2.4.0.post1,87.5,87.5,100.0,91.25,2026.0,2026.0,10.5281/zenodo.19486205,10.5281/zenodo.19486493,openalex,openalex
144757,154462,Snippets from the worldwide web,Snippets from the world wide web,98.41,85.71,85.71,90.79,2009.0,2009.0,10.4038/sljch.v38i2.682,10.4038/sljch.v33i3.644,sljol; repositories_combined,sljol; repositories_combined
151214,144757,Snippets from the world wide web,Snippets from the worldwide web,98.41,85.71,85.71,90.79,2009.0,2009.0,10.4038/sljch.v32i2.729,10.4038/sljch.v38i2.682,sljol; repositories_combined,sljol; repositories_combined
148779,144757,Snippets from the world wide web,Snippets from the worldwide web,98.41,85.71,85.71,90.79,2009.0,2009.0,10.4038/sljch.v31i3.772,10.4038/sljch.v38i2.682,sljol; repositories_combined,sljol; repositories_combined
70589,70619,"FIGURE 17. Gastrodia javanica. A. Inflorescence. B. Flower bud. C. Floral bract. D in Study of the tribe Gastrodieae (Orchidaceae, Epidendroideae) in Sri Lanka II: Revisiting genera Didymoplexis and Gastrodia with descriptions of one new species in each and notes on the specimen C.P.3463 housed at PDA","FIGURE 15 in Study of the tribe Gastrodieae (Orchidaceae, Epidendroideae) in Sri Lanka II: Revisiting genera Didymoplexis and Gastrodia with descriptions of one new species in each and notes on the specimen C.P.3463 housed at PDA",86.99,86.99,99.27,90.68,2025.0,2025.0,10.5281/zenodo.18421068,10.5281/zenodo.18421061,openalex,openalex
70589,70617,"FIGURE 17. Gastrodia javanica. A. Inflorescence. B. Flower bud. C. Floral bract. D in Study of the tribe Gastrodieae (Orchidaceae, Epidendroideae) in Sri Lanka II: Revisiting genera Didymoplexis and Gastrodia with descriptions of one new species in each and notes on the specimen C.P.3463 housed at PDA","FIGURE 18 in Study of the tribe Gastrodieae (Orchidaceae, Epidendroideae) in Sri Lanka II: Revisiting genera Didymoplexis and Gastrodia with descriptions of one new species in each and notes on the specimen C.P.3463 housed at PDA",86.99,86.99,99.27,90.68,2025.0,2025.0,10.5281/zenodo.18421068,10.5281/zenodo.18421071,openalex,openalex
70587,70589,"FIGURE 16 in Study of the tribe Gastrodieae (Orchidaceae, Epidendroideae) in Sri Lanka II: Revisiting genera Didymoplexis and Gastrodia with descriptions of one new species in each and notes on the specimen C.P.3463 housed at PDA","FIGURE 17. Gastrodia javanica. A. Inflorescence. B. Flower bud. C. Floral bract. D in Study of the tribe Gastrodieae (Orchidaceae, Epidendroideae) in Sri Lanka II: Revisiting genera Didymoplexis and Gastrodia with descriptions of one new species in each and notes on the specimen C.P.3463 housed at PDA",86.99,86.99,99.27,90.68,2025.0,2025.0,10.5281/zenodo.18421065,10.5281/zenodo.18421068,openalex,openalex
70620,70589,"FIGURE 14 in Study of the tribe Gastrodieae (Orchidaceae, Epidendroideae) in Sri Lanka II: Revisiting genera Didymoplexis and Gastrodia with descriptions of one new species in each and notes on the specimen C.P.3463 housed at PDA","FIGURE 17. Gastrodia javanica. A. Inflorescence. B. Flower bud. C. Floral bract. D in Study of the tribe Gastrodieae (Orchidaceae, Epidendroideae) in Sri Lanka II: Revisiting genera Didymoplexis and Gastrodia with descriptions of one new species in each and notes on the specimen C.P.3463 housed at PDA",86.99,86.99,99.27,90.68,2025.0,2025.0,10.5281/zenodo.18421060,10.5281/zenodo.18421068,openalex,openalex
84001,83997,Final examination medical degrees- November 2024: Medicine paper II,Final examination medical degrees- January 2024: Medicine paper II,91.47,86.82,93.33,90.64,2024.0,2024.0,,,repositories_combined,repositories_combined
56564,5022,"Legal Capacity, Disability and Human Rights: Introduction","Legal Capacity, Disability and Human Rights",86.6,86.6,100.0,90.62,2023.0,2023.0,10.1017/9781839704284.002,10.1017/9781839704284,openalex; crossref,openalex; crossref
350,36231,Investigating Impact of Boundary Layer in Pervious Concrete,Investigation of boundary layer impact on pervious concrete,86.44,93.22,93.22,90.51,2022.0,2022.0,10.1007/978-3-030-87379-0_32,10.1080/10298436.2022.2111423,openalex; crossref; repositories_combined,openalex; crossref; repositories_combined
142691,150411,Editorial Vol.19(2),Editorial Vol.4(2),91.43,85.71,93.75,90.41,2014.0,2014.0,10.4038/jccpsl.v19i2.7587,10.4038/sljid.v4i2.7566,sljol; repositories_combined,sljol; repositories_combined
178768,178373,Effect of Dilution and Leaching Temperature on Extractable Protein Content in Natural Rubber Latex Gloves,Effect of Dilution Level and Leaching Temperature on the Protein Content in Natural Rubber Gloves,89.11,86.14,94.57,89.85,2013.0,2013.0,,,repositories_combined,repositories_combined
131821,131727,14 Batch - MLS 1232 - (2020/2021),14 Batch - NUR 1232 - (2020/2021),88.89,88.89,92.0,89.82,2023.0,2023.0,,,repositories_combined,repositories_combined
119569,127821,"In vitro Fermentation, Microbial Profile and Methanogenesis of Two Fibrous Feeds as Influenced by Exogenous Fibrolytic Enzyme Cellulase","In-vitro Fermentation, Microbial Profile and Methanogenesis of Two Fibrous Feeds as Influenced by Exogenous Fibrolytic Enzymes Xylanase and Combination of Xylanase and Cellulase.",86.45,86.45,97.32,89.71,2013.0,2013.0,,,repositories_combined,repositories_combined
131698,119164,07 Batch - MLS 1105 - (2013/2014) - End,07 Batch - MLS 1101 - (2013/2014),89.66,89.66,89.8,89.7,2015.0,2015.0,,,repositories_combined,repositories_combined
102502,110531,Budget 1989 - an overview,Budget 1989 - an overview - part II,85.19,85.19,100.0,89.63,1989.0,1989.0,,,repositories_combined,repositories_combined
91989,91988,Profitability of listed Telecom Companies in Sri Lanka: An inter and intra Comparison of SLT PLC & Dialog PLC. Financial Information and Strategies.,Profitability of listed Telecom Companies in Sri Lanka: An inter and intra Comparison of SLT PLC & Dialog PLC,85.14,85.14,100.0,89.6,2011.0,2011.0,,,repositories_combined,repositories_combined
117064,114026,Use of acrylamide based hydrogels for pre-concentration of trace level chromium ions,Use of acrylic based hydrogels for pre-concentration of trace level lead ions,89.44,88.2,90.37,89.35,2016.0,2016.0,,,repositories_combined,repositories_combined
83959,83960,Final examination medical degrees- 2018: Paediatrics paper II,Final examination medical degrees- 2018: Psychiatry paper II,90.6,85.47,90.6,89.06,2018.0,2018.0,,,repositories_combined,repositories_combined
125792,124399,CEE 6301 - 2022 January - Construction Processes and Technology (N/C),CEE 6301 - 2022 November - Construction Processes and Technology,87.8,87.8,91.89,89.03,2022.0,2022.0,,,repositories_combined,repositories_combined
178040,173589,COMPUTER NETWORKS-1-CST131-2,COMPUTER NETWORKS-CST232-2,88.89,88.89,88.89,88.89,2017.0,2017.0,,,repositories_combined,repositories_combined
171972,179028,AGRICULTURAL FARM MACHANIZATION-EAG202-2,AGRICULTURAL FARM MECHANIZATION-AAS202-2,92.5,80.0,92.5,88.75,2013.0,2013.0,,,repositories_combined,repositories_combined
12325,12339,The Impact of COVID-19 on Economy of Sri Lanka,The Impact of COVID-19 on the Sri Lankan Economy,78.72,91.49,98.85,88.59,2021.0,2021.0,10.2139/ssrn.3909354,10.2139/ssrn.3910286,openalex; crossref,openalex; crossref
12339,12345,The Impact of COVID-19 on the Sri Lankan Economy,The Impact of COVID-19 on Economy of Sri Lanka,78.72,91.49,98.85,88.59,2021.0,2021.0,10.2139/ssrn.3910286,10.2139/ssrn.3910899,openalex; crossref,openalex; crossref
85362,85361,"PHABP 1222 - Biochemistry for Pharmacy II (16th, 17th, & 18th)",PHABP 1222 - Biochemistry for Pharmacy II (14th Batch),88.46,88.46,88.46,88.46,2025.0,2025.0,,,repositories_combined,repositories_combined
86101,86075,Second examination for medical degrees part II-2014 Pathology,Second examination for medical degrees part I-2014 Microbiology,90.32,83.87,90.32,88.39,2014.0,2014.0,,,repositories_combined,repositories_combined
123149,124695,CEE 6253 - 2022 January - Ecological Engineering,CEE 6253 - 2022 November - Ecological Engineering,87.64,87.64,90.0,88.35,2022.0,2022.0,,,repositories_combined,repositories_combined
177668,177986,OPERATING SYSTEMS CONCEPT & DESIGN - CST322-2,OPERATING SYSTEMS CONCEPT & DESIGN - IIT413-2,90.24,82.93,90.67,88.18,2013.0,2013.0,,,repositories_combined,repositories_combined
150222,146100,Paediatric Crossword Puzzle 22,Paediatric crossword puzzle – 23 (Answers),85.29,85.29,94.74,88.13,2014.0,2014.0,10.4038/sljch.v43i1.6669,10.4038/sljch.v43i3.7387,sljol; repositories_combined,sljol; repositories_combined
150222,144842,Paediatric Crossword Puzzle 22,Paediatric crossword puzzle 21 (Answers),85.29,85.29,94.74,88.13,2014.0,2014.0,10.4038/sljch.v43i1.6669,10.4038/sljch.v43i1.6670,sljol; repositories_combined,sljol; repositories_combined
101957,96700,GH1 gene alterations in a cohort of growth hormone deficient children in Sri Lanka,GH1 gene sequence variants in a cohort of growth hormone deficient children in Sri Lanka,89.41,82.35,91.78,88.0,2015.0,2015.0,,,repositories_combined,repositories_combined
178499,176425,Evaluation and Multiplication of Common Bean Germplasms Collected from Uva Region,EVALUATION OF COMMON BEAN GERMPLASM COLLECTED FROM UVA REGION,85.92,85.92,91.07,87.46,2013.0,2013.0,,,repositories_combined,repositories_combined
148779,156329,Snippets from the world wide web,Snippets from the world wide web: A new feature,82.05,82.05,100.0,87.44,2009.0,2009.0,10.4038/sljch.v31i3.772,10.4038/sljch.v31i1.801,sljol; repositories_combined,sljol; repositories_combined
156329,154462,Snippets from the world wide web: A new feature,Snippets from the world wide web,82.05,82.05,100.0,87.44,2009.0,2009.0,10.4038/sljch.v31i1.801,10.4038/sljch.v33i3.644,sljol; repositories_combined,sljol; repositories_combined
151214,156329,Snippets from the world wide web,Snippets from the world wide web: A new feature,82.05,82.05,100.0,87.44,2009.0,2009.0,10.4038/sljch.v32i2.729,10.4038/sljch.v31i1.801,sljol; repositories_combined,sljol; repositories_combined
84026,84037,First examination for medical degrees(1st): 2021 Biochemistry,First examination for medical degrees(2nd): 2021 Biochemistry(New Curriculum),84.21,82.71,96.49,87.44,2021.0,2021.0,,,repositories_combined,repositories_combined
126551,119990,MME 8335 - 2015 December - Energy Management,MME 8335 - 2015 October - Energy Management,91.14,78.48,91.14,87.34,2015.0,2015.0,,,repositories_combined,repositories_combined
142691,144480,Editorial Vol.19(2),Editorial Vol.4,84.85,84.85,92.86,87.25,2014.0,2014.0,10.4038/jccpsl.v19i2.7587,10.4038/sljda.v4i0.7121,sljol; repositories_combined,sljol; repositories_combined
84014,84062,First examination for medical degrees: 2023 Anatomy,First examination for medical degrees: 2023 Physiology,87.38,81.55,91.3,86.81,2023.0,2023.0,,,repositories_combined,repositories_combined
73577,75982,තොරතුරු තාක්ෂණය පිළිබඳ පදනම් පාඨමාලාව (සිද්ධාන්ත) - FNDI 12020,තොරතුරු තාක්ෂණය පිළිබඳ පදනම් පාඨමාලාව 1-1 FNDI 11010,86.79,83.02,90.0,86.62,2022.0,2022.0,,,repositories_combined,repositories_combined
125382,122382,EIE 6301 - 2022 November - Communication Systems (N/C),EIE 6301 - 2022 January - Communication System (N/C),87.23,85.11,87.23,86.6,2022.0,2022.0,,,repositories_combined,repositories_combined
82332,79705,Evaluation of library material by the undergraduates: a case study at University of Peradeniya,Evaluation of Internet-based resource by the undergraduates: a case study at University of Peradeniya,86.01,83.94,89.57,86.46,2014.0,2014.0,,,repositories_combined,repositories_combined
72538,70584,MRPT/mrpt: Release of v3.0.5,MRPT/mrpt: Release of v2.15.6,87.27,87.27,84.44,86.42,2026.0,2026.0,10.5281/zenodo.20778640,10.5281/zenodo.18422000,openalex,openalex
72538,70693,MRPT/mrpt: Release of v3.0.5,MRPT/mrpt: Release of v2.15.7,87.27,87.27,84.44,86.42,2026.0,2026.0,10.5281/zenodo.20778640,10.5281/zenodo.18475132,openalex,openalex
39160,111303,"Multivariate Analysis and Hydrogeochemical Evolution of Groundwater in a Geologically Controlled Aquifer System: A Case Study in North Central Province, Sri Lanka",Multivariate analysis on hydrogeochemical evolution of groundwater in a geologically controlled aquifer system,80.74,81.48,98.62,86.33,2025.0,2025.0,10.3390/w18010089,,openalex; crossref,repositories_combined
143135,23273,Medico-Legal Death Investigation Systems – Hong Kong,Medico-Legal Death Investigation Systems – Sri Lanka,86.0,84.0,88.89,86.27,2022.0,2022.0,10.4038/sljfmsl.v13i0.7916,10.4038/sljfmsl.v13i0.7923,sljol; repositories_combined,openalex; crossref; sljol; repositories_combined
154160,23273,Medico-Legal Death Investigation Systems – New Zealand,Medico-Legal Death Investigation Systems – Sri Lanka,88.24,80.39,88.89,86.08,2022.0,2022.0,10.4038/sljfmsl.v13i0.7918,10.4038/sljfmsl.v13i0.7923,sljol; repositories_combined,openalex; crossref; sljol; repositories_combined
84828,145922,A novel bacillus pumilus strain producing thermostable alkaline xylanase at and above 40°C,A novel Bacillus pumilus strain for alkaline xylanase production at and above 40°C,81.4,88.37,89.93,86.05,2010.0,2010.0,,10.4038/cjsbs.v39i1.2354,repositories_combined,sljol; repositories_combined
74757,75644,Foundation Course in Information Technology (Practical) FNDI 12020,Foundation Course in Information Technology (Theory) FNDI 11010,86.4,83.2,88.07,85.94,2018.0,2018.0,,,repositories_combined,repositories_combined
160231,169108,Enhancing stockpile inventory management through UAV- based volume estimation: a case study of salt stockpiles in Hambantota mahalewaya,Enhancing UAV-based stockpile volume estimation through geomatics: a case study of salt stockpiles in Hambantota Mahalewaya,76.86,87.84,95.73,85.82,2024.0,2024.0,10.31705/iserme.2024.29,,repositories_combined,repositories_combined
83916,84002,Final examination medical degrees - September 2025: Obstetrics and Gynaecology paper II,Final examination medical degrees- September 2025: Medicine paper II,84.0,81.33,92.68,85.8,2025.0,2025.0,,,repositories_combined,repositories_combined
126368,129294,MME 6205 - 2022 November - Power Hydraulics,MME 6205 - 2023 September - Power Hydraulics,88.61,78.48,88.61,85.57,2023.0,2023.0,,,repositories_combined,repositories_combined
90055,90056,"Impact of internal audit practices on satisfaction of administrators: a case in University of Jaffna, Sri Lanka","Impact of Internal Audit Practices on Satisfaction of Administrators: A Comparative Study between University of Peradeniya and University of Jaffna, Sri Lanka",82.26,79.25,95.96,85.47,2019.0,2019.0,,,repositories_combined,repositories_combined
74939,74688,තොරතුරු තාක්ෂණය පිළිබඳ පදනම් පාඨමාලාව (ප්‍රායෝගික) – FNDI 21010,තොරතුරු තාක්ෂණය පිළිබඳ පදනම් පාඨමාලාව (සිද්ධාන්ත) – FNDI 32020,87.5,80.36,87.8,85.45,2019.0,2019.0,,,repositories_combined,repositories_combined
123157,119291,EIE 1101 - 2022 May - Computer Programming l - Part - ll,EIE 1101 - 2022 October - Computer Programming - Part - 1,84.54,82.47,89.66,85.45,2022.0,2022.0,,,repositories_combined,repositories_combined
84034,84042,First examination for medical degrees(2nd): 2020 Biochemistry,First examination for medical degrees2nd): 2020 Anatomy,87.5,83.93,83.93,85.36,2020.0,2020.0,,,repositories_combined,repositories_combined
11750,11749,"A GIS based approach to neighbourhood physical environment and walking among adults in Colombo Municipal Council Area, Sri Lanka","A GIS based approach: Objectively measured neighbourhood physical environment and walking among adults in Colombo, Sri Lanka",82.73,83.53,90.58,85.33,2020.0,2020.0,10.21203/rs.3.rs-34855/v2,10.21203/rs.3.rs-34855/v1,openalex; crossref,openalex; crossref
11751,11749,"A GIS based approach to neighbourhood physical environment and walking among adults in Colombo Municipal Council Area, Sri Lanka","A GIS based approach: Objectively measured neighbourhood physical environment and walking among adults in Colombo, Sri Lanka",82.73,83.53,90.58,85.33,2020.0,2020.0,10.21203/rs.3.rs-34855/v3,10.21203/rs.3.rs-34855/v1,openalex; crossref,openalex; crossref
