[32m2026-08-05 13:24:48 +0530[0m - dagster - [34mDEBUG[0m - researchlanka_export_job - 8a622286-1e7d-428e-9c26-be5e9f7211a1 - 215188 - LOGS_CAPTURED - Capturing logs for process (pid: 215188).
[32m2026-08-05 13:24:48 +0530[0m - dagster - [34mDEBUG[0m - researchlanka_export_job - 8a622286-1e7d-428e-9c26-be5e9f7211a1 - 215188 - researchlanka_openalex_api_collection - STEP_START - Started execution of step "researchlanka_openalex_api_collection".
2026-08-05 13:24:48,153 INFO src.pipeline.kaggle_collect_openalex_sri_lanka: Starting OpenAlex collection jsonl_output=/home/asma/Projects/researchlanka-ai/backend/data/raw/openalex/openalex_sri_lanka_works.jsonl csv_output=/home/asma/Projects/researchlanka-ai/backend/data/raw/openalex/openalex_sri_lanka_works.csv resume=True filters=['authorships.institutions.country_code:LK', 'publication_year:2016-2026'] strict_lk_only=False
2026-08-05 13:25:00,281 INFO src.pipeline.kaggle_collect_openalex_sri_lanka: Resuming OpenAlex collection start_cursor=IlsnLUluZmluaXR5JywgMCwgJ2h0dHBzOi8vb3BlbmFsZXgub3JnL1c3MTU1MTgzOTYxJ10i existing_records=70251
2026-08-05 13:25:18,905 INFO src.pipeline.kaggle_collect_openalex_sri_lanka: Rebuilt CSV from existing JSONL before resume: /home/asma/Projects/researchlanka-ai/backend/data/raw/openalex/openalex_sri_lanka_works.csv
2026-08-05 13:25:18,905 INFO src.collectors.openalex_collector: Starting OpenAlex page iteration start_cursor=IlsnLUluZmluaXR5JywgMCwgJ2h0dHBzOi8vb3BlbmFsZXgub3JnL1c3MTU1MTgzOTYxJ10i per_page=200 strict_lk_only=False filters=['authorships.institutions.country_code:LK', 'publication_year:2016-2026']
2026-08-05 13:26:06,277 INFO src.collectors.openalex_collector: Fetched OpenAlex page page=1/377 progress=0.3% fetched=200 kept=198 skipped=2 next_cursor=yes
2026-08-05 13:26:06,278 INFO src.pipeline.kaggle_collect_openalex_sri_lanka: Saved Sri Lankan-affiliated work number=70,252 progress=93.3% api_total=75,333
2026-08-05 13:26:06,278 INFO src.pipeline.kaggle_collect_openalex_sri_lanka: Saved Sri Lankan-affiliated work number=70,253 progress=93.3% api_total=75,333
2026-08-05 13:26:06,279 INFO src.pipeline.kaggle_collect_openalex_sri_lanka: Saved Sri Lankan-affiliated work number=70,254 progress=93.3% api_total=75,333
2026-08-05 13:26:06,279 INFO src.pipeline.kaggle_collect_openalex_sri_lanka: Saved Sri Lankan-affiliated work number=70,255 progress=93.3% api_total=75,333
2026-08-05 13:26:06,279 INFO src.pipeline.kaggle_collect_openalex_sri_lanka: Saved Sri Lankan-affiliated work number=70,256 progress=93.3% api_total=75,333
2026-08-05 13:26:06,280 INFO src.pipeline.kaggle_collect_openalex_sri_lanka: Saved Sri Lankan-affiliated work number=70,257 progress=93.3% api_total=75,333
2026-08-05 13:26:06,280 INFO src.pipeline.kaggle_collect_openalex_sri_lanka: Saved Sri Lankan-affiliated work number=70,258 progress=93.3% api_total=75,333
2026-08-05 13:26:06,280 INFO src.pipeline.kaggle_collect_openalex_sri_lanka: Saved Sri Lankan-affiliated work number=70,259 progress=93.3% api_total=75,333
2026-08-05 13:26:06,281 INFO src.pipeline.kaggle_collect_openalex_sri_lanka: Saved Sri Lankan-affiliated work number=70,260 progress=93.3% api_total=75,333
2026-08-05 13:26:06,281 INFO src.pipeline.kaggle_collect_openalex_sri_lanka: Saved Sri Lankan-affiliated work number=70,261 progress=93.3% api_total=75,333
2026-08-05 13:26:06,281 INFO src.pipeline.kaggle_collect_openalex_sri_lanka: Saved Sri Lankan-affiliated work number=70,262 progress=93.3% api_total=75,333
2026-08-05 13:26:06,282 INFO src.pipeline.kaggle_collect_openalex_sri_lanka: Saved Sri Lankan-affiliated work number=70,263 progress=93.3% api_total=75,333
2026-08-05 13:26:06,282 INFO src.pipeline.kaggle_collect_openalex_sri_lanka: Saved Sri Lankan-affiliated work number=70,264 progress=93.3% api_total=75,333
2026-08-05 13:26:06,282 INFO src.pipeline.kaggle_collect_openalex_sri_lanka: Saved Sri Lankan-affiliated work number=70,265 progress=93.3% api_total=75,333
2026-08-05 13:26:06,283 INFO src.pipeline.kaggle_collect_openalex_sri_lanka: Saved Sri Lankan-affiliated work number=70,266 progress=93.3% api_total=75,333
2026-08-05 13:26:06,283 INFO src.pipeline.kaggle_collect_openalex_sri_lanka: Saved Sri Lankan-affiliated work number=70,267 progress=93.3% api_total=75,333
2026-08-05 13:26:06,283 INFO src.pipeline.kaggle_collect_openalex_sri_lanka: Saved Sri Lankan-affiliated work number=70,268 progress=93.3% api_total=75,333
2026-08-05 13:26:06,283 INFO src.pipeline.kaggle_collect_openalex_sri_lanka: Saved Sri Lankan-affiliated work number=70,269 progress=93.3% api_total=75,333
2026-08-05 13:26:06,284 INFO src.pipeline.kaggle_collect_openalex_sri_lanka: Saved Sri Lankan-affiliated work number=70,270 progress=93.3% api_total=75,333
2026-08-05 13:26:06,284 INFO src.pipeline.kaggle_collect_openalex_sri_lanka: Saved Sri Lankan-affiliated work number=70,271 progress=93.3% api_total=75,333
2026-08-05 13:26:06,285 INFO src.pipeline.kaggle_collect_openalex_sri_lanka: Saved Sri Lankan-affiliated work number=70,272 progress=93.3% api_total=75,333
2026-08-05 13:26:06,285 INFO src.pipeline.kaggle_collect_openalex_sri_lanka: Saved Sri Lankan-affiliated work number=70,273 progress=93.3% api_total=75,333
2026-08-05 13:26:06,285 INFO src.pipeline.kaggle_collect_openalex_sri_lanka: Saved Sri Lankan-affiliated work number=70,274 progress=93.3% api_total=75,333
2026-08-05 13:26:06,285 INFO src.pipeline.kaggle_collect_openalex_sri_lanka: Saved Sri Lankan-affiliated work number=70,275 progress=93.3% api_total=75,333
2026-08-05 13:26:06,286 INFO src.pipeline.kaggle_collect_openalex_sri_lanka: Saved Sri Lankan-affiliated work number=70,276 progress=93.3% api_total=75,333
2026-08-05 13:26:06,286 INFO src.pipeline.kaggle_collect_openalex_sri_lanka: Saved Sri Lankan-affiliated work number=70,277 progress=93.3% api_total=75,333
2026-08-05 13:26:06,286 INFO src.pipeline.kaggle_collect_openalex_sri_lanka: Saved Sri Lankan-affiliated work number=70,278 progress=93.3% api_total=75,333
2026-08-05 13:26:06,287 INFO src.pipeline.kaggle_collect_openalex_sri_lanka: Saved Sri Lankan-affiliated work number=70,279 progress=93.3% api_total=75,333
2026-08-05 13:26:06,287 INFO src.pipeline.kaggle_collect_openalex_sri_lanka: Saved Sri Lankan-affiliated work number=70,280 progress=93.3% api_total=75,333
2026-08-05 13:26:06,288 INFO src.pipeline.kaggle_collect_openalex_sri_lanka: Saved Sri Lankan-affiliated work number=70,281 progress=93.3% api_total=75,333
2026-08-05 13:26:06,288 INFO src.pipeline.kaggle_collect_openalex_sri_lanka: Saved Sri Lankan-affiliated work number=70,282 progress=93.3% api_total=75,333
2026-08-05 13:26:06,288 INFO src.pipeline.kaggle_collect_openalex_sri_lanka: Saved Sri Lankan-affiliated work number=70,283 progress=93.3% api_total=75,333
2026-08-05 13:26:06,289 INFO src.pipeline.kaggle_collect_openalex_sri_lanka: Saved Sri Lankan-affiliated work number=70,284 progress=93.3% api_total=75,333
2026-08-05 13:26:06,289 INFO src.pipeline.kaggle_collect_openalex_sri_lanka: Saved Sri Lankan-affiliated work number=70,285 progress=93.3% api_total=75,333
2026-08-05 13:26:06,289 INFO src.pipeline.kaggle_collect_openalex_sri_lanka: Saved Sri Lankan-affiliated work number=70,286 progress=93.3% api_total=75,333
2026-08-05 13:26:06,290 INFO src.pipeline.kaggle_collect_openalex_sri_lanka: Saved Sri Lankan-affiliated work number=70,287 progress=93.3% api_total=75,333
2026-08-05 13:26:06,290 INFO src.pipeline.kaggle_collect_openalex_sri_lanka: Saved Sri Lankan-affiliated work number=70,288 progress=93.3% api_total=75,333
2026-08-05 13:26:06,290 INFO src.pipeline.kaggle_collect_openalex_sri_lanka: Saved Sri Lankan-affiliated work number=70,289 progress=93.3% api_total=75,333
2026-08-05 13:26:06,291 INFO src.pipeline.kaggle_collect_openalex_sri_lanka: Saved Sri Lankan-affiliated work number=70,290 progress=93.3% api_total=75,333
2026-08-05 13:26:06,291 INFO src.pipeline.kaggle_collect_openalex_sri_lanka: Saved Sri Lankan-affiliated work number=70,291 progress=93.3% api_total=75,333
2026-08-05 13:26:06,291 INFO src.pipeline.kaggle_collect_openalex_sri_lanka: Saved Sri Lankan-affiliated work number=70,292 progress=93.3% api_total=75,333
2026-08-05 13:26:06,292 INFO src.pipeline.kaggle_collect_openalex_sri_lanka: Saved Sri Lankan-affiliated work number=70,293 progress=93.3% api_total=75,333
2026-08-05 13:26:06,292 INFO src.pipeline.kaggle_collect_openalex_sri_lanka: Saved Sri Lankan-affiliated work number=70,294 progress=93.3% api_total=75,333
2026-08-05 13:26:06,292 INFO src.pipeline.kaggle_collect_openalex_sri_lanka: Saved Sri Lankan-affiliated work number=70,295 progress=93.3% api_total=75,333
2026-08-05 13:26:06,293 INFO src.pipeline.kaggle_collect_openalex_sri_lanka: Saved Sri Lankan-affiliated work number=70,296 progress=93.3% api_total=75,333
2026-08-05 13:26:06,293 INFO src.pipeline.kaggle_collect_openalex_sri_lanka: Saved Sri Lankan-affiliated work number=70,297 progress=93.3% api_total=75,333
2026-08-05 13:26:06,293 INFO src.pipeline.kaggle_collect_openalex_sri_lanka: Saved Sri Lankan-affiliated work number=70,298 progress=93.3% api_total=75,333
2026-08-05 13:26:06,294 INFO src.pipeline.kaggle_collect_openalex_sri_lanka: Saved Sri Lankan-affiliated work number=70,299 progress=93.3% api_total=75,333
2026-08-05 13:26:06,294 INFO src.pipeline.kaggle_collect_openalex_sri_lanka: Saved Sri Lankan-affiliated work number=70,300 progress=93.3% api_total=75,333
2026-08-05 13:26:06,294 INFO src.pipeline.kaggle_collect_openalex_sri_lanka: Saved Sri Lankan-affiliated work number=70,301 progress=93.3% api_total=75,333
2026-08-05 13:26:06,295 INFO src.pipeline.kaggle_collect_openalex_sri_lanka: Saved Sri Lankan-affiliated work number=70,302 progress=93.3% api_total=75,333
2026-08-05 13:26:06,295 INFO src.pipeline.kaggle_collect_openalex_sri_lanka: Saved Sri Lankan-affiliated work number=70,303 progress=93.3% api_total=75,333
2026-08-05 13:26:06,295 INFO src.pipeline.kaggle_collect_openalex_sri_lanka: Saved Sri Lankan-affiliated work number=70,304 progress=93.3% api_total=75,333
2026-08-05 13:26:06,296 INFO src.pipeline.kaggle_collect_openalex_sri_lanka: Saved Sri Lankan-affiliated work number=70,305 progress=93.3% api_total=75,333
2026-08-05 13:26:06,296 INFO src.pipeline.kaggle_collect_openalex_sri_lanka: Saved Sri Lankan-affiliated work number=70,306 progress=93.3% api_total=75,333
2026-08-05 13:26:06,296 INFO src.pipeline.kaggle_collect_openalex_sri_lanka: Saved Sri Lankan-affiliated work number=70,307 progress=93.3% api_total=75,333
2026-08-05 13:26:06,297 INFO src.pipeline.kaggle_collect_openalex_sri_lanka: Saved Sri Lankan-affiliated work number=70,308 progress=93.3% api_total=75,333
2026-08-05 13:26:06,298 INFO src.pipeline.kaggle_collect_openalex_sri_lanka: Saved Sri Lankan-affiliated work number=70,309 progress=93.3% api_total=75,333
2026-08-05 13:26:06,298 INFO src.pipeline.kaggle_collect_openalex_sri_lanka: Saved Sri Lankan-affiliated work number=70,310 progress=93.3% api_total=75,333
2026-08-05 13:26:06,298 INFO src.pipeline.kaggle_collect_openalex_sri_lanka: Saved Sri Lankan-affiliated work number=70,311 progress=93.3% api_total=75,333
2026-08-05 13:26:06,298 INFO src.pipeline.kaggle_collect_openalex_sri_lanka: Saved Sri Lankan-affiliated work number=70,312 progress=93.3% api_total=75,333
2026-08-05 13:26:06,299 INFO src.pipeline.kaggle_collect_openalex_sri_lanka: Saved Sri Lankan-affiliated work number=70,313 progress=93.3% api_total=75,333
2026-08-05 13:26:06,299 INFO src.pipeline.kaggle_collect_openalex_sri_lanka: Saved Sri Lankan-affiliated work number=70,314 progress=93.3% api_total=75,333
2026-08-05 13:26:06,300 INFO src.pipeline.kaggle_collect_openalex_sri_lanka: Saved Sri Lankan-affiliated work number=70,315 progress=93.3% api_total=75,333
2026-08-05 13:26:06,300 INFO src.pipeline.kaggle_collect_openalex_sri_lanka: Saved Sri Lankan-affiliated work number=70,316 progress=93.3% api_total=75,333
2026-08-05 13:26:06,300 INFO src.pipeline.kaggle_collect_openalex_sri_lanka: Saved Sri Lankan-affiliated work number=70,317 progress=93.3% api_total=75,333
2026-08-05 13:26:06,301 INFO src.pipeline.kaggle_collect_openalex_sri_lanka: Saved Sri Lankan-affiliated work number=70,318 progress=93.3% api_total=75,333
2026-08-05 13:26:06,301 INFO src.pipeline.kaggle_collect_openalex_sri_lanka: Saved Sri Lankan-affiliated work number=70,319 progress=93.3% api_total=75,333
2026-08-05 13:26:06,301 INFO src.pipeline.kaggle_collect_openalex_sri_lanka: Saved Sri Lankan-affiliated work number=70,320 progress=93.3% api_total=75,333
2026-08-05 13:26:06,302 INFO src.pipeline.kaggle_collect_openalex_sri_lanka: Saved Sri Lankan-affiliated work number=70,321 progress=93.3% api_total=75,333
2026-08-05 13:26:06,302 INFO src.pipeline.kaggle_collect_openalex_sri_lanka: Saved Sri Lankan-affiliated work number=70,322 progress=93.3% api_total=75,333
2026-08-05 13:26:06,302 INFO src.pipeline.kaggle_collect_openalex_sri_lanka: Saved Sri Lankan-affiliated work number=70,323 progress=93.3% api_total=75,333
2026-08-05 13:26:06,303 INFO src.pipeline.kaggle_collect_openalex_sri_lanka: Saved Sri Lankan-affiliated work number=70,324 progress=93.4% api_total=75,333
2026-08-05 13:26:06,303 INFO src.pipeline.kaggle_collect_openalex_sri_lanka: Saved Sri Lankan-affiliated work number=70,325 progress=93.4% api_total=75,333
2026-08-05 13:26:06,303 INFO src.pipeline.kaggle_collect_openalex_sri_lanka: Saved Sri Lankan-affiliated work number=70,326 progress=93.4% api_total=75,333
2026-08-05 13:26:06,304 INFO src.pipeline.kaggle_collect_openalex_sri_lanka: Saved Sri Lankan-affiliated work number=70,327 progress=93.4% api_total=75,333
2026-08-05 13:26:06,304 INFO src.pipeline.kaggle_collect_openalex_sri_lanka: Saved Sri Lankan-affiliated work number=70,328 progress=93.4% api_total=75,333
2026-08-05 13:26:06,304 INFO src.pipeline.kaggle_collect_openalex_sri_lanka: Saved Sri Lankan-affiliated work number=70,329 progress=93.4% api_total=75,333
2026-08-05 13:26:06,304 INFO src.pipeline.kaggle_collect_openalex_sri_lanka: Saved Sri Lankan-affiliated work number=70,330 progress=93.4% api_total=75,333
2026-08-05 13:26:06,305 INFO src.pipeline.kaggle_collect_openalex_sri_lanka: Saved Sri Lankan-affiliated work number=70,331 progress=93.4% api_total=75,333
2026-08-05 13:26:06,305 INFO src.pipeline.kaggle_collect_openalex_sri_lanka: Saved Sri Lankan-affiliated work number=70,332 progress=93.4% api_total=75,333
2026-08-05 13:26:06,306 INFO src.pipeline.kaggle_collect_openalex_sri_lanka: Saved Sri Lankan-affiliated work number=70,333 progress=93.4% api_total=75,333
2026-08-05 13:26:06,307 INFO src.pipeline.kaggle_collect_openalex_sri_lanka: Saved Sri Lankan-affiliated work number=70,334 progress=93.4% api_total=75,333
2026-08-05 13:26:06,307 INFO src.pipeline.kaggle_collect_openalex_sri_lanka: Saved Sri Lankan-affiliated work number=70,335 progress=93.4% api_total=75,333
2026-08-05 13:26:06,308 INFO src.pipeline.kaggle_collect_openalex_sri_lanka: Saved Sri Lankan-affiliated work number=70,336 progress=93.4% api_total=75,333
2026-08-05 13:26:06,308 INFO src.pipeline.kaggle_collect_openalex_sri_lanka: Saved Sri Lankan-affiliated work number=70,337 progress=93.4% api_total=75,333
2026-08-05 13:26:06,309 INFO src.pipeline.kaggle_collect_openalex_sri_lanka: Saved Sri Lankan-affiliated work number=70,338 progress=93.4% api_total=75,333
2026-08-05 13:26:06,309 INFO src.pipeline.kaggle_collect_openalex_sri_lanka: Saved Sri Lankan-affiliated work number=70,339 progress=93.4% api_total=75,333
2026-08-05 13:26:06,309 INFO src.pipeline.kaggle_collect_openalex_sri_lanka: Saved Sri Lankan-affiliated work number=70,340 progress=93.4% api_total=75,333
2026-08-05 13:26:06,310 INFO src.pipeline.kaggle_collect_openalex_sri_lanka: Saved Sri Lankan-affiliated work number=70,341 progress=93.4% api_total=75,333
2026-08-05 13:26:06,310 INFO src.pipeline.kaggle_collect_openalex_sri_lanka: Saved Sri Lankan-affiliated work number=70,342 progress=93.4% api_total=75,333
2026-08-05 13:26:06,311 INFO src.pipeline.kaggle_collect_openalex_sri_lanka: Saved Sri Lankan-affiliated work number=70,343 progress=93.4% api_total=75,333
2026-08-05 13:26:06,311 INFO src.pipeline.kaggle_collect_openalex_sri_lanka: Saved Sri Lankan-affiliated work number=70,344 progress=93.4% api_total=75,333
2026-08-05 13:26:06,311 INFO src.pipeline.kaggle_collect_openalex_sri_lanka: Saved Sri Lankan-affiliated work number=70,345 progress=93.4% api_total=75,333
2026-08-05 13:26:06,312 INFO src.pipeline.kaggle_collect_openalex_sri_lanka: Saved Sri Lankan-affiliated work number=70,346 progress=93.4% api_total=75,333
2026-08-05 13:26:06,312 INFO src.pipeline.kaggle_collect_openalex_sri_lanka: Saved Sri Lankan-affiliated work number=70,347 progress=93.4% api_total=75,333
2026-08-05 13:26:06,312 INFO src.pipeline.kaggle_collect_openalex_sri_lanka: Saved Sri Lankan-affiliated work number=70,348 progress=93.4% api_total=75,333
2026-08-05 13:26:06,313 INFO src.pipeline.kaggle_collect_openalex_sri_lanka: Saved Sri Lankan-affiliated work number=70,349 progress=93.4% api_total=75,333
2026-08-05 13:26:06,313 INFO src.pipeline.kaggle_collect_openalex_sri_lanka: Saved Sri Lankan-affiliated work number=70,350 progress=93.4% api_total=75,333
2026-08-05 13:26:06,313 INFO src.pipeline.kaggle_collect_openalex_sri_lanka: Saved Sri Lankan-affiliated work number=70,351 progress=93.4% api_total=75,333
2026-08-05 13:26:06,314 INFO src.pipeline.kaggle_collect_openalex_sri_lanka: Saved Sri Lankan-affiliated work number=70,352 progress=93.4% api_total=75,333
2026-08-05 13:26:06,314 INFO src.pipeline.kaggle_collect_openalex_sri_lanka: Saved Sri Lankan-affiliated work number=70,353 progress=93.4% api_total=75,333
2026-08-05 13:26:06,315 INFO src.pipeline.kaggle_collect_openalex_sri_lanka: Saved Sri Lankan-affiliated work number=70,354 progress=93.4% api_total=75,333
2026-08-05 13:26:06,315 INFO src.pipeline.kaggle_collect_openalex_sri_lanka: Saved Sri Lankan-affiliated work number=70,355 progress=93.4% api_total=75,333
2026-08-05 13:26:06,315 INFO src.pipeline.kaggle_collect_openalex_sri_lanka: Saved Sri Lankan-affiliated work number=70,356 progress=93.4% api_total=75,333
2026-08-05 13:26:06,315 INFO src.pipeline.kaggle_collect_openalex_sri_lanka: Saved Sri Lankan-affiliated work number=70,357 progress=93.4% api_total=75,333
2026-08-05 13:26:06,316 INFO src.pipeline.kaggle_collect_openalex_sri_lanka: Saved Sri Lankan-affiliated work number=70,358 progress=93.4% api_total=75,333
2026-08-05 13:26:06,316 INFO src.pipeline.kaggle_collect_openalex_sri_lanka: Saved Sri Lankan-affiliated work number=70,359 progress=93.4% api_total=75,333
2026-08-05 13:26:06,316 INFO src.pipeline.kaggle_collect_openalex_sri_lanka: Saved Sri Lankan-affiliated work number=70,360 progress=93.4% api_total=75,333
2026-08-05 13:26:06,317 INFO src.pipeline.kaggle_collect_openalex_sri_lanka: Saved Sri Lankan-affiliated work number=70,361 progress=93.4% api_total=75,333
2026-08-05 13:26:06,317 INFO src.pipeline.kaggle_collect_openalex_sri_lanka: Saved Sri Lankan-affiliated work number=70,362 progress=93.4% api_total=75,333
2026-08-05 13:26:06,317 INFO src.pipeline.kaggle_collect_openalex_sri_lanka: Saved Sri Lankan-affiliated work number=70,363 progress=93.4% api_total=75,333
2026-08-05 13:26:06,318 INFO src.pipeline.kaggle_collect_openalex_sri_lanka: Saved Sri Lankan-affiliated work number=70,364 progress=93.4% api_total=75,333
2026-08-05 13:26:06,318 INFO src.pipeline.kaggle_collect_openalex_sri_lanka: Saved Sri Lankan-affiliated work number=70,365 progress=93.4% api_total=75,333
2026-08-05 13:26:06,319 INFO src.pipeline.kaggle_collect_openalex_sri_lanka: Saved Sri Lankan-affiliated work number=70,366 progress=93.4% api_total=75,333
2026-08-05 13:26:06,319 INFO src.pipeline.kaggle_collect_openalex_sri_lanka: Saved Sri Lankan-affiliated work number=70,367 progress=93.4% api_total=75,333
2026-08-05 13:26:06,320 INFO src.pipeline.kaggle_collect_openalex_sri_lanka: Saved Sri Lankan-affiliated work number=70,368 progress=93.4% api_total=75,333
2026-08-05 13:26:06,320 INFO src.pipeline.kaggle_collect_openalex_sri_lanka: Saved Sri Lankan-affiliated work number=70,369 progress=93.4% api_total=75,333
2026-08-05 13:26:06,320 INFO src.pipeline.kaggle_collect_openalex_sri_lanka: Saved Sri Lankan-affiliated work number=70,370 progress=93.4% api_total=75,333
2026-08-05 13:26:06,321 INFO src.pipeline.kaggle_collect_openalex_sri_lanka: Saved Sri Lankan-affiliated work number=70,371 progress=93.4% api_total=75,333
2026-08-05 13:26:06,321 INFO src.pipeline.kaggle_collect_openalex_sri_lanka: Saved Sri Lankan-affiliated work number=70,372 progress=93.4% api_total=75,333
2026-08-05 13:26:06,321 INFO src.pipeline.kaggle_collect_openalex_sri_lanka: Saved Sri Lankan-affiliated work number=70,373 progress=93.4% api_total=75,333
2026-08-05 13:26:06,322 INFO src.pipeline.kaggle_collect_openalex_sri_lanka: Saved Sri Lankan-affiliated work number=70,374 progress=93.4% api_total=75,333
2026-08-05 13:26:06,322 INFO src.pipeline.kaggle_collect_openalex_sri_lanka: Saved Sri Lankan-affiliated work number=70,375 progress=93.4% api_total=75,333
2026-08-05 13:26:06,323 INFO src.pipeline.kaggle_collect_openalex_sri_lanka: Saved Sri Lankan-affiliated work number=70,376 progress=93.4% api_total=75,333
2026-08-05 13:26:06,323 INFO src.pipeline.kaggle_collect_openalex_sri_lanka: Saved Sri Lankan-affiliated work number=70,377 progress=93.4% api_total=75,333
2026-08-05 13:26:06,323 INFO src.pipeline.kaggle_collect_openalex_sri_lanka: Saved Sri Lankan-affiliated work number=70,378 progress=93.4% api_total=75,333
2026-08-05 13:26:06,324 INFO src.pipeline.kaggle_collect_openalex_sri_lanka: Saved Sri Lankan-affiliated work number=70,379 progress=93.4% api_total=75,333
2026-08-05 13:26:06,324 INFO src.pipeline.kaggle_collect_openalex_sri_lanka: Saved Sri Lankan-affiliated work number=70,380 progress=93.4% api_total=75,333
2026-08-05 13:26:06,324 INFO src.pipeline.kaggle_collect_openalex_sri_lanka: Saved Sri Lankan-affiliated work number=70,381 progress=93.4% api_total=75,333
2026-08-05 13:26:06,325 INFO src.pipeline.kaggle_collect_openalex_sri_lanka: Saved Sri Lankan-affiliated work number=70,382 progress=93.4% api_total=75,333
2026-08-05 13:26:06,325 INFO src.pipeline.kaggle_collect_openalex_sri_lanka: Saved Sri Lankan-affiliated work number=70,383 progress=93.4% api_total=75,333
2026-08-05 13:26:06,326 INFO src.pipeline.kaggle_collect_openalex_sri_lanka: Saved Sri Lankan-affiliated work number=70,384 progress=93.4% api_total=75,333
2026-08-05 13:26:06,326 INFO src.pipeline.kaggle_collect_openalex_sri_lanka: Saved Sri Lankan-affiliated work number=70,385 progress=93.4% api_total=75,333
2026-08-05 13:26:06,327 INFO src.pipeline.kaggle_collect_openalex_sri_lanka: Saved Sri Lankan-affiliated work number=70,386 progress=93.4% api_total=75,333
2026-08-05 13:26:06,327 INFO src.pipeline.kaggle_collect_openalex_sri_lanka: Saved Sri Lankan-affiliated work number=70,387 progress=93.4% api_total=75,333
2026-08-05 13:26:06,327 INFO src.pipeline.kaggle_collect_openalex_sri_lanka: Saved Sri Lankan-affiliated work number=70,388 progress=93.4% api_total=75,333
2026-08-05 13:26:06,327 INFO src.pipeline.kaggle_collect_openalex_sri_lanka: Saved Sri Lankan-affiliated work number=70,389 progress=93.4% api_total=75,333
2026-08-05 13:26:06,328 INFO src.pipeline.kaggle_collect_openalex_sri_lanka: Saved Sri Lankan-affiliated work number=70,390 progress=93.4% api_total=75,333
2026-08-05 13:26:06,328 INFO src.pipeline.kaggle_collect_openalex_sri_lanka: Saved Sri Lankan-affiliated work number=70,391 progress=93.4% api_total=75,333
2026-08-05 13:26:06,328 INFO src.pipeline.kaggle_collect_openalex_sri_lanka: Saved Sri Lankan-affiliated work number=70,392 progress=93.4% api_total=75,333
2026-08-05 13:26:06,329 INFO src.pipeline.kaggle_collect_openalex_sri_lanka: Saved Sri Lankan-affiliated work number=70,393 progress=93.4% api_total=75,333
2026-08-05 13:26:06,329 INFO src.pipeline.kaggle_collect_openalex_sri_lanka: Saved Sri Lankan-affiliated work number=70,394 progress=93.4% api_total=75,333
2026-08-05 13:26:06,329 INFO src.pipeline.kaggle_collect_openalex_sri_lanka: Saved Sri Lankan-affiliated work number=70,395 progress=93.4% api_total=75,333
2026-08-05 13:26:06,330 INFO src.pipeline.kaggle_collect_openalex_sri_lanka: Saved Sri Lankan-affiliated work number=70,396 progress=93.4% api_total=75,333
2026-08-05 13:26:06,330 INFO src.pipeline.kaggle_collect_openalex_sri_lanka: Saved Sri Lankan-affiliated work number=70,397 progress=93.4% api_total=75,333
2026-08-05 13:26:06,331 INFO src.pipeline.kaggle_collect_openalex_sri_lanka: Saved Sri Lankan-affiliated work number=70,398 progress=93.4% api_total=75,333
2026-08-05 13:26:06,331 INFO src.pipeline.kaggle_collect_openalex_sri_lanka: Saved Sri Lankan-affiliated work number=70,399 progress=93.5% api_total=75,333
2026-08-05 13:26:06,332 INFO src.pipeline.kaggle_collect_openalex_sri_lanka: Saved Sri Lankan-affiliated work number=70,400 progress=93.5% api_total=75,333
2026-08-05 13:26:06,332 INFO src.pipeline.kaggle_collect_openalex_sri_lanka: Saved Sri Lankan-affiliated work number=70,401 progress=93.5% api_total=75,333
2026-08-05 13:26:06,333 INFO src.pipeline.kaggle_collect_openalex_sri_lanka: Saved Sri Lankan-affiliated work number=70,402 progress=93.5% api_total=75,333
2026-08-05 13:26:06,333 INFO src.pipeline.kaggle_collect_openalex_sri_lanka: Saved Sri Lankan-affiliated work number=70,403 progress=93.5% api_total=75,333
2026-08-05 13:26:06,334 INFO src.pipeline.kaggle_collect_openalex_sri_lanka: Saved Sri Lankan-affiliated work number=70,404 progress=93.5% api_total=75,333
2026-08-05 13:26:06,334 INFO src.pipeline.kaggle_collect_openalex_sri_lanka: Saved Sri Lankan-affiliated work number=70,405 progress=93.5% api_total=75,333
2026-08-05 13:26:06,334 INFO src.pipeline.kaggle_collect_openalex_sri_lanka: Saved Sri Lankan-affiliated work number=70,406 progress=93.5% api_total=75,333
2026-08-05 13:26:06,335 INFO src.pipeline.kaggle_collect_openalex_sri_lanka: Saved Sri Lankan-affiliated work number=70,407 progress=93.5% api_total=75,333
2026-08-05 13:26:06,335 INFO src.pipeline.kaggle_collect_openalex_sri_lanka: Saved Sri Lankan-affiliated work number=70,408 progress=93.5% api_total=75,333
2026-08-05 13:26:06,335 INFO src.pipeline.kaggle_collect_openalex_sri_lanka: Saved Sri Lankan-affiliated work number=70,409 progress=93.5% api_total=75,333
2026-08-05 13:26:06,336 INFO src.pipeline.kaggle_collect_openalex_sri_lanka: Saved Sri Lankan-affiliated work number=70,410 progress=93.5% api_total=75,333
2026-08-05 13:26:06,336 INFO src.pipeline.kaggle_collect_openalex_sri_lanka: Saved Sri Lankan-affiliated work number=70,411 progress=93.5% api_total=75,333
2026-08-05 13:26:06,336 INFO src.pipeline.kaggle_collect_openalex_sri_lanka: Saved Sri Lankan-affiliated work number=70,412 progress=93.5% api_total=75,333
2026-08-05 13:26:06,337 INFO src.pipeline.kaggle_collect_openalex_sri_lanka: Saved Sri Lankan-affiliated work number=70,413 progress=93.5% api_total=75,333
2026-08-05 13:26:06,337 INFO src.pipeline.kaggle_collect_openalex_sri_lanka: Saved Sri Lankan-affiliated work number=70,414 progress=93.5% api_total=75,333
2026-08-05 13:26:06,337 INFO src.pipeline.kaggle_collect_openalex_sri_lanka: Saved Sri Lankan-affiliated work number=70,415 progress=93.5% api_total=75,333
2026-08-05 13:26:06,338 INFO src.pipeline.kaggle_collect_openalex_sri_lanka: Saved Sri Lankan-affiliated work number=70,416 progress=93.5% api_total=75,333
2026-08-05 13:26:06,338 INFO src.pipeline.kaggle_collect_openalex_sri_lanka: Saved Sri Lankan-affiliated work number=70,417 progress=93.5% api_total=75,333
2026-08-05 13:26:06,339 INFO src.pipeline.kaggle_collect_openalex_sri_lanka: Saved Sri Lankan-affiliated work number=70,418 progress=93.5% api_total=75,333
2026-08-05 13:26:06,339 INFO src.pipeline.kaggle_collect_openalex_sri_lanka: Saved Sri Lankan-affiliated work number=70,419 progress=93.5% api_total=75,333
2026-08-05 13:26:06,340 INFO src.pipeline.kaggle_collect_openalex_sri_lanka: Saved Sri Lankan-affiliated work number=70,420 progress=93.5% api_total=75,333
2026-08-05 13:26:06,340 INFO src.pipeline.kaggle_collect_openalex_sri_lanka: Saved Sri Lankan-affiliated work number=70,421 progress=93.5% api_total=75,333
2026-08-05 13:26:06,341 INFO src.pipeline.kaggle_collect_openalex_sri_lanka: Saved Sri Lankan-affiliated work number=70,422 progress=93.5% api_total=75,333
2026-08-05 13:26:06,341 INFO src.pipeline.kaggle_collect_openalex_sri_lanka: Saved Sri Lankan-affiliated work number=70,423 progress=93.5% api_total=75,333
2026-08-05 13:26:06,342 INFO src.pipeline.kaggle_collect_openalex_sri_lanka: Saved Sri Lankan-affiliated work number=70,424 progress=93.5% api_total=75,333
2026-08-05 13:26:06,342 INFO src.pipeline.kaggle_collect_openalex_sri_lanka: Saved Sri Lankan-affiliated work number=70,425 progress=93.5% api_total=75,333
2026-08-05 13:26:06,343 INFO src.pipeline.kaggle_collect_openalex_sri_lanka: Saved Sri Lankan-affiliated work number=70,426 progress=93.5% api_total=75,333
2026-08-05 13:26:06,343 INFO src.pipeline.kaggle_collect_openalex_sri_lanka: Saved Sri Lankan-affiliated work number=70,427 progress=93.5% api_total=75,333
2026-08-05 13:26:06,343 INFO src.pipeline.kaggle_collect_openalex_sri_lanka: Saved Sri Lankan-affiliated work number=70,428 progress=93.5% api_total=75,333
2026-08-05 13:26:06,344 INFO src.pipeline.kaggle_collect_openalex_sri_lanka: Saved Sri Lankan-affiliated work number=70,429 progress=93.5% api_total=75,333
2026-08-05 13:26:06,344 INFO src.pipeline.kaggle_collect_openalex_sri_lanka: Saved Sri Lankan-affiliated work number=70,430 progress=93.5% api_total=75,333
2026-08-05 13:26:06,344 INFO src.pipeline.kaggle_collect_openalex_sri_lanka: Saved Sri Lankan-affiliated work number=70,431 progress=93.5% api_total=75,333
2026-08-05 13:26:06,345 INFO src.pipeline.kaggle_collect_openalex_sri_lanka: Saved Sri Lankan-affiliated work number=70,432 progress=93.5% api_total=75,333
2026-08-05 13:26:06,345 INFO src.pipeline.kaggle_collect_openalex_sri_lanka: Saved Sri Lankan-affiliated work number=70,433 progress=93.5% api_total=75,333
2026-08-05 13:26:06,346 INFO src.pipeline.kaggle_collect_openalex_sri_lanka: Saved Sri Lankan-affiliated work number=70,434 progress=93.5% api_total=75,333
2026-08-05 13:26:06,346 INFO src.pipeline.kaggle_collect_openalex_sri_lanka: Saved Sri Lankan-affiliated work number=70,435 progress=93.5% api_total=75,333
2026-08-05 13:26:06,346 INFO src.pipeline.kaggle_collect_openalex_sri_lanka: Saved Sri Lankan-affiliated work number=70,436 progress=93.5% api_total=75,333
2026-08-05 13:26:06,347 INFO src.pipeline.kaggle_collect_openalex_sri_lanka: Saved Sri Lankan-affiliated work number=70,437 progress=93.5% api_total=75,333
2026-08-05 13:26:06,347 INFO src.pipeline.kaggle_collect_openalex_sri_lanka: Saved Sri Lankan-affiliated work number=70,438 progress=93.5% api_total=75,333
2026-08-05 13:26:06,348 INFO src.pipeline.kaggle_collect_openalex_sri_lanka: Saved Sri Lankan-affiliated work number=70,439 progress=93.5% api_total=75,333
2026-08-05 13:26:06,348 INFO src.pipeline.kaggle_collect_openalex_sri_lanka: Saved Sri Lankan-affiliated work number=70,440 progress=93.5% api_total=75,333
2026-08-05 13:26:06,349 INFO src.pipeline.kaggle_collect_openalex_sri_lanka: Saved Sri Lankan-affiliated work number=70,441 progress=93.5% api_total=75,333
2026-08-05 13:26:06,349 INFO src.pipeline.kaggle_collect_openalex_sri_lanka: Saved Sri Lankan-affiliated work number=70,442 progress=93.5% api_total=75,333
2026-08-05 13:26:06,349 INFO src.pipeline.kaggle_collect_openalex_sri_lanka: Saved Sri Lankan-affiliated work number=70,443 progress=93.5% api_total=75,333
2026-08-05 13:26:06,350 INFO src.pipeline.kaggle_collect_openalex_sri_lanka: Saved Sri Lankan-affiliated work number=70,444 progress=93.5% api_total=75,333
2026-08-05 13:26:06,350 INFO src.pipeline.kaggle_collect_openalex_sri_lanka: Saved Sri Lankan-affiliated work number=70,445 progress=93.5% api_total=75,333
2026-08-05 13:26:06,351 INFO src.pipeline.kaggle_collect_openalex_sri_lanka: Saved Sri Lankan-affiliated work number=70,446 progress=93.5% api_total=75,333
2026-08-05 13:26:06,351 INFO src.pipeline.kaggle_collect_openalex_sri_lanka: Saved Sri Lankan-affiliated work number=70,447 progress=93.5% api_total=75,333
2026-08-05 13:26:06,351 INFO src.pipeline.kaggle_collect_openalex_sri_lanka: Saved Sri Lankan-affiliated work number=70,448 progress=93.5% api_total=75,333
2026-08-05 13:26:06,352 INFO src.pipeline.kaggle_collect_openalex_sri_lanka: Saved Sri Lankan-affiliated work number=70,449 progress=93.5% api_total=75,333
2026-08-05 13:26:19,488 INFO src.collectors.openalex_collector: Fetched OpenAlex page page=2/377 progress=0.5% fetched=200 kept=200 skipped=0 next_cursor=yes
2026-08-05 13:26:19,495 INFO src.pipeline.kaggle_collect_openalex_sri_lanka: Saved Sri Lankan-affiliated work number=70,450 progress=93.5% api_total=75,333
2026-08-05 13:26:19,496 INFO src.pipeline.kaggle_collect_openalex_sri_lanka: Saved Sri Lankan-affiliated work number=70,451 progress=93.5% api_total=75,333
2026-08-05 13:26:19,497 INFO src.pipeline.kaggle_collect_openalex_sri_lanka: Saved Sri Lankan-affiliated work number=70,452 progress=93.5% api_total=75,333
2026-08-05 13:26:19,497 INFO src.pipeline.kaggle_collect_openalex_sri_lanka: Saved Sri Lankan-affiliated work number=70,453 progress=93.5% api_total=75,333
2026-08-05 13:26:19,497 INFO src.pipeline.kaggle_collect_openalex_sri_lanka: Saved Sri Lankan-affiliated work number=70,454 progress=93.5% api_total=75,333
2026-08-05 13:26:19,498 INFO src.pipeline.kaggle_collect_openalex_sri_lanka: Saved Sri Lankan-affiliated work number=70,455 progress=93.5% api_total=75,333
2026-08-05 13:26:19,498 INFO src.pipeline.kaggle_collect_openalex_sri_lanka: Saved Sri Lankan-affiliated work number=70,456 progress=93.5% api_total=75,333
2026-08-05 13:26:19,499 INFO src.pipeline.kaggle_collect_openalex_sri_lanka: Saved Sri Lankan-affiliated work number=70,457 progress=93.5% api_total=75,333
2026-08-05 13:26:19,499 INFO src.pipeline.kaggle_collect_openalex_sri_lanka: Saved Sri Lankan-affiliated work number=70,458 progress=93.5% api_total=75,333
2026-08-05 13:26:19,499 INFO src.pipeline.kaggle_collect_openalex_sri_lanka: Saved Sri Lankan-affiliated work number=70,459 progress=93.5% api_total=75,333
2026-08-05 13:26:19,500 INFO src.pipeline.kaggle_collect_openalex_sri_lanka: Saved Sri Lankan-affiliated work number=70,460 progress=93.5% api_total=75,333
2026-08-05 13:26:19,500 INFO src.pipeline.kaggle_collect_openalex_sri_lanka: Saved Sri Lankan-affiliated work number=70,461 progress=93.5% api_total=75,333
2026-08-05 13:26:19,500 INFO src.pipeline.kaggle_collect_openalex_sri_lanka: Saved Sri Lankan-affiliated work number=70,462 progress=93.5% api_total=75,333
2026-08-05 13:26:19,501 INFO src.pipeline.kaggle_collect_openalex_sri_lanka: Saved Sri Lankan-affiliated work number=70,463 progress=93.5% api_total=75,333
2026-08-05 13:26:19,502 INFO src.pipeline.kaggle_collect_openalex_sri_lanka: Saved Sri Lankan-affiliated work number=70,464 progress=93.5% api_total=75,333
2026-08-05 13:26:19,502 INFO src.pipeline.kaggle_collect_openalex_sri_lanka: Saved Sri Lankan-affiliated work number=70,465 progress=93.5% api_total=75,333
2026-08-05 13:26:19,502 INFO src.pipeline.kaggle_collect_openalex_sri_lanka: Saved Sri Lankan-affiliated work number=70,466 progress=93.5% api_total=75,333
2026-08-05 13:26:19,503 INFO src.pipeline.kaggle_collect_openalex_sri_lanka: Saved Sri Lankan-affiliated work number=70,467 progress=93.5% api_total=75,333
2026-08-05 13:26:19,503 INFO src.pipeline.kaggle_collect_openalex_sri_lanka: Saved Sri Lankan-affiliated work number=70,468 progress=93.5% api_total=75,333
2026-08-05 13:26:19,504 INFO src.pipeline.kaggle_collect_openalex_sri_lanka: Saved Sri Lankan-affiliated work number=70,469 progress=93.5% api_total=75,333
2026-08-05 13:26:19,504 INFO src.pipeline.kaggle_collect_openalex_sri_lanka: Saved Sri Lankan-affiliated work number=70,470 progress=93.5% api_total=75,333
2026-08-05 13:26:19,504 INFO src.pipeline.kaggle_collect_openalex_sri_lanka: Saved Sri Lankan-affiliated work number=70,471 progress=93.5% api_total=75,333
2026-08-05 13:26:19,504 INFO src.pipeline.kaggle_collect_openalex_sri_lanka: Saved Sri Lankan-affiliated work number=70,472 progress=93.5% api_total=75,333
2026-08-05 13:26:19,505 INFO src.pipeline.kaggle_collect_openalex_sri_lanka: Saved Sri Lankan-affiliated work number=70,473 progress=93.5% api_total=75,333
2026-08-05 13:26:19,505 INFO src.pipeline.kaggle_collect_openalex_sri_lanka: Saved Sri Lankan-affiliated work number=70,474 progress=93.5% api_total=75,333
2026-08-05 13:26:19,506 INFO src.pipeline.kaggle_collect_openalex_sri_lanka: Saved Sri Lankan-affiliated work number=70,475 progress=93.6% api_total=75,333
2026-08-05 13:26:19,506 INFO src.pipeline.kaggle_collect_openalex_sri_lanka: Saved Sri Lankan-affiliated work number=70,476 progress=93.6% api_total=75,333
2026-08-05 13:26:19,507 INFO src.pipeline.kaggle_collect_openalex_sri_lanka: Saved Sri Lankan-affiliated work number=70,477 progress=93.6% api_total=75,333
2026-08-05 13:26:19,507 INFO src.pipeline.kaggle_collect_openalex_sri_lanka: Saved Sri Lankan-affiliated work number=70,478 progress=93.6% api_total=75,333
2026-08-05 13:26:19,507 INFO src.pipeline.kaggle_collect_openalex_sri_lanka: Saved Sri Lankan-affiliated work number=70,479 progress=93.6% api_total=75,333
2026-08-05 13:26:19,508 INFO src.pipeline.kaggle_collect_openalex_sri_lanka: Saved Sri Lankan-affiliated work number=70,480 progress=93.6% api_total=75,333
2026-08-05 13:26:19,508 INFO src.pipeline.kaggle_collect_openalex_sri_lanka: Saved Sri Lankan-affiliated work number=70,481 progress=93.6% api_total=75,333
2026-08-05 13:26:19,509 INFO src.pipeline.kaggle_collect_openalex_sri_lanka: Saved Sri Lankan-affiliated work number=70,482 progress=93.6% api_total=75,333
2026-08-05 13:26:19,509 INFO src.pipeline.kaggle_collect_openalex_sri_lanka: Saved Sri Lankan-affiliated work number=70,483 progress=93.6% api_total=75,333
2026-08-05 13:26:19,510 INFO src.pipeline.kaggle_collect_openalex_sri_lanka: Saved Sri Lankan-affiliated work number=70,484 progress=93.6% api_total=75,333
2026-08-05 13:26:19,511 INFO src.pipeline.kaggle_collect_openalex_sri_lanka: Saved Sri Lankan-affiliated work number=70,485 progress=93.6% api_total=75,333
2026-08-05 13:26:19,511 INFO src.pipeline.kaggle_collect_openalex_sri_lanka: Saved Sri Lankan-affiliated work number=70,486 progress=93.6% api_total=75,333
2026-08-05 13:26:19,511 INFO src.pipeline.kaggle_collect_openalex_sri_lanka: Saved Sri Lankan-affiliated work number=70,487 progress=93.6% api_total=75,333
2026-08-05 13:26:19,512 INFO src.pipeline.kaggle_collect_openalex_sri_lanka: Saved Sri Lankan-affiliated work number=70,488 progress=93.6% api_total=75,333
2026-08-05 13:26:19,512 INFO src.pipeline.kaggle_collect_openalex_sri_lanka: Saved Sri Lankan-affiliated work number=70,489 progress=93.6% api_total=75,333
2026-08-05 13:26:19,512 INFO src.pipeline.kaggle_collect_openalex_sri_lanka: Saved Sri Lankan-affiliated work number=70,490 progress=93.6% api_total=75,333
2026-08-05 13:26:19,513 INFO src.pipeline.kaggle_collect_openalex_sri_lanka: Saved Sri Lankan-affiliated work number=70,491 progress=93.6% api_total=75,333
2026-08-05 13:26:19,513 INFO src.pipeline.kaggle_collect_openalex_sri_lanka: Saved Sri Lankan-affiliated work number=70,492 progress=93.6% api_total=75,333
2026-08-05 13:26:19,513 INFO src.pipeline.kaggle_collect_openalex_sri_lanka: Saved Sri Lankan-affiliated work number=70,493 progress=93.6% api_total=75,333
2026-08-05 13:26:19,514 INFO src.pipeline.kaggle_collect_openalex_sri_lanka: Saved Sri Lankan-affiliated work number=70,494 progress=93.6% api_total=75,333
2026-08-05 13:26:19,514 INFO src.pipeline.kaggle_collect_openalex_sri_lanka: Saved Sri Lankan-affiliated work number=70,495 progress=93.6% api_total=75,333
2026-08-05 13:26:19,515 INFO src.pipeline.kaggle_collect_openalex_sri_lanka: Saved Sri Lankan-affiliated work number=70,496 progress=93.6% api_total=75,333
2026-08-05 13:26:19,518 INFO src.pipeline.kaggle_collect_openalex_sri_lanka: Saved Sri Lankan-affiliated work number=70,497 progress=93.6% api_total=75,333
2026-08-05 13:26:19,518 INFO src.pipeline.kaggle_collect_openalex_sri_lanka: Saved Sri Lankan-affiliated work number=70,498 progress=93.6% api_total=75,333
2026-08-05 13:26:19,519 INFO src.pipeline.kaggle_collect_openalex_sri_lanka: Saved Sri Lankan-affiliated work number=70,499 progress=93.6% api_total=75,333
2026-08-05 13:26:19,519 INFO src.pipeline.kaggle_collect_openalex_sri_lanka: Saved Sri Lankan-affiliated work number=70,500 progress=93.6% api_total=75,333
2026-08-05 13:26:19,519 INFO src.pipeline.kaggle_collect_openalex_sri_lanka: Saved Sri Lankan-affiliated work number=70,501 progress=93.6% api_total=75,333
2026-08-05 13:26:19,520 INFO src.pipeline.kaggle_collect_openalex_sri_lanka: Saved Sri Lankan-affiliated work number=70,502 progress=93.6% api_total=75,333
2026-08-05 13:26:19,520 INFO src.pipeline.kaggle_collect_openalex_sri_lanka: Saved Sri Lankan-affiliated work number=70,503 progress=93.6% api_total=75,333
2026-08-05 13:26:19,520 INFO src.pipeline.kaggle_collect_openalex_sri_lanka: Saved Sri Lankan-affiliated work number=70,504 progress=93.6% api_total=75,333
2026-08-05 13:26:19,521 INFO src.pipeline.kaggle_collect_openalex_sri_lanka: Saved Sri Lankan-affiliated work number=70,505 progress=93.6% api_total=75,333
2026-08-05 13:26:19,521 INFO src.pipeline.kaggle_collect_openalex_sri_lanka: Saved Sri Lankan-affiliated work number=70,506 progress=93.6% api_total=75,333
2026-08-05 13:26:19,521 INFO src.pipeline.kaggle_collect_openalex_sri_lanka: Saved Sri Lankan-affiliated work number=70,507 progress=93.6% api_total=75,333
2026-08-05 13:26:19,523 INFO src.pipeline.kaggle_collect_openalex_sri_lanka: Saved Sri Lankan-affiliated work number=70,508 progress=93.6% api_total=75,333
2026-08-05 13:26:19,523 INFO src.pipeline.kaggle_collect_openalex_sri_lanka: Saved Sri Lankan-affiliated work number=70,509 progress=93.6% api_total=75,333
2026-08-05 13:26:19,524 INFO src.pipeline.kaggle_collect_openalex_sri_lanka: Saved Sri Lankan-affiliated work number=70,510 progress=93.6% api_total=75,333
2026-08-05 13:26:19,524 INFO src.pipeline.kaggle_collect_openalex_sri_lanka: Saved Sri Lankan-affiliated work number=70,511 progress=93.6% api_total=75,333
2026-08-05 13:26:19,524 INFO src.pipeline.kaggle_collect_openalex_sri_lanka: Saved Sri Lankan-affiliated work number=70,512 progress=93.6% api_total=75,333
2026-08-05 13:26:19,525 INFO src.pipeline.kaggle_collect_openalex_sri_lanka: Saved Sri Lankan-affiliated work number=70,513 progress=93.6% api_total=75,333
2026-08-05 13:26:19,525 INFO src.pipeline.kaggle_collect_openalex_sri_lanka: Saved Sri Lankan-affiliated work number=70,514 progress=93.6% api_total=75,333
2026-08-05 13:26:19,525 INFO src.pipeline.kaggle_collect_openalex_sri_lanka: Saved Sri Lankan-affiliated work number=70,515 progress=93.6% api_total=75,333
2026-08-05 13:26:19,526 INFO src.pipeline.kaggle_collect_openalex_sri_lanka: Saved Sri Lankan-affiliated work number=70,516 progress=93.6% api_total=75,333
2026-08-05 13:26:19,526 INFO src.pipeline.kaggle_collect_openalex_sri_lanka: Saved Sri Lankan-affiliated work number=70,517 progress=93.6% api_total=75,333
2026-08-05 13:26:19,526 INFO src.pipeline.kaggle_collect_openalex_sri_lanka: Saved Sri Lankan-affiliated work number=70,518 progress=93.6% api_total=75,333
2026-08-05 13:26:19,527 INFO src.pipeline.kaggle_collect_openalex_sri_lanka: Saved Sri Lankan-affiliated work number=70,519 progress=93.6% api_total=75,333
2026-08-05 13:26:19,527 INFO src.pipeline.kaggle_collect_openalex_sri_lanka: Saved Sri Lankan-affiliated work number=70,520 progress=93.6% api_total=75,333
2026-08-05 13:26:19,528 INFO src.pipeline.kaggle_collect_openalex_sri_lanka: Saved Sri Lankan-affiliated work number=70,521 progress=93.6% api_total=75,333
2026-08-05 13:26:19,528 INFO src.pipeline.kaggle_collect_openalex_sri_lanka: Saved Sri Lankan-affiliated work number=70,522 progress=93.6% api_total=75,333
2026-08-05 13:26:19,528 INFO src.pipeline.kaggle_collect_openalex_sri_lanka: Saved Sri Lankan-affiliated work number=70,523 progress=93.6% api_total=75,333
2026-08-05 13:26:19,529 INFO src.pipeline.kaggle_collect_openalex_sri_lanka: Saved Sri Lankan-affiliated work number=70,524 progress=93.6% api_total=75,333
2026-08-05 13:26:19,529 INFO src.pipeline.kaggle_collect_openalex_sri_lanka: Saved Sri Lankan-affiliated work number=70,525 progress=93.6% api_total=75,333
2026-08-05 13:26:19,530 INFO src.pipeline.kaggle_collect_openalex_sri_lanka: Saved Sri Lankan-affiliated work number=70,526 progress=93.6% api_total=75,333
2026-08-05 13:26:19,530 INFO src.pipeline.kaggle_collect_openalex_sri_lanka: Saved Sri Lankan-affiliated work number=70,527 progress=93.6% api_total=75,333
2026-08-05 13:26:19,531 INFO src.pipeline.kaggle_collect_openalex_sri_lanka: Saved Sri Lankan-affiliated work number=70,528 progress=93.6% api_total=75,333
2026-08-05 13:26:19,531 INFO src.pipeline.kaggle_collect_openalex_sri_lanka: Saved Sri Lankan-affiliated work number=70,529 progress=93.6% api_total=75,333
2026-08-05 13:26:19,532 INFO src.pipeline.kaggle_collect_openalex_sri_lanka: Saved Sri Lankan-affiliated work number=70,530 progress=93.6% api_total=75,333
2026-08-05 13:26:19,532 INFO src.pipeline.kaggle_collect_openalex_sri_lanka: Saved Sri Lankan-affiliated work number=70,531 progress=93.6% api_total=75,333
2026-08-05 13:26:19,532 INFO src.pipeline.kaggle_collect_openalex_sri_lanka: Saved Sri Lankan-affiliated work number=70,532 progress=93.6% api_total=75,333
2026-08-05 13:26:19,533 INFO src.pipeline.kaggle_collect_openalex_sri_lanka: Saved Sri Lankan-affiliated work number=70,533 progress=93.6% api_total=75,333
2026-08-05 13:26:19,533 INFO src.pipeline.kaggle_collect_openalex_sri_lanka: Saved Sri Lankan-affiliated work number=70,534 progress=93.6% api_total=75,333
2026-08-05 13:26:19,533 INFO src.pipeline.kaggle_collect_openalex_sri_lanka: Saved Sri Lankan-affiliated work number=70,535 progress=93.6% api_total=75,333
2026-08-05 13:26:19,534 INFO src.pipeline.kaggle_collect_openalex_sri_lanka: Saved Sri Lankan-affiliated work number=70,536 progress=93.6% api_total=75,333
2026-08-05 13:26:19,534 INFO src.pipeline.kaggle_collect_openalex_sri_lanka: Saved Sri Lankan-affiliated work number=70,537 progress=93.6% api_total=75,333
2026-08-05 13:26:19,534 INFO src.pipeline.kaggle_collect_openalex_sri_lanka: Saved Sri Lankan-affiliated work number=70,538 progress=93.6% api_total=75,333
2026-08-05 13:26:19,535 INFO src.pipeline.kaggle_collect_openalex_sri_lanka: Saved Sri Lankan-affiliated work number=70,539 progress=93.6% api_total=75,333
2026-08-05 13:26:19,535 INFO src.pipeline.kaggle_collect_openalex_sri_lanka: Saved Sri Lankan-affiliated work number=70,540 progress=93.6% api_total=75,333
2026-08-05 13:26:19,535 INFO src.pipeline.kaggle_collect_openalex_sri_lanka: Saved Sri Lankan-affiliated work number=70,541 progress=93.6% api_total=75,333
2026-08-05 13:26:19,536 INFO src.pipeline.kaggle_collect_openalex_sri_lanka: Saved Sri Lankan-affiliated work number=70,542 progress=93.6% api_total=75,333
2026-08-05 13:26:19,536 INFO src.pipeline.kaggle_collect_openalex_sri_lanka: Saved Sri Lankan-affiliated work number=70,543 progress=93.6% api_total=75,333
2026-08-05 13:26:19,536 INFO src.pipeline.kaggle_collect_openalex_sri_lanka: Saved Sri Lankan-affiliated work number=70,544 progress=93.6% api_total=75,333
2026-08-05 13:26:19,537 INFO src.pipeline.kaggle_collect_openalex_sri_lanka: Saved Sri Lankan-affiliated work number=70,545 progress=93.6% api_total=75,333
2026-08-05 13:26:19,537 INFO src.pipeline.kaggle_collect_openalex_sri_lanka: Saved Sri Lankan-affiliated work number=70,546 progress=93.6% api_total=75,333
2026-08-05 13:26:19,537 INFO src.pipeline.kaggle_collect_openalex_sri_lanka: Saved Sri Lankan-affiliated work number=70,547 progress=93.6% api_total=75,333
2026-08-05 13:26:19,538 INFO src.pipeline.kaggle_collect_openalex_sri_lanka: Saved Sri Lankan-affiliated work number=70,548 progress=93.6% api_total=75,333
2026-08-05 13:26:19,538 INFO src.pipeline.kaggle_collect_openalex_sri_lanka: Saved Sri Lankan-affiliated work number=70,549 progress=93.6% api_total=75,333
2026-08-05 13:26:19,538 INFO src.pipeline.kaggle_collect_openalex_sri_lanka: Saved Sri Lankan-affiliated work number=70,550 progress=93.7% api_total=75,333
2026-08-05 13:26:19,538 INFO src.pipeline.kaggle_collect_openalex_sri_lanka: Saved Sri Lankan-affiliated work number=70,551 progress=93.7% api_total=75,333
2026-08-05 13:26:19,539 INFO src.pipeline.kaggle_collect_openalex_sri_lanka: Saved Sri Lankan-affiliated work number=70,552 progress=93.7% api_total=75,333
2026-08-05 13:26:19,539 INFO src.pipeline.kaggle_collect_openalex_sri_lanka: Saved Sri Lankan-affiliated work number=70,553 progress=93.7% api_total=75,333
2026-08-05 13:26:19,540 INFO src.pipeline.kaggle_collect_openalex_sri_lanka: Saved Sri Lankan-affiliated work number=70,554 progress=93.7% api_total=75,333
2026-08-05 13:26:19,541 INFO src.pipeline.kaggle_collect_openalex_sri_lanka: Saved Sri Lankan-affiliated work number=70,555 progress=93.7% api_total=75,333
2026-08-05 13:26:19,541 INFO src.pipeline.kaggle_collect_openalex_sri_lanka: Saved Sri Lankan-affiliated work number=70,556 progress=93.7% api_total=75,333
2026-08-05 13:26:19,541 INFO src.pipeline.kaggle_collect_openalex_sri_lanka: Saved Sri Lankan-affiliated work number=70,557 progress=93.7% api_total=75,333
2026-08-05 13:26:19,541 INFO src.pipeline.kaggle_collect_openalex_sri_lanka: Saved Sri Lankan-affiliated work number=70,558 progress=93.7% api_total=75,333
2026-08-05 13:26:19,542 INFO src.pipeline.kaggle_collect_openalex_sri_lanka: Saved Sri Lankan-affiliated work number=70,559 progress=93.7% api_total=75,333
2026-08-05 13:26:19,542 INFO src.pipeline.kaggle_collect_openalex_sri_lanka: Saved Sri Lankan-affiliated work number=70,560 progress=93.7% api_total=75,333
2026-08-05 13:26:19,542 INFO src.pipeline.kaggle_collect_openalex_sri_lanka: Saved Sri Lankan-affiliated work number=70,561 progress=93.7% api_total=75,333
2026-08-05 13:26:19,543 INFO src.pipeline.kaggle_collect_openalex_sri_lanka: Saved Sri Lankan-affiliated work number=70,562 progress=93.7% api_total=75,333
2026-08-05 13:26:19,543 INFO src.pipeline.kaggle_collect_openalex_sri_lanka: Saved Sri Lankan-affiliated work number=70,563 progress=93.7% api_total=75,333
2026-08-05 13:26:19,543 INFO src.pipeline.kaggle_collect_openalex_sri_lanka: Saved Sri Lankan-affiliated work number=70,564 progress=93.7% api_total=75,333
2026-08-05 13:26:19,544 INFO src.pipeline.kaggle_collect_openalex_sri_lanka: Saved Sri Lankan-affiliated work number=70,565 progress=93.7% api_total=75,333
2026-08-05 13:26:19,544 INFO src.pipeline.kaggle_collect_openalex_sri_lanka: Saved Sri Lankan-affiliated work number=70,566 progress=93.7% api_total=75,333
2026-08-05 13:26:19,544 INFO src.pipeline.kaggle_collect_openalex_sri_lanka: Saved Sri Lankan-affiliated work number=70,567 progress=93.7% api_total=75,333
2026-08-05 13:26:19,544 INFO src.pipeline.kaggle_collect_openalex_sri_lanka: Saved Sri Lankan-affiliated work number=70,568 progress=93.7% api_total=75,333
2026-08-05 13:26:19,545 INFO src.pipeline.kaggle_collect_openalex_sri_lanka: Saved Sri Lankan-affiliated work number=70,569 progress=93.7% api_total=75,333
2026-08-05 13:26:19,545 INFO src.pipeline.kaggle_collect_openalex_sri_lanka: Saved Sri Lankan-affiliated work number=70,570 progress=93.7% api_total=75,333
2026-08-05 13:26:19,545 INFO src.pipeline.kaggle_collect_openalex_sri_lanka: Saved Sri Lankan-affiliated work number=70,571 progress=93.7% api_total=75,333
2026-08-05 13:26:19,546 INFO src.pipeline.kaggle_collect_openalex_sri_lanka: Saved Sri Lankan-affiliated work number=70,572 progress=93.7% api_total=75,333
2026-08-05 13:26:19,546 INFO src.pipeline.kaggle_collect_openalex_sri_lanka: Saved Sri Lankan-affiliated work number=70,573 progress=93.7% api_total=75,333
2026-08-05 13:26:19,546 INFO src.pipeline.kaggle_collect_openalex_sri_lanka: Saved Sri Lankan-affiliated work number=70,574 progress=93.7% api_total=75,333
2026-08-05 13:26:19,546 INFO src.pipeline.kaggle_collect_openalex_sri_lanka: Saved Sri Lankan-affiliated work number=70,575 progress=93.7% api_total=75,333
2026-08-05 13:26:19,547 INFO src.pipeline.kaggle_collect_openalex_sri_lanka: Saved Sri Lankan-affiliated work number=70,576 progress=93.7% api_total=75,333
2026-08-05 13:26:19,547 INFO src.pipeline.kaggle_collect_openalex_sri_lanka: Saved Sri Lankan-affiliated work number=70,577 progress=93.7% api_total=75,333
2026-08-05 13:26:19,547 INFO src.pipeline.kaggle_collect_openalex_sri_lanka: Saved Sri Lankan-affiliated work number=70,578 progress=93.7% api_total=75,333
2026-08-05 13:26:19,547 INFO src.pipeline.kaggle_collect_openalex_sri_lanka: Saved Sri Lankan-affiliated work number=70,579 progress=93.7% api_total=75,333
2026-08-05 13:26:19,548 INFO src.pipeline.kaggle_collect_openalex_sri_lanka: Saved Sri Lankan-affiliated work number=70,580 progress=93.7% api_total=75,333
2026-08-05 13:26:19,548 INFO src.pipeline.kaggle_collect_openalex_sri_lanka: Saved Sri Lankan-affiliated work number=70,581 progress=93.7% api_total=75,333
2026-08-05 13:26:19,548 INFO src.pipeline.kaggle_collect_openalex_sri_lanka: Saved Sri Lankan-affiliated work number=70,582 progress=93.7% api_total=75,333
2026-08-05 13:26:19,549 INFO src.pipeline.kaggle_collect_openalex_sri_lanka: Saved Sri Lankan-affiliated work number=70,583 progress=93.7% api_total=75,333
2026-08-05 13:26:19,549 INFO src.pipeline.kaggle_collect_openalex_sri_lanka: Saved Sri Lankan-affiliated work number=70,584 progress=93.7% api_total=75,333
2026-08-05 13:26:19,549 INFO src.pipeline.kaggle_collect_openalex_sri_lanka: Saved Sri Lankan-affiliated work number=70,585 progress=93.7% api_total=75,333
2026-08-05 13:26:19,550 INFO src.pipeline.kaggle_collect_openalex_sri_lanka: Saved Sri Lankan-affiliated work number=70,586 progress=93.7% api_total=75,333
2026-08-05 13:26:19,550 INFO src.pipeline.kaggle_collect_openalex_sri_lanka: Saved Sri Lankan-affiliated work number=70,587 progress=93.7% api_total=75,333
2026-08-05 13:26:19,551 INFO src.pipeline.kaggle_collect_openalex_sri_lanka: Saved Sri Lankan-affiliated work number=70,588 progress=93.7% api_total=75,333
2026-08-05 13:26:19,551 INFO src.pipeline.kaggle_collect_openalex_sri_lanka: Saved Sri Lankan-affiliated work number=70,589 progress=93.7% api_total=75,333
2026-08-05 13:26:19,552 INFO src.pipeline.kaggle_collect_openalex_sri_lanka: Saved Sri Lankan-affiliated work number=70,590 progress=93.7% api_total=75,333
2026-08-05 13:26:19,552 INFO src.pipeline.kaggle_collect_openalex_sri_lanka: Saved Sri Lankan-affiliated work number=70,591 progress=93.7% api_total=75,333
2026-08-05 13:26:19,552 INFO src.pipeline.kaggle_collect_openalex_sri_lanka: Saved Sri Lankan-affiliated work number=70,592 progress=93.7% api_total=75,333
2026-08-05 13:26:19,552 INFO src.pipeline.kaggle_collect_openalex_sri_lanka: Saved Sri Lankan-affiliated work number=70,593 progress=93.7% api_total=75,333
2026-08-05 13:26:19,553 INFO src.pipeline.kaggle_collect_openalex_sri_lanka: Saved Sri Lankan-affiliated work number=70,594 progress=93.7% api_total=75,333
2026-08-05 13:26:19,553 INFO src.pipeline.kaggle_collect_openalex_sri_lanka: Saved Sri Lankan-affiliated work number=70,595 progress=93.7% api_total=75,333
2026-08-05 13:26:19,553 INFO src.pipeline.kaggle_collect_openalex_sri_lanka: Saved Sri Lankan-affiliated work number=70,596 progress=93.7% api_total=75,333
2026-08-05 13:26:19,553 INFO src.pipeline.kaggle_collect_openalex_sri_lanka: Saved Sri Lankan-affiliated work number=70,597 progress=93.7% api_total=75,333
2026-08-05 13:26:19,554 INFO src.pipeline.kaggle_collect_openalex_sri_lanka: Saved Sri Lankan-affiliated work number=70,598 progress=93.7% api_total=75,333
2026-08-05 13:26:19,554 INFO src.pipeline.kaggle_collect_openalex_sri_lanka: Saved Sri Lankan-affiliated work number=70,599 progress=93.7% api_total=75,333
2026-08-05 13:26:19,554 INFO src.pipeline.kaggle_collect_openalex_sri_lanka: Saved Sri Lankan-affiliated work number=70,600 progress=93.7% api_total=75,333
2026-08-05 13:26:19,554 INFO src.pipeline.kaggle_collect_openalex_sri_lanka: Saved Sri Lankan-affiliated work number=70,601 progress=93.7% api_total=75,333
2026-08-05 13:26:19,555 INFO src.pipeline.kaggle_collect_openalex_sri_lanka: Saved Sri Lankan-affiliated work number=70,602 progress=93.7% api_total=75,333
2026-08-05 13:26:19,555 INFO src.pipeline.kaggle_collect_openalex_sri_lanka: Saved Sri Lankan-affiliated work number=70,603 progress=93.7% api_total=75,333
2026-08-05 13:26:19,556 INFO src.pipeline.kaggle_collect_openalex_sri_lanka: Saved Sri Lankan-affiliated work number=70,604 progress=93.7% api_total=75,333
2026-08-05 13:26:19,556 INFO src.pipeline.kaggle_collect_openalex_sri_lanka: Saved Sri Lankan-affiliated work number=70,605 progress=93.7% api_total=75,333
2026-08-05 13:26:19,556 INFO src.pipeline.kaggle_collect_openalex_sri_lanka: Saved Sri Lankan-affiliated work number=70,606 progress=93.7% api_total=75,333
2026-08-05 13:26:19,557 INFO src.pipeline.kaggle_collect_openalex_sri_lanka: Saved Sri Lankan-affiliated work number=70,607 progress=93.7% api_total=75,333
2026-08-05 13:26:19,557 INFO src.pipeline.kaggle_collect_openalex_sri_lanka: Saved Sri Lankan-affiliated work number=70,608 progress=93.7% api_total=75,333
2026-08-05 13:26:19,557 INFO src.pipeline.kaggle_collect_openalex_sri_lanka: Saved Sri Lankan-affiliated work number=70,609 progress=93.7% api_total=75,333
2026-08-05 13:26:19,558 INFO src.pipeline.kaggle_collect_openalex_sri_lanka: Saved Sri Lankan-affiliated work number=70,610 progress=93.7% api_total=75,333
2026-08-05 13:26:19,558 INFO src.pipeline.kaggle_collect_openalex_sri_lanka: Saved Sri Lankan-affiliated work number=70,611 progress=93.7% api_total=75,333
2026-08-05 13:26:19,558 INFO src.pipeline.kaggle_collect_openalex_sri_lanka: Saved Sri Lankan-affiliated work number=70,612 progress=93.7% api_total=75,333
2026-08-05 13:26:19,559 INFO src.pipeline.kaggle_collect_openalex_sri_lanka: Saved Sri Lankan-affiliated work number=70,613 progress=93.7% api_total=75,333
2026-08-05 13:26:19,559 INFO src.pipeline.kaggle_collect_openalex_sri_lanka: Saved Sri Lankan-affiliated work number=70,614 progress=93.7% api_total=75,333
2026-08-05 13:26:19,559 INFO src.pipeline.kaggle_collect_openalex_sri_lanka: Saved Sri Lankan-affiliated work number=70,615 progress=93.7% api_total=75,333
2026-08-05 13:26:19,560 INFO src.pipeline.kaggle_collect_openalex_sri_lanka: Saved Sri Lankan-affiliated work number=70,616 progress=93.7% api_total=75,333
2026-08-05 13:26:19,560 INFO src.pipeline.kaggle_collect_openalex_sri_lanka: Saved Sri Lankan-affiliated work number=70,617 progress=93.7% api_total=75,333
2026-08-05 13:26:19,560 INFO src.pipeline.kaggle_collect_openalex_sri_lanka: Saved Sri Lankan-affiliated work number=70,618 progress=93.7% api_total=75,333
2026-08-05 13:26:19,561 INFO src.pipeline.kaggle_collect_openalex_sri_lanka: Saved Sri Lankan-affiliated work number=70,619 progress=93.7% api_total=75,333
2026-08-05 13:26:19,561 INFO src.pipeline.kaggle_collect_openalex_sri_lanka: Saved Sri Lankan-affiliated work number=70,620 progress=93.7% api_total=75,333
2026-08-05 13:26:19,561 INFO src.pipeline.kaggle_collect_openalex_sri_lanka: Saved Sri Lankan-affiliated work number=70,621 progress=93.7% api_total=75,333
2026-08-05 13:26:19,562 INFO src.pipeline.kaggle_collect_openalex_sri_lanka: Saved Sri Lankan-affiliated work number=70,622 progress=93.7% api_total=75,333
2026-08-05 13:26:19,562 INFO src.pipeline.kaggle_collect_openalex_sri_lanka: Saved Sri Lankan-affiliated work number=70,623 progress=93.7% api_total=75,333
2026-08-05 13:26:19,562 INFO src.pipeline.kaggle_collect_openalex_sri_lanka: Saved Sri Lankan-affiliated work number=70,624 progress=93.7% api_total=75,333
2026-08-05 13:26:19,562 INFO src.pipeline.kaggle_collect_openalex_sri_lanka: Saved Sri Lankan-affiliated work number=70,625 progress=93.8% api_total=75,333
2026-08-05 13:26:19,563 INFO src.pipeline.kaggle_collect_openalex_sri_lanka: Saved Sri Lankan-affiliated work number=70,626 progress=93.8% api_total=75,333
2026-08-05 13:26:19,563 INFO src.pipeline.kaggle_collect_openalex_sri_lanka: Saved Sri Lankan-affiliated work number=70,627 progress=93.8% api_total=75,333
2026-08-05 13:26:19,564 INFO src.pipeline.kaggle_collect_openalex_sri_lanka: Saved Sri Lankan-affiliated work number=70,628 progress=93.8% api_total=75,333
2026-08-05 13:26:19,564 INFO src.pipeline.kaggle_collect_openalex_sri_lanka: Saved Sri Lankan-affiliated work number=70,629 progress=93.8% api_total=75,333
2026-08-05 13:26:19,564 INFO src.pipeline.kaggle_collect_openalex_sri_lanka: Saved Sri Lankan-affiliated work number=70,630 progress=93.8% api_total=75,333
2026-08-05 13:26:19,565 INFO src.pipeline.kaggle_collect_openalex_sri_lanka: Saved Sri Lankan-affiliated work number=70,631 progress=93.8% api_total=75,333
2026-08-05 13:26:19,565 INFO src.pipeline.kaggle_collect_openalex_sri_lanka: Saved Sri Lankan-affiliated work number=70,632 progress=93.8% api_total=75,333
2026-08-05 13:26:19,566 INFO src.pipeline.kaggle_collect_openalex_sri_lanka: Saved Sri Lankan-affiliated work number=70,633 progress=93.8% api_total=75,333
2026-08-05 13:26:19,566 INFO src.pipeline.kaggle_collect_openalex_sri_lanka: Saved Sri Lankan-affiliated work number=70,634 progress=93.8% api_total=75,333
2026-08-05 13:26:19,566 INFO src.pipeline.kaggle_collect_openalex_sri_lanka: Saved Sri Lankan-affiliated work number=70,635 progress=93.8% api_total=75,333
2026-08-05 13:26:19,566 INFO src.pipeline.kaggle_collect_openalex_sri_lanka: Saved Sri Lankan-affiliated work number=70,636 progress=93.8% api_total=75,333
2026-08-05 13:26:19,567 INFO src.pipeline.kaggle_collect_openalex_sri_lanka: Saved Sri Lankan-affiliated work number=70,637 progress=93.8% api_total=75,333
2026-08-05 13:26:19,567 INFO src.pipeline.kaggle_collect_openalex_sri_lanka: Saved Sri Lankan-affiliated work number=70,638 progress=93.8% api_total=75,333
2026-08-05 13:26:19,567 INFO src.pipeline.kaggle_collect_openalex_sri_lanka: Saved Sri Lankan-affiliated work number=70,639 progress=93.8% api_total=75,333
2026-08-05 13:26:19,568 INFO src.pipeline.kaggle_collect_openalex_sri_lanka: Saved Sri Lankan-affiliated work number=70,640 progress=93.8% api_total=75,333
2026-08-05 13:26:19,568 INFO src.pipeline.kaggle_collect_openalex_sri_lanka: Saved Sri Lankan-affiliated work number=70,641 progress=93.8% api_total=75,333
2026-08-05 13:26:19,568 INFO src.pipeline.kaggle_collect_openalex_sri_lanka: Saved Sri Lankan-affiliated work number=70,642 progress=93.8% api_total=75,333
2026-08-05 13:26:19,569 INFO src.pipeline.kaggle_collect_openalex_sri_lanka: Saved Sri Lankan-affiliated work number=70,643 progress=93.8% api_total=75,333
2026-08-05 13:26:19,569 INFO src.pipeline.kaggle_collect_openalex_sri_lanka: Saved Sri Lankan-affiliated work number=70,644 progress=93.8% api_total=75,333
2026-08-05 13:26:19,569 INFO src.pipeline.kaggle_collect_openalex_sri_lanka: Saved Sri Lankan-affiliated work number=70,645 progress=93.8% api_total=75,333
2026-08-05 13:26:19,570 INFO src.pipeline.kaggle_collect_openalex_sri_lanka: Saved Sri Lankan-affiliated work number=70,646 progress=93.8% api_total=75,333
2026-08-05 13:26:19,570 INFO src.pipeline.kaggle_collect_openalex_sri_lanka: Saved Sri Lankan-affiliated work number=70,647 progress=93.8% api_total=75,333
2026-08-05 13:26:19,570 INFO src.pipeline.kaggle_collect_openalex_sri_lanka: Saved Sri Lankan-affiliated work number=70,648 progress=93.8% api_total=75,333
2026-08-05 13:26:19,571 INFO src.pipeline.kaggle_collect_openalex_sri_lanka: Saved Sri Lankan-affiliated work number=70,649 progress=93.8% api_total=75,333
2026-08-05 13:26:33,295 INFO src.collectors.openalex_collector: Fetched OpenAlex page page=3/377 progress=0.8% fetched=200 kept=200 skipped=0 next_cursor=yes
2026-08-05 13:26:33,300 INFO src.pipeline.kaggle_collect_openalex_sri_lanka: Saved Sri Lankan-affiliated work number=70,650 progress=93.8% api_total=75,333
2026-08-05 13:26:33,301 INFO src.pipeline.kaggle_collect_openalex_sri_lanka: Saved Sri Lankan-affiliated work number=70,651 progress=93.8% api_total=75,333
2026-08-05 13:26:33,302 INFO src.pipeline.kaggle_collect_openalex_sri_lanka: Saved Sri Lankan-affiliated work number=70,652 progress=93.8% api_total=75,333
2026-08-05 13:26:33,302 INFO src.pipeline.kaggle_collect_openalex_sri_lanka: Saved Sri Lankan-affiliated work number=70,653 progress=93.8% api_total=75,333
2026-08-05 13:26:33,302 INFO src.pipeline.kaggle_collect_openalex_sri_lanka: Saved Sri Lankan-affiliated work number=70,654 progress=93.8% api_total=75,333
2026-08-05 13:26:33,303 INFO src.pipeline.kaggle_collect_openalex_sri_lanka: Saved Sri Lankan-affiliated work number=70,655 progress=93.8% api_total=75,333
2026-08-05 13:26:33,303 INFO src.pipeline.kaggle_collect_openalex_sri_lanka: Saved Sri Lankan-affiliated work number=70,656 progress=93.8% api_total=75,333
2026-08-05 13:26:33,303 INFO src.pipeline.kaggle_collect_openalex_sri_lanka: Saved Sri Lankan-affiliated work number=70,657 progress=93.8% api_total=75,333
2026-08-05 13:26:33,304 INFO src.pipeline.kaggle_collect_openalex_sri_lanka: Saved Sri Lankan-affiliated work number=70,658 progress=93.8% api_total=75,333
2026-08-05 13:26:33,304 INFO src.pipeline.kaggle_collect_openalex_sri_lanka: Saved Sri Lankan-affiliated work number=70,659 progress=93.8% api_total=75,333
2026-08-05 13:26:33,304 INFO src.pipeline.kaggle_collect_openalex_sri_lanka: Saved Sri Lankan-affiliated work number=70,660 progress=93.8% api_total=75,333
2026-08-05 13:26:33,305 INFO src.pipeline.kaggle_collect_openalex_sri_lanka: Saved Sri Lankan-affiliated work number=70,661 progress=93.8% api_total=75,333
2026-08-05 13:26:33,305 INFO src.pipeline.kaggle_collect_openalex_sri_lanka: Saved Sri Lankan-affiliated work number=70,662 progress=93.8% api_total=75,333
2026-08-05 13:26:33,305 INFO src.pipeline.kaggle_collect_openalex_sri_lanka: Saved Sri Lankan-affiliated work number=70,663 progress=93.8% api_total=75,333
2026-08-05 13:26:33,306 INFO src.pipeline.kaggle_collect_openalex_sri_lanka: Saved Sri Lankan-affiliated work number=70,664 progress=93.8% api_total=75,333
2026-08-05 13:26:33,306 INFO src.pipeline.kaggle_collect_openalex_sri_lanka: Saved Sri Lankan-affiliated work number=70,665 progress=93.8% api_total=75,333
2026-08-05 13:26:33,306 INFO src.pipeline.kaggle_collect_openalex_sri_lanka: Saved Sri Lankan-affiliated work number=70,666 progress=93.8% api_total=75,333
2026-08-05 13:26:33,306 INFO src.pipeline.kaggle_collect_openalex_sri_lanka: Saved Sri Lankan-affiliated work number=70,667 progress=93.8% api_total=75,333
2026-08-05 13:26:33,307 INFO src.pipeline.kaggle_collect_openalex_sri_lanka: Saved Sri Lankan-affiliated work number=70,668 progress=93.8% api_total=75,333
2026-08-05 13:26:33,307 INFO src.pipeline.kaggle_collect_openalex_sri_lanka: Saved Sri Lankan-affiliated work number=70,669 progress=93.8% api_total=75,333
2026-08-05 13:26:33,307 INFO src.pipeline.kaggle_collect_openalex_sri_lanka: Saved Sri Lankan-affiliated work number=70,670 progress=93.8% api_total=75,333
2026-08-05 13:26:33,308 INFO src.pipeline.kaggle_collect_openalex_sri_lanka: Saved Sri Lankan-affiliated work number=70,671 progress=93.8% api_total=75,333
2026-08-05 13:26:33,308 INFO src.pipeline.kaggle_collect_openalex_sri_lanka: Saved Sri Lankan-affiliated work number=70,672 progress=93.8% api_total=75,333
2026-08-05 13:26:33,309 INFO src.pipeline.kaggle_collect_openalex_sri_lanka: Saved Sri Lankan-affiliated work number=70,673 progress=93.8% api_total=75,333
2026-08-05 13:26:33,309 INFO src.pipeline.kaggle_collect_openalex_sri_lanka: Saved Sri Lankan-affiliated work number=70,674 progress=93.8% api_total=75,333
2026-08-05 13:26:33,309 INFO src.pipeline.kaggle_collect_openalex_sri_lanka: Saved Sri Lankan-affiliated work number=70,675 progress=93.8% api_total=75,333
2026-08-05 13:26:33,310 INFO src.pipeline.kaggle_collect_openalex_sri_lanka: Saved Sri Lankan-affiliated work number=70,676 progress=93.8% api_total=75,333
2026-08-05 13:26:33,310 INFO src.pipeline.kaggle_collect_openalex_sri_lanka: Saved Sri Lankan-affiliated work number=70,677 progress=93.8% api_total=75,333
2026-08-05 13:26:33,310 INFO src.pipeline.kaggle_collect_openalex_sri_lanka: Saved Sri Lankan-affiliated work number=70,678 progress=93.8% api_total=75,333
2026-08-05 13:26:33,310 INFO src.pipeline.kaggle_collect_openalex_sri_lanka: Saved Sri Lankan-affiliated work number=70,679 progress=93.8% api_total=75,333
2026-08-05 13:26:33,311 INFO src.pipeline.kaggle_collect_openalex_sri_lanka: Saved Sri Lankan-affiliated work number=70,680 progress=93.8% api_total=75,333
2026-08-05 13:26:33,311 INFO src.pipeline.kaggle_collect_openalex_sri_lanka: Saved Sri Lankan-affiliated work number=70,681 progress=93.8% api_total=75,333
2026-08-05 13:26:33,311 INFO src.pipeline.kaggle_collect_openalex_sri_lanka: Saved Sri Lankan-affiliated work number=70,682 progress=93.8% api_total=75,333
2026-08-05 13:26:33,312 INFO src.pipeline.kaggle_collect_openalex_sri_lanka: Saved Sri Lankan-affiliated work number=70,683 progress=93.8% api_total=75,333
2026-08-05 13:26:33,312 INFO src.pipeline.kaggle_collect_openalex_sri_lanka: Saved Sri Lankan-affiliated work number=70,684 progress=93.8% api_total=75,333
2026-08-05 13:26:33,312 INFO src.pipeline.kaggle_collect_openalex_sri_lanka: Saved Sri Lankan-affiliated work number=70,685 progress=93.8% api_total=75,333
2026-08-05 13:26:33,312 INFO src.pipeline.kaggle_collect_openalex_sri_lanka: Saved Sri Lankan-affiliated work number=70,686 progress=93.8% api_total=75,333
2026-08-05 13:26:33,313 INFO src.pipeline.kaggle_collect_openalex_sri_lanka: Saved Sri Lankan-affiliated work number=70,687 progress=93.8% api_total=75,333
2026-08-05 13:26:33,313 INFO src.pipeline.kaggle_collect_openalex_sri_lanka: Saved Sri Lankan-affiliated work number=70,688 progress=93.8% api_total=75,333
2026-08-05 13:26:33,313 INFO src.pipeline.kaggle_collect_openalex_sri_lanka: Saved Sri Lankan-affiliated work number=70,689 progress=93.8% api_total=75,333
2026-08-05 13:26:33,314 INFO src.pipeline.kaggle_collect_openalex_sri_lanka: Saved Sri Lankan-affiliated work number=70,690 progress=93.8% api_total=75,333
2026-08-05 13:26:33,314 INFO src.pipeline.kaggle_collect_openalex_sri_lanka: Saved Sri Lankan-affiliated work number=70,691 progress=93.8% api_total=75,333
2026-08-05 13:26:33,315 INFO src.pipeline.kaggle_collect_openalex_sri_lanka: Saved Sri Lankan-affiliated work number=70,692 progress=93.8% api_total=75,333
2026-08-05 13:26:33,315 INFO src.pipeline.kaggle_collect_openalex_sri_lanka: Saved Sri Lankan-affiliated work number=70,693 progress=93.8% api_total=75,333
2026-08-05 13:26:33,315 INFO src.pipeline.kaggle_collect_openalex_sri_lanka: Saved Sri Lankan-affiliated work number=70,694 progress=93.8% api_total=75,333
2026-08-05 13:26:33,316 INFO src.pipeline.kaggle_collect_openalex_sri_lanka: Saved Sri Lankan-affiliated work number=70,695 progress=93.8% api_total=75,333
2026-08-05 13:26:33,316 INFO src.pipeline.kaggle_collect_openalex_sri_lanka: Saved Sri Lankan-affiliated work number=70,696 progress=93.8% api_total=75,333
2026-08-05 13:26:33,317 INFO src.pipeline.kaggle_collect_openalex_sri_lanka: Saved Sri Lankan-affiliated work number=70,697 progress=93.8% api_total=75,333
2026-08-05 13:26:33,317 INFO src.pipeline.kaggle_collect_openalex_sri_lanka: Saved Sri Lankan-affiliated work number=70,698 progress=93.8% api_total=75,333
2026-08-05 13:26:33,317 INFO src.pipeline.kaggle_collect_openalex_sri_lanka: Saved Sri Lankan-affiliated work number=70,699 progress=93.8% api_total=75,333
2026-08-05 13:26:33,317 INFO src.pipeline.kaggle_collect_openalex_sri_lanka: Saved Sri Lankan-affiliated work number=70,700 progress=93.8% api_total=75,333
2026-08-05 13:26:33,318 INFO src.pipeline.kaggle_collect_openalex_sri_lanka: Saved Sri Lankan-affiliated work number=70,701 progress=93.9% api_total=75,333
2026-08-05 13:26:33,318 INFO src.pipeline.kaggle_collect_openalex_sri_lanka: Saved Sri Lankan-affiliated work number=70,702 progress=93.9% api_total=75,333
2026-08-05 13:26:33,319 INFO src.pipeline.kaggle_collect_openalex_sri_lanka: Saved Sri Lankan-affiliated work number=70,703 progress=93.9% api_total=75,333
2026-08-05 13:26:33,319 INFO src.pipeline.kaggle_collect_openalex_sri_lanka: Saved Sri Lankan-affiliated work number=70,704 progress=93.9% api_total=75,333
2026-08-05 13:26:33,319 INFO src.pipeline.kaggle_collect_openalex_sri_lanka: Saved Sri Lankan-affiliated work number=70,705 progress=93.9% api_total=75,333
2026-08-05 13:26:33,320 INFO src.pipeline.kaggle_collect_openalex_sri_lanka: Saved Sri Lankan-affiliated work number=70,706 progress=93.9% api_total=75,333
2026-08-05 13:26:33,320 INFO src.pipeline.kaggle_collect_openalex_sri_lanka: Saved Sri Lankan-affiliated work number=70,707 progress=93.9% api_total=75,333
2026-08-05 13:26:33,321 INFO src.pipeline.kaggle_collect_openalex_sri_lanka: Saved Sri Lankan-affiliated work number=70,708 progress=93.9% api_total=75,333
2026-08-05 13:26:33,321 INFO src.pipeline.kaggle_collect_openalex_sri_lanka: Saved Sri Lankan-affiliated work number=70,709 progress=93.9% api_total=75,333
2026-08-05 13:26:33,321 INFO src.pipeline.kaggle_collect_openalex_sri_lanka: Saved Sri Lankan-affiliated work number=70,710 progress=93.9% api_total=75,333
2026-08-05 13:26:33,322 INFO src.pipeline.kaggle_collect_openalex_sri_lanka: Saved Sri Lankan-affiliated work number=70,711 progress=93.9% api_total=75,333
2026-08-05 13:26:33,322 INFO src.pipeline.kaggle_collect_openalex_sri_lanka: Saved Sri Lankan-affiliated work number=70,712 progress=93.9% api_total=75,333
2026-08-05 13:26:33,323 INFO src.pipeline.kaggle_collect_openalex_sri_lanka: Saved Sri Lankan-affiliated work number=70,713 progress=93.9% api_total=75,333
2026-08-05 13:26:33,324 INFO src.pipeline.kaggle_collect_openalex_sri_lanka: Saved Sri Lankan-affiliated work number=70,714 progress=93.9% api_total=75,333
2026-08-05 13:26:33,324 INFO src.pipeline.kaggle_collect_openalex_sri_lanka: Saved Sri Lankan-affiliated work number=70,715 progress=93.9% api_total=75,333
2026-08-05 13:26:33,325 INFO src.pipeline.kaggle_collect_openalex_sri_lanka: Saved Sri Lankan-affiliated work number=70,716 progress=93.9% api_total=75,333
2026-08-05 13:26:33,325 INFO src.pipeline.kaggle_collect_openalex_sri_lanka: Saved Sri Lankan-affiliated work number=70,717 progress=93.9% api_total=75,333
2026-08-05 13:26:33,325 INFO src.pipeline.kaggle_collect_openalex_sri_lanka: Saved Sri Lankan-affiliated work number=70,718 progress=93.9% api_total=75,333
2026-08-05 13:26:33,325 INFO src.pipeline.kaggle_collect_openalex_sri_lanka: Saved Sri Lankan-affiliated work number=70,719 progress=93.9% api_total=75,333
2026-08-05 13:26:33,326 INFO src.pipeline.kaggle_collect_openalex_sri_lanka: Saved Sri Lankan-affiliated work number=70,720 progress=93.9% api_total=75,333
2026-08-05 13:26:33,326 INFO src.pipeline.kaggle_collect_openalex_sri_lanka: Saved Sri Lankan-affiliated work number=70,721 progress=93.9% api_total=75,333
2026-08-05 13:26:33,326 INFO src.pipeline.kaggle_collect_openalex_sri_lanka: Saved Sri Lankan-affiliated work number=70,722 progress=93.9% api_total=75,333
2026-08-05 13:26:33,327 INFO src.pipeline.kaggle_collect_openalex_sri_lanka: Saved Sri Lankan-affiliated work number=70,723 progress=93.9% api_total=75,333
2026-08-05 13:26:33,328 INFO src.pipeline.kaggle_collect_openalex_sri_lanka: Saved Sri Lankan-affiliated work number=70,724 progress=93.9% api_total=75,333
2026-08-05 13:26:33,328 INFO src.pipeline.kaggle_collect_openalex_sri_lanka: Saved Sri Lankan-affiliated work number=70,725 progress=93.9% api_total=75,333
2026-08-05 13:26:33,329 INFO src.pipeline.kaggle_collect_openalex_sri_lanka: Saved Sri Lankan-affiliated work number=70,726 progress=93.9% api_total=75,333
2026-08-05 13:26:33,329 INFO src.pipeline.kaggle_collect_openalex_sri_lanka: Saved Sri Lankan-affiliated work number=70,727 progress=93.9% api_total=75,333
2026-08-05 13:26:33,329 INFO src.pipeline.kaggle_collect_openalex_sri_lanka: Saved Sri Lankan-affiliated work number=70,728 progress=93.9% api_total=75,333
2026-08-05 13:26:33,329 INFO src.pipeline.kaggle_collect_openalex_sri_lanka: Saved Sri Lankan-affiliated work number=70,729 progress=93.9% api_total=75,333
2026-08-05 13:26:33,330 INFO src.pipeline.kaggle_collect_openalex_sri_lanka: Saved Sri Lankan-affiliated work number=70,730 progress=93.9% api_total=75,333
2026-08-05 13:26:33,330 INFO src.pipeline.kaggle_collect_openalex_sri_lanka: Saved Sri Lankan-affiliated work number=70,731 progress=93.9% api_total=75,333
2026-08-05 13:26:33,330 INFO src.pipeline.kaggle_collect_openalex_sri_lanka: Saved Sri Lankan-affiliated work number=70,732 progress=93.9% api_total=75,333
2026-08-05 13:26:33,331 INFO src.pipeline.kaggle_collect_openalex_sri_lanka: Saved Sri Lankan-affiliated work number=70,733 progress=93.9% api_total=75,333
2026-08-05 13:26:33,331 INFO src.pipeline.kaggle_collect_openalex_sri_lanka: Saved Sri Lankan-affiliated work number=70,734 progress=93.9% api_total=75,333
2026-08-05 13:26:33,331 INFO src.pipeline.kaggle_collect_openalex_sri_lanka: Saved Sri Lankan-affiliated work number=70,735 progress=93.9% api_total=75,333
2026-08-05 13:26:33,332 INFO src.pipeline.kaggle_collect_openalex_sri_lanka: Saved Sri Lankan-affiliated work number=70,736 progress=93.9% api_total=75,333
2026-08-05 13:26:33,332 INFO src.pipeline.kaggle_collect_openalex_sri_lanka: Saved Sri Lankan-affiliated work number=70,737 progress=93.9% api_total=75,333
2026-08-05 13:26:33,332 INFO src.pipeline.kaggle_collect_openalex_sri_lanka: Saved Sri Lankan-affiliated work number=70,738 progress=93.9% api_total=75,333
2026-08-05 13:26:33,333 INFO src.pipeline.kaggle_collect_openalex_sri_lanka: Saved Sri Lankan-affiliated work number=70,739 progress=93.9% api_total=75,333
2026-08-05 13:26:33,333 INFO src.pipeline.kaggle_collect_openalex_sri_lanka: Saved Sri Lankan-affiliated work number=70,740 progress=93.9% api_total=75,333
2026-08-05 13:26:33,333 INFO src.pipeline.kaggle_collect_openalex_sri_lanka: Saved Sri Lankan-affiliated work number=70,741 progress=93.9% api_total=75,333
2026-08-05 13:26:33,334 INFO src.pipeline.kaggle_collect_openalex_sri_lanka: Saved Sri Lankan-affiliated work number=70,742 progress=93.9% api_total=75,333
2026-08-05 13:26:33,334 INFO src.pipeline.kaggle_collect_openalex_sri_lanka: Saved Sri Lankan-affiliated work number=70,743 progress=93.9% api_total=75,333
2026-08-05 13:26:33,335 INFO src.pipeline.kaggle_collect_openalex_sri_lanka: Saved Sri Lankan-affiliated work number=70,744 progress=93.9% api_total=75,333
2026-08-05 13:26:33,335 INFO src.pipeline.kaggle_collect_openalex_sri_lanka: Saved Sri Lankan-affiliated work number=70,745 progress=93.9% api_total=75,333
2026-08-05 13:26:33,336 INFO src.pipeline.kaggle_collect_openalex_sri_lanka: Saved Sri Lankan-affiliated work number=70,746 progress=93.9% api_total=75,333
2026-08-05 13:26:33,336 INFO src.pipeline.kaggle_collect_openalex_sri_lanka: Saved Sri Lankan-affiliated work number=70,747 progress=93.9% api_total=75,333
2026-08-05 13:26:33,336 INFO src.pipeline.kaggle_collect_openalex_sri_lanka: Saved Sri Lankan-affiliated work number=70,748 progress=93.9% api_total=75,333
2026-08-05 13:26:33,337 INFO src.pipeline.kaggle_collect_openalex_sri_lanka: Saved Sri Lankan-affiliated work number=70,749 progress=93.9% api_total=75,333
2026-08-05 13:26:33,337 INFO src.pipeline.kaggle_collect_openalex_sri_lanka: Saved Sri Lankan-affiliated work number=70,750 progress=93.9% api_total=75,333
2026-08-05 13:26:33,337 INFO src.pipeline.kaggle_collect_openalex_sri_lanka: Saved Sri Lankan-affiliated work number=70,751 progress=93.9% api_total=75,333
2026-08-05 13:26:33,338 INFO src.pipeline.kaggle_collect_openalex_sri_lanka: Saved Sri Lankan-affiliated work number=70,752 progress=93.9% api_total=75,333
2026-08-05 13:26:33,338 INFO src.pipeline.kaggle_collect_openalex_sri_lanka: Saved Sri Lankan-affiliated work number=70,753 progress=93.9% api_total=75,333
2026-08-05 13:26:33,338 INFO src.pipeline.kaggle_collect_openalex_sri_lanka: Saved Sri Lankan-affiliated work number=70,754 progress=93.9% api_total=75,333
2026-08-05 13:26:33,338 INFO src.pipeline.kaggle_collect_openalex_sri_lanka: Saved Sri Lankan-affiliated work number=70,755 progress=93.9% api_total=75,333
2026-08-05 13:26:33,339 INFO src.pipeline.kaggle_collect_openalex_sri_lanka: Saved Sri Lankan-affiliated work number=70,756 progress=93.9% api_total=75,333
2026-08-05 13:26:33,339 INFO src.pipeline.kaggle_collect_openalex_sri_lanka: Saved Sri Lankan-affiliated work number=70,757 progress=93.9% api_total=75,333
2026-08-05 13:26:33,339 INFO src.pipeline.kaggle_collect_openalex_sri_lanka: Saved Sri Lankan-affiliated work number=70,758 progress=93.9% api_total=75,333
2026-08-05 13:26:33,340 INFO src.pipeline.kaggle_collect_openalex_sri_lanka: Saved Sri Lankan-affiliated work number=70,759 progress=93.9% api_total=75,333
2026-08-05 13:26:33,340 INFO src.pipeline.kaggle_collect_openalex_sri_lanka: Saved Sri Lankan-affiliated work number=70,760 progress=93.9% api_total=75,333
2026-08-05 13:26:33,341 INFO src.pipeline.kaggle_collect_openalex_sri_lanka: Saved Sri Lankan-affiliated work number=70,761 progress=93.9% api_total=75,333
2026-08-05 13:26:33,341 INFO src.pipeline.kaggle_collect_openalex_sri_lanka: Saved Sri Lankan-affiliated work number=70,762 progress=93.9% api_total=75,333
2026-08-05 13:26:33,341 INFO src.pipeline.kaggle_collect_openalex_sri_lanka: Saved Sri Lankan-affiliated work number=70,763 progress=93.9% api_total=75,333
2026-08-05 13:26:33,341 INFO src.pipeline.kaggle_collect_openalex_sri_lanka: Saved Sri Lankan-affiliated work number=70,764 progress=93.9% api_total=75,333
2026-08-05 13:26:33,342 INFO src.pipeline.kaggle_collect_openalex_sri_lanka: Saved Sri Lankan-affiliated work number=70,765 progress=93.9% api_total=75,333
2026-08-05 13:26:33,342 INFO src.pipeline.kaggle_collect_openalex_sri_lanka: Saved Sri Lankan-affiliated work number=70,766 progress=93.9% api_total=75,333
2026-08-05 13:26:33,342 INFO src.pipeline.kaggle_collect_openalex_sri_lanka: Saved Sri Lankan-affiliated work number=70,767 progress=93.9% api_total=75,333
2026-08-05 13:26:33,343 INFO src.pipeline.kaggle_collect_openalex_sri_lanka: Saved Sri Lankan-affiliated work number=70,768 progress=93.9% api_total=75,333
2026-08-05 13:26:33,343 INFO src.pipeline.kaggle_collect_openalex_sri_lanka: Saved Sri Lankan-affiliated work number=70,769 progress=93.9% api_total=75,333
2026-08-05 13:26:33,343 INFO src.pipeline.kaggle_collect_openalex_sri_lanka: Saved Sri Lankan-affiliated work number=70,770 progress=93.9% api_total=75,333
2026-08-05 13:26:33,344 INFO src.pipeline.kaggle_collect_openalex_sri_lanka: Saved Sri Lankan-affiliated work number=70,771 progress=93.9% api_total=75,333
2026-08-05 13:26:33,344 INFO src.pipeline.kaggle_collect_openalex_sri_lanka: Saved Sri Lankan-affiliated work number=70,772 progress=93.9% api_total=75,333
2026-08-05 13:26:33,344 INFO src.pipeline.kaggle_collect_openalex_sri_lanka: Saved Sri Lankan-affiliated work number=70,773 progress=93.9% api_total=75,333
2026-08-05 13:26:33,344 INFO src.pipeline.kaggle_collect_openalex_sri_lanka: Saved Sri Lankan-affiliated work number=70,774 progress=93.9% api_total=75,333
2026-08-05 13:26:33,345 INFO src.pipeline.kaggle_collect_openalex_sri_lanka: Saved Sri Lankan-affiliated work number=70,775 progress=93.9% api_total=75,333
2026-08-05 13:26:33,345 INFO src.pipeline.kaggle_collect_openalex_sri_lanka: Saved Sri Lankan-affiliated work number=70,776 progress=94.0% api_total=75,333
2026-08-05 13:26:33,345 INFO src.pipeline.kaggle_collect_openalex_sri_lanka: Saved Sri Lankan-affiliated work number=70,777 progress=94.0% api_total=75,333
2026-08-05 13:26:33,346 INFO src.pipeline.kaggle_collect_openalex_sri_lanka: Saved Sri Lankan-affiliated work number=70,778 progress=94.0% api_total=75,333
2026-08-05 13:26:33,346 INFO src.pipeline.kaggle_collect_openalex_sri_lanka: Saved Sri Lankan-affiliated work number=70,779 progress=94.0% api_total=75,333
2026-08-05 13:26:33,346 INFO src.pipeline.kaggle_collect_openalex_sri_lanka: Saved Sri Lankan-affiliated work number=70,780 progress=94.0% api_total=75,333
2026-08-05 13:26:33,347 INFO src.pipeline.kaggle_collect_openalex_sri_lanka: Saved Sri Lankan-affiliated work number=70,781 progress=94.0% api_total=75,333
2026-08-05 13:26:33,347 INFO src.pipeline.kaggle_collect_openalex_sri_lanka: Saved Sri Lankan-affiliated work number=70,782 progress=94.0% api_total=75,333
2026-08-05 13:26:33,347 INFO src.pipeline.kaggle_collect_openalex_sri_lanka: Saved Sri Lankan-affiliated work number=70,783 progress=94.0% api_total=75,333
2026-08-05 13:26:33,348 INFO src.pipeline.kaggle_collect_openalex_sri_lanka: Saved Sri Lankan-affiliated work number=70,784 progress=94.0% api_total=75,333
2026-08-05 13:26:33,348 INFO src.pipeline.kaggle_collect_openalex_sri_lanka: Saved Sri Lankan-affiliated work number=70,785 progress=94.0% api_total=75,333
2026-08-05 13:26:33,348 INFO src.pipeline.kaggle_collect_openalex_sri_lanka: Saved Sri Lankan-affiliated work number=70,786 progress=94.0% api_total=75,333
2026-08-05 13:26:33,349 INFO src.pipeline.kaggle_collect_openalex_sri_lanka: Saved Sri Lankan-affiliated work number=70,787 progress=94.0% api_total=75,333
2026-08-05 13:26:33,349 INFO src.pipeline.kaggle_collect_openalex_sri_lanka: Saved Sri Lankan-affiliated work number=70,788 progress=94.0% api_total=75,333
2026-08-05 13:26:33,349 INFO src.pipeline.kaggle_collect_openalex_sri_lanka: Saved Sri Lankan-affiliated work number=70,789 progress=94.0% api_total=75,333
2026-08-05 13:26:33,349 INFO src.pipeline.kaggle_collect_openalex_sri_lanka: Saved Sri Lankan-affiliated work number=70,790 progress=94.0% api_total=75,333
2026-08-05 13:26:33,350 INFO src.pipeline.kaggle_collect_openalex_sri_lanka: Saved Sri Lankan-affiliated work number=70,791 progress=94.0% api_total=75,333
2026-08-05 13:26:33,350 INFO src.pipeline.kaggle_collect_openalex_sri_lanka: Saved Sri Lankan-affiliated work number=70,792 progress=94.0% api_total=75,333
2026-08-05 13:26:33,351 INFO src.pipeline.kaggle_collect_openalex_sri_lanka: Saved Sri Lankan-affiliated work number=70,793 progress=94.0% api_total=75,333
2026-08-05 13:26:33,351 INFO src.pipeline.kaggle_collect_openalex_sri_lanka: Saved Sri Lankan-affiliated work number=70,794 progress=94.0% api_total=75,333
2026-08-05 13:26:33,352 INFO src.pipeline.kaggle_collect_openalex_sri_lanka: Saved Sri Lankan-affiliated work number=70,795 progress=94.0% api_total=75,333
2026-08-05 13:26:33,352 INFO src.pipeline.kaggle_collect_openalex_sri_lanka: Saved Sri Lankan-affiliated work number=70,796 progress=94.0% api_total=75,333
2026-08-05 13:26:33,352 INFO src.pipeline.kaggle_collect_openalex_sri_lanka: Saved Sri Lankan-affiliated work number=70,797 progress=94.0% api_total=75,333
2026-08-05 13:26:33,353 INFO src.pipeline.kaggle_collect_openalex_sri_lanka: Saved Sri Lankan-affiliated work number=70,798 progress=94.0% api_total=75,333
2026-08-05 13:26:33,353 INFO src.pipeline.kaggle_collect_openalex_sri_lanka: Saved Sri Lankan-affiliated work number=70,799 progress=94.0% api_total=75,333
2026-08-05 13:26:33,353 INFO src.pipeline.kaggle_collect_openalex_sri_lanka: Saved Sri Lankan-affiliated work number=70,800 progress=94.0% api_total=75,333
2026-08-05 13:26:33,354 INFO src.pipeline.kaggle_collect_openalex_sri_lanka: Saved Sri Lankan-affiliated work number=70,801 progress=94.0% api_total=75,333
2026-08-05 13:26:33,354 INFO src.pipeline.kaggle_collect_openalex_sri_lanka: Saved Sri Lankan-affiliated work number=70,802 progress=94.0% api_total=75,333
2026-08-05 13:26:33,354 INFO src.pipeline.kaggle_collect_openalex_sri_lanka: Saved Sri Lankan-affiliated work number=70,803 progress=94.0% api_total=75,333
2026-08-05 13:26:33,354 INFO src.pipeline.kaggle_collect_openalex_sri_lanka: Saved Sri Lankan-affiliated work number=70,804 progress=94.0% api_total=75,333
2026-08-05 13:26:33,355 INFO src.pipeline.kaggle_collect_openalex_sri_lanka: Saved Sri Lankan-affiliated work number=70,805 progress=94.0% api_total=75,333
2026-08-05 13:26:33,355 INFO src.pipeline.kaggle_collect_openalex_sri_lanka: Saved Sri Lankan-affiliated work number=70,806 progress=94.0% api_total=75,333
2026-08-05 13:26:33,355 INFO src.pipeline.kaggle_collect_openalex_sri_lanka: Saved Sri Lankan-affiliated work number=70,807 progress=94.0% api_total=75,333
2026-08-05 13:26:33,356 INFO src.pipeline.kaggle_collect_openalex_sri_lanka: Saved Sri Lankan-affiliated work number=70,808 progress=94.0% api_total=75,333
2026-08-05 13:26:33,356 INFO src.pipeline.kaggle_collect_openalex_sri_lanka: Saved Sri Lankan-affiliated work number=70,809 progress=94.0% api_total=75,333
2026-08-05 13:26:33,356 INFO src.pipeline.kaggle_collect_openalex_sri_lanka: Saved Sri Lankan-affiliated work number=70,810 progress=94.0% api_total=75,333
2026-08-05 13:26:33,357 INFO src.pipeline.kaggle_collect_openalex_sri_lanka: Saved Sri Lankan-affiliated work number=70,811 progress=94.0% api_total=75,333
2026-08-05 13:26:33,357 INFO src.pipeline.kaggle_collect_openalex_sri_lanka: Saved Sri Lankan-affiliated work number=70,812 progress=94.0% api_total=75,333
2026-08-05 13:26:33,357 INFO src.pipeline.kaggle_collect_openalex_sri_lanka: Saved Sri Lankan-affiliated work number=70,813 progress=94.0% api_total=75,333
2026-08-05 13:26:33,357 INFO src.pipeline.kaggle_collect_openalex_sri_lanka: Saved Sri Lankan-affiliated work number=70,814 progress=94.0% api_total=75,333
2026-08-05 13:26:33,358 INFO src.pipeline.kaggle_collect_openalex_sri_lanka: Saved Sri Lankan-affiliated work number=70,815 progress=94.0% api_total=75,333
2026-08-05 13:26:33,358 INFO src.pipeline.kaggle_collect_openalex_sri_lanka: Saved Sri Lankan-affiliated work number=70,816 progress=94.0% api_total=75,333
2026-08-05 13:26:33,358 INFO src.pipeline.kaggle_collect_openalex_sri_lanka: Saved Sri Lankan-affiliated work number=70,817 progress=94.0% api_total=75,333
2026-08-05 13:26:33,359 INFO src.pipeline.kaggle_collect_openalex_sri_lanka: Saved Sri Lankan-affiliated work number=70,818 progress=94.0% api_total=75,333
2026-08-05 13:26:33,359 INFO src.pipeline.kaggle_collect_openalex_sri_lanka: Saved Sri Lankan-affiliated work number=70,819 progress=94.0% api_total=75,333
2026-08-05 13:26:33,359 INFO src.pipeline.kaggle_collect_openalex_sri_lanka: Saved Sri Lankan-affiliated work number=70,820 progress=94.0% api_total=75,333
2026-08-05 13:26:33,360 INFO src.pipeline.kaggle_collect_openalex_sri_lanka: Saved Sri Lankan-affiliated work number=70,821 progress=94.0% api_total=75,333
2026-08-05 13:26:33,360 INFO src.pipeline.kaggle_collect_openalex_sri_lanka: Saved Sri Lankan-affiliated work number=70,822 progress=94.0% api_total=75,333
2026-08-05 13:26:33,361 INFO src.pipeline.kaggle_collect_openalex_sri_lanka: Saved Sri Lankan-affiliated work number=70,823 progress=94.0% api_total=75,333
2026-08-05 13:26:33,361 INFO src.pipeline.kaggle_collect_openalex_sri_lanka: Saved Sri Lankan-affiliated work number=70,824 progress=94.0% api_total=75,333
2026-08-05 13:26:33,361 INFO src.pipeline.kaggle_collect_openalex_sri_lanka: Saved Sri Lankan-affiliated work number=70,825 progress=94.0% api_total=75,333
2026-08-05 13:26:33,362 INFO src.pipeline.kaggle_collect_openalex_sri_lanka: Saved Sri Lankan-affiliated work number=70,826 progress=94.0% api_total=75,333
2026-08-05 13:26:33,362 INFO src.pipeline.kaggle_collect_openalex_sri_lanka: Saved Sri Lankan-affiliated work number=70,827 progress=94.0% api_total=75,333
2026-08-05 13:26:33,362 INFO src.pipeline.kaggle_collect_openalex_sri_lanka: Saved Sri Lankan-affiliated work number=70,828 progress=94.0% api_total=75,333
2026-08-05 13:26:33,363 INFO src.pipeline.kaggle_collect_openalex_sri_lanka: Saved Sri Lankan-affiliated work number=70,829 progress=94.0% api_total=75,333
2026-08-05 13:26:33,363 INFO src.pipeline.kaggle_collect_openalex_sri_lanka: Saved Sri Lankan-affiliated work number=70,830 progress=94.0% api_total=75,333
2026-08-05 13:26:33,363 INFO src.pipeline.kaggle_collect_openalex_sri_lanka: Saved Sri Lankan-affiliated work number=70,831 progress=94.0% api_total=75,333
2026-08-05 13:26:33,363 INFO src.pipeline.kaggle_collect_openalex_sri_lanka: Saved Sri Lankan-affiliated work number=70,832 progress=94.0% api_total=75,333
2026-08-05 13:26:33,364 INFO src.pipeline.kaggle_collect_openalex_sri_lanka: Saved Sri Lankan-affiliated work number=70,833 progress=94.0% api_total=75,333
2026-08-05 13:26:33,364 INFO src.pipeline.kaggle_collect_openalex_sri_lanka: Saved Sri Lankan-affiliated work number=70,834 progress=94.0% api_total=75,333
2026-08-05 13:26:33,364 INFO src.pipeline.kaggle_collect_openalex_sri_lanka: Saved Sri Lankan-affiliated work number=70,835 progress=94.0% api_total=75,333
2026-08-05 13:26:33,364 INFO src.pipeline.kaggle_collect_openalex_sri_lanka: Saved Sri Lankan-affiliated work number=70,836 progress=94.0% api_total=75,333
2026-08-05 13:26:33,365 INFO src.pipeline.kaggle_collect_openalex_sri_lanka: Saved Sri Lankan-affiliated work number=70,837 progress=94.0% api_total=75,333
2026-08-05 13:26:33,365 INFO src.pipeline.kaggle_collect_openalex_sri_lanka: Saved Sri Lankan-affiliated work number=70,838 progress=94.0% api_total=75,333
2026-08-05 13:26:33,365 INFO src.pipeline.kaggle_collect_openalex_sri_lanka: Saved Sri Lankan-affiliated work number=70,839 progress=94.0% api_total=75,333
2026-08-05 13:26:33,365 INFO src.pipeline.kaggle_collect_openalex_sri_lanka: Saved Sri Lankan-affiliated work number=70,840 progress=94.0% api_total=75,333
2026-08-05 13:26:33,366 INFO src.pipeline.kaggle_collect_openalex_sri_lanka: Saved Sri Lankan-affiliated work number=70,841 progress=94.0% api_total=75,333
2026-08-05 13:26:33,366 INFO src.pipeline.kaggle_collect_openalex_sri_lanka: Saved Sri Lankan-affiliated work number=70,842 progress=94.0% api_total=75,333
2026-08-05 13:26:33,366 INFO src.pipeline.kaggle_collect_openalex_sri_lanka: Saved Sri Lankan-affiliated work number=70,843 progress=94.0% api_total=75,333
2026-08-05 13:26:33,367 INFO src.pipeline.kaggle_collect_openalex_sri_lanka: Saved Sri Lankan-affiliated work number=70,844 progress=94.0% api_total=75,333
2026-08-05 13:26:33,367 INFO src.pipeline.kaggle_collect_openalex_sri_lanka: Saved Sri Lankan-affiliated work number=70,845 progress=94.0% api_total=75,333
2026-08-05 13:26:33,367 INFO src.pipeline.kaggle_collect_openalex_sri_lanka: Saved Sri Lankan-affiliated work number=70,846 progress=94.0% api_total=75,333
2026-08-05 13:26:33,368 INFO src.pipeline.kaggle_collect_openalex_sri_lanka: Saved Sri Lankan-affiliated work number=70,847 progress=94.0% api_total=75,333
2026-08-05 13:26:33,368 INFO src.pipeline.kaggle_collect_openalex_sri_lanka: Saved Sri Lankan-affiliated work number=70,848 progress=94.0% api_total=75,333
2026-08-05 13:26:33,368 INFO src.pipeline.kaggle_collect_openalex_sri_lanka: Saved Sri Lankan-affiliated work number=70,849 progress=94.0% api_total=75,333
2026-08-05 13:26:50,062 INFO src.collectors.openalex_collector: Fetched OpenAlex page page=4/377 progress=1.1% fetched=200 kept=200 skipped=0 next_cursor=yes
2026-08-05 13:26:50,067 INFO src.pipeline.kaggle_collect_openalex_sri_lanka: Saved Sri Lankan-affiliated work number=70,850 progress=94.0% api_total=75,333
2026-08-05 13:26:50,067 INFO src.pipeline.kaggle_collect_openalex_sri_lanka: Saved Sri Lankan-affiliated work number=70,851 progress=94.1% api_total=75,333
2026-08-05 13:26:50,068 INFO src.pipeline.kaggle_collect_openalex_sri_lanka: Saved Sri Lankan-affiliated work number=70,852 progress=94.1% api_total=75,333
2026-08-05 13:26:50,068 INFO src.pipeline.kaggle_collect_openalex_sri_lanka: Saved Sri Lankan-affiliated work number=70,853 progress=94.1% api_total=75,333
2026-08-05 13:26:50,068 INFO src.pipeline.kaggle_collect_openalex_sri_lanka: Saved Sri Lankan-affiliated work number=70,854 progress=94.1% api_total=75,333
2026-08-05 13:26:50,069 INFO src.pipeline.kaggle_collect_openalex_sri_lanka: Saved Sri Lankan-affiliated work number=70,855 progress=94.1% api_total=75,333
2026-08-05 13:26:50,069 INFO src.pipeline.kaggle_collect_openalex_sri_lanka: Saved Sri Lankan-affiliated work number=70,856 progress=94.1% api_total=75,333
2026-08-05 13:26:50,070 INFO src.pipeline.kaggle_collect_openalex_sri_lanka: Saved Sri Lankan-affiliated work number=70,857 progress=94.1% api_total=75,333
2026-08-05 13:26:50,070 INFO src.pipeline.kaggle_collect_openalex_sri_lanka: Saved Sri Lankan-affiliated work number=70,858 progress=94.1% api_total=75,333
2026-08-05 13:26:50,070 INFO src.pipeline.kaggle_collect_openalex_sri_lanka: Saved Sri Lankan-affiliated work number=70,859 progress=94.1% api_total=75,333
2026-08-05 13:26:50,071 INFO src.pipeline.kaggle_collect_openalex_sri_lanka: Saved Sri Lankan-affiliated work number=70,860 progress=94.1% api_total=75,333
2026-08-05 13:26:50,071 INFO src.pipeline.kaggle_collect_openalex_sri_lanka: Saved Sri Lankan-affiliated work number=70,861 progress=94.1% api_total=75,333
2026-08-05 13:26:50,071 INFO src.pipeline.kaggle_collect_openalex_sri_lanka: Saved Sri Lankan-affiliated work number=70,862 progress=94.1% api_total=75,333
2026-08-05 13:26:50,072 INFO src.pipeline.kaggle_collect_openalex_sri_lanka: Saved Sri Lankan-affiliated work number=70,863 progress=94.1% api_total=75,333
2026-08-05 13:26:50,072 INFO src.pipeline.kaggle_collect_openalex_sri_lanka: Saved Sri Lankan-affiliated work number=70,864 progress=94.1% api_total=75,333
2026-08-05 13:26:50,072 INFO src.pipeline.kaggle_collect_openalex_sri_lanka: Saved Sri Lankan-affiliated work number=70,865 progress=94.1% api_total=75,333
2026-08-05 13:26:50,072 INFO src.pipeline.kaggle_collect_openalex_sri_lanka: Saved Sri Lankan-affiliated work number=70,866 progress=94.1% api_total=75,333
2026-08-05 13:26:50,072 INFO src.pipeline.kaggle_collect_openalex_sri_lanka: Saved Sri Lankan-affiliated work number=70,867 progress=94.1% api_total=75,333
2026-08-05 13:26:50,073 INFO src.pipeline.kaggle_collect_openalex_sri_lanka: Saved Sri Lankan-affiliated work number=70,868 progress=94.1% api_total=75,333
2026-08-05 13:26:50,073 INFO src.pipeline.kaggle_collect_openalex_sri_lanka: Saved Sri Lankan-affiliated work number=70,869 progress=94.1% api_total=75,333
2026-08-05 13:26:50,073 INFO src.pipeline.kaggle_collect_openalex_sri_lanka: Saved Sri Lankan-affiliated work number=70,870 progress=94.1% api_total=75,333
2026-08-05 13:26:50,074 INFO src.pipeline.kaggle_collect_openalex_sri_lanka: Saved Sri Lankan-affiliated work number=70,871 progress=94.1% api_total=75,333
2026-08-05 13:26:50,074 INFO src.pipeline.kaggle_collect_openalex_sri_lanka: Saved Sri Lankan-affiliated work number=70,872 progress=94.1% api_total=75,333
2026-08-05 13:26:50,074 INFO src.pipeline.kaggle_collect_openalex_sri_lanka: Saved Sri Lankan-affiliated work number=70,873 progress=94.1% api_total=75,333
2026-08-05 13:26:50,075 INFO src.pipeline.kaggle_collect_openalex_sri_lanka: Saved Sri Lankan-affiliated work number=70,874 progress=94.1% api_total=75,333
2026-08-05 13:26:50,075 INFO src.pipeline.kaggle_collect_openalex_sri_lanka: Saved Sri Lankan-affiliated work number=70,875 progress=94.1% api_total=75,333
2026-08-05 13:26:50,075 INFO src.pipeline.kaggle_collect_openalex_sri_lanka: Saved Sri Lankan-affiliated work number=70,876 progress=94.1% api_total=75,333
2026-08-05 13:26:50,076 INFO src.pipeline.kaggle_collect_openalex_sri_lanka: Saved Sri Lankan-affiliated work number=70,877 progress=94.1% api_total=75,333
2026-08-05 13:26:50,076 INFO src.pipeline.kaggle_collect_openalex_sri_lanka: Saved Sri Lankan-affiliated work number=70,878 progress=94.1% api_total=75,333
2026-08-05 13:26:50,076 INFO src.pipeline.kaggle_collect_openalex_sri_lanka: Saved Sri Lankan-affiliated work number=70,879 progress=94.1% api_total=75,333
2026-08-05 13:26:50,076 INFO src.pipeline.kaggle_collect_openalex_sri_lanka: Saved Sri Lankan-affiliated work number=70,880 progress=94.1% api_total=75,333
2026-08-05 13:26:50,077 INFO src.pipeline.kaggle_collect_openalex_sri_lanka: Saved Sri Lankan-affiliated work number=70,881 progress=94.1% api_total=75,333
2026-08-05 13:26:50,077 INFO src.pipeline.kaggle_collect_openalex_sri_lanka: Saved Sri Lankan-affiliated work number=70,882 progress=94.1% api_total=75,333
2026-08-05 13:26:50,077 INFO src.pipeline.kaggle_collect_openalex_sri_lanka: Saved Sri Lankan-affiliated work number=70,883 progress=94.1% api_total=75,333
2026-08-05 13:26:50,078 INFO src.pipeline.kaggle_collect_openalex_sri_lanka: Saved Sri Lankan-affiliated work number=70,884 progress=94.1% api_total=75,333
2026-08-05 13:26:50,078 INFO src.pipeline.kaggle_collect_openalex_sri_lanka: Saved Sri Lankan-affiliated work number=70,885 progress=94.1% api_total=75,333
2026-08-05 13:26:50,078 INFO src.pipeline.kaggle_collect_openalex_sri_lanka: Saved Sri Lankan-affiliated work number=70,886 progress=94.1% api_total=75,333
2026-08-05 13:26:50,078 INFO src.pipeline.kaggle_collect_openalex_sri_lanka: Saved Sri Lankan-affiliated work number=70,887 progress=94.1% api_total=75,333
2026-08-05 13:26:50,079 INFO src.pipeline.kaggle_collect_openalex_sri_lanka: Saved Sri Lankan-affiliated work number=70,888 progress=94.1% api_total=75,333
2026-08-05 13:26:50,079 INFO src.pipeline.kaggle_collect_openalex_sri_lanka: Saved Sri Lankan-affiliated work number=70,889 progress=94.1% api_total=75,333
2026-08-05 13:26:50,079 INFO src.pipeline.kaggle_collect_openalex_sri_lanka: Saved Sri Lankan-affiliated work number=70,890 progress=94.1% api_total=75,333
2026-08-05 13:26:50,080 INFO src.pipeline.kaggle_collect_openalex_sri_lanka: Saved Sri Lankan-affiliated work number=70,891 progress=94.1% api_total=75,333
2026-08-05 13:26:50,080 INFO src.pipeline.kaggle_collect_openalex_sri_lanka: Saved Sri Lankan-affiliated work number=70,892 progress=94.1% api_total=75,333
2026-08-05 13:26:50,080 INFO src.pipeline.kaggle_collect_openalex_sri_lanka: Saved Sri Lankan-affiliated work number=70,893 progress=94.1% api_total=75,333
2026-08-05 13:26:50,080 INFO src.pipeline.kaggle_collect_openalex_sri_lanka: Saved Sri Lankan-affiliated work number=70,894 progress=94.1% api_total=75,333
2026-08-05 13:26:50,081 INFO src.pipeline.kaggle_collect_openalex_sri_lanka: Saved Sri Lankan-affiliated work number=70,895 progress=94.1% api_total=75,333
2026-08-05 13:26:50,081 INFO src.pipeline.kaggle_collect_openalex_sri_lanka: Saved Sri Lankan-affiliated work number=70,896 progress=94.1% api_total=75,333
2026-08-05 13:26:50,081 INFO src.pipeline.kaggle_collect_openalex_sri_lanka: Saved Sri Lankan-affiliated work number=70,897 progress=94.1% api_total=75,333
2026-08-05 13:26:50,082 INFO src.pipeline.kaggle_collect_openalex_sri_lanka: Saved Sri Lankan-affiliated work number=70,898 progress=94.1% api_total=75,333
2026-08-05 13:26:50,082 INFO src.pipeline.kaggle_collect_openalex_sri_lanka: Saved Sri Lankan-affiliated work number=70,899 progress=94.1% api_total=75,333
2026-08-05 13:26:50,082 INFO src.pipeline.kaggle_collect_openalex_sri_lanka: Saved Sri Lankan-affiliated work number=70,900 progress=94.1% api_total=75,333
2026-08-05 13:26:50,083 INFO src.pipeline.kaggle_collect_openalex_sri_lanka: Saved Sri Lankan-affiliated work number=70,901 progress=94.1% api_total=75,333
2026-08-05 13:26:50,083 INFO src.pipeline.kaggle_collect_openalex_sri_lanka: Saved Sri Lankan-affiliated work number=70,902 progress=94.1% api_total=75,333
2026-08-05 13:26:50,083 INFO src.pipeline.kaggle_collect_openalex_sri_lanka: Saved Sri Lankan-affiliated work number=70,903 progress=94.1% api_total=75,333
2026-08-05 13:26:50,083 INFO src.pipeline.kaggle_collect_openalex_sri_lanka: Saved Sri Lankan-affiliated work number=70,904 progress=94.1% api_total=75,333
2026-08-05 13:26:50,084 INFO src.pipeline.kaggle_collect_openalex_sri_lanka: Saved Sri Lankan-affiliated work number=70,905 progress=94.1% api_total=75,333
2026-08-05 13:26:50,084 INFO src.pipeline.kaggle_collect_openalex_sri_lanka: Saved Sri Lankan-affiliated work number=70,906 progress=94.1% api_total=75,333
2026-08-05 13:26:50,084 INFO src.pipeline.kaggle_collect_openalex_sri_lanka: Saved Sri Lankan-affiliated work number=70,907 progress=94.1% api_total=75,333
2026-08-05 13:26:50,085 INFO src.pipeline.kaggle_collect_openalex_sri_lanka: Saved Sri Lankan-affiliated work number=70,908 progress=94.1% api_total=75,333
2026-08-05 13:26:50,085 INFO src.pipeline.kaggle_collect_openalex_sri_lanka: Saved Sri Lankan-affiliated work number=70,909 progress=94.1% api_total=75,333
2026-08-05 13:26:50,085 INFO src.pipeline.kaggle_collect_openalex_sri_lanka: Saved Sri Lankan-affiliated work number=70,910 progress=94.1% api_total=75,333
2026-08-05 13:26:50,085 INFO src.pipeline.kaggle_collect_openalex_sri_lanka: Saved Sri Lankan-affiliated work number=70,911 progress=94.1% api_total=75,333
2026-08-05 13:26:50,086 INFO src.pipeline.kaggle_collect_openalex_sri_lanka: Saved Sri Lankan-affiliated work number=70,912 progress=94.1% api_total=75,333
2026-08-05 13:26:50,086 INFO src.pipeline.kaggle_collect_openalex_sri_lanka: Saved Sri Lankan-affiliated work number=70,913 progress=94.1% api_total=75,333
2026-08-05 13:26:50,086 INFO src.pipeline.kaggle_collect_openalex_sri_lanka: Saved Sri Lankan-affiliated work number=70,914 progress=94.1% api_total=75,333
2026-08-05 13:26:50,086 INFO src.pipeline.kaggle_collect_openalex_sri_lanka: Saved Sri Lankan-affiliated work number=70,915 progress=94.1% api_total=75,333
2026-08-05 13:26:50,087 INFO src.pipeline.kaggle_collect_openalex_sri_lanka: Saved Sri Lankan-affiliated work number=70,916 progress=94.1% api_total=75,333
2026-08-05 13:26:50,087 INFO src.pipeline.kaggle_collect_openalex_sri_lanka: Saved Sri Lankan-affiliated work number=70,917 progress=94.1% api_total=75,333
2026-08-05 13:26:50,087 INFO src.pipeline.kaggle_collect_openalex_sri_lanka: Saved Sri Lankan-affiliated work number=70,918 progress=94.1% api_total=75,333
2026-08-05 13:26:50,088 INFO src.pipeline.kaggle_collect_openalex_sri_lanka: Saved Sri Lankan-affiliated work number=70,919 progress=94.1% api_total=75,333
2026-08-05 13:26:50,088 INFO src.pipeline.kaggle_collect_openalex_sri_lanka: Saved Sri Lankan-affiliated work number=70,920 progress=94.1% api_total=75,333
2026-08-05 13:26:50,088 INFO src.pipeline.kaggle_collect_openalex_sri_lanka: Saved Sri Lankan-affiliated work number=70,921 progress=94.1% api_total=75,333
2026-08-05 13:26:50,088 INFO src.pipeline.kaggle_collect_openalex_sri_lanka: Saved Sri Lankan-affiliated work number=70,922 progress=94.1% api_total=75,333
2026-08-05 13:26:50,089 INFO src.pipeline.kaggle_collect_openalex_sri_lanka: Saved Sri Lankan-affiliated work number=70,923 progress=94.1% api_total=75,333
2026-08-05 13:26:50,089 INFO src.pipeline.kaggle_collect_openalex_sri_lanka: Saved Sri Lankan-affiliated work number=70,924 progress=94.1% api_total=75,333
2026-08-05 13:26:50,089 INFO src.pipeline.kaggle_collect_openalex_sri_lanka: Saved Sri Lankan-affiliated work number=70,925 progress=94.1% api_total=75,333
2026-08-05 13:26:50,089 INFO src.pipeline.kaggle_collect_openalex_sri_lanka: Saved Sri Lankan-affiliated work number=70,926 progress=94.1% api_total=75,333
2026-08-05 13:26:50,090 INFO src.pipeline.kaggle_collect_openalex_sri_lanka: Saved Sri Lankan-affiliated work number=70,927 progress=94.2% api_total=75,333
2026-08-05 13:26:50,090 INFO src.pipeline.kaggle_collect_openalex_sri_lanka: Saved Sri Lankan-affiliated work number=70,928 progress=94.2% api_total=75,333
2026-08-05 13:26:50,090 INFO src.pipeline.kaggle_collect_openalex_sri_lanka: Saved Sri Lankan-affiliated work number=70,929 progress=94.2% api_total=75,333
2026-08-05 13:26:50,091 INFO src.pipeline.kaggle_collect_openalex_sri_lanka: Saved Sri Lankan-affiliated work number=70,930 progress=94.2% api_total=75,333
2026-08-05 13:26:50,091 INFO src.pipeline.kaggle_collect_openalex_sri_lanka: Saved Sri Lankan-affiliated work number=70,931 progress=94.2% api_total=75,333
2026-08-05 13:26:50,091 INFO src.pipeline.kaggle_collect_openalex_sri_lanka: Saved Sri Lankan-affiliated work number=70,932 progress=94.2% api_total=75,333
2026-08-05 13:26:50,091 INFO src.pipeline.kaggle_collect_openalex_sri_lanka: Saved Sri Lankan-affiliated work number=70,933 progress=94.2% api_total=75,333
2026-08-05 13:26:50,092 INFO src.pipeline.kaggle_collect_openalex_sri_lanka: Saved Sri Lankan-affiliated work number=70,934 progress=94.2% api_total=75,333
2026-08-05 13:26:50,092 INFO src.pipeline.kaggle_collect_openalex_sri_lanka: Saved Sri Lankan-affiliated work number=70,935 progress=94.2% api_total=75,333
2026-08-05 13:26:50,092 INFO src.pipeline.kaggle_collect_openalex_sri_lanka: Saved Sri Lankan-affiliated work number=70,936 progress=94.2% api_total=75,333
2026-08-05 13:26:50,092 INFO src.pipeline.kaggle_collect_openalex_sri_lanka: Saved Sri Lankan-affiliated work number=70,937 progress=94.2% api_total=75,333
2026-08-05 13:26:50,093 INFO src.pipeline.kaggle_collect_openalex_sri_lanka: Saved Sri Lankan-affiliated work number=70,938 progress=94.2% api_total=75,333
2026-08-05 13:26:50,093 INFO src.pipeline.kaggle_collect_openalex_sri_lanka: Saved Sri Lankan-affiliated work number=70,939 progress=94.2% api_total=75,333
2026-08-05 13:26:50,093 INFO src.pipeline.kaggle_collect_openalex_sri_lanka: Saved Sri Lankan-affiliated work number=70,940 progress=94.2% api_total=75,333
2026-08-05 13:26:50,093 INFO src.pipeline.kaggle_collect_openalex_sri_lanka: Saved Sri Lankan-affiliated work number=70,941 progress=94.2% api_total=75,333
2026-08-05 13:26:50,094 INFO src.pipeline.kaggle_collect_openalex_sri_lanka: Saved Sri Lankan-affiliated work number=70,942 progress=94.2% api_total=75,333
2026-08-05 13:26:50,094 INFO src.pipeline.kaggle_collect_openalex_sri_lanka: Saved Sri Lankan-affiliated work number=70,943 progress=94.2% api_total=75,333
2026-08-05 13:26:50,094 INFO src.pipeline.kaggle_collect_openalex_sri_lanka: Saved Sri Lankan-affiliated work number=70,944 progress=94.2% api_total=75,333
2026-08-05 13:26:50,095 INFO src.pipeline.kaggle_collect_openalex_sri_lanka: Saved Sri Lankan-affiliated work number=70,945 progress=94.2% api_total=75,333
2026-08-05 13:26:50,095 INFO src.pipeline.kaggle_collect_openalex_sri_lanka: Saved Sri Lankan-affiliated work number=70,946 progress=94.2% api_total=75,333
2026-08-05 13:26:50,095 INFO src.pipeline.kaggle_collect_openalex_sri_lanka: Saved Sri Lankan-affiliated work number=70,947 progress=94.2% api_total=75,333
2026-08-05 13:26:50,096 INFO src.pipeline.kaggle_collect_openalex_sri_lanka: Saved Sri Lankan-affiliated work number=70,948 progress=94.2% api_total=75,333
2026-08-05 13:26:50,096 INFO src.pipeline.kaggle_collect_openalex_sri_lanka: Saved Sri Lankan-affiliated work number=70,949 progress=94.2% api_total=75,333
2026-08-05 13:26:50,096 INFO src.pipeline.kaggle_collect_openalex_sri_lanka: Saved Sri Lankan-affiliated work number=70,950 progress=94.2% api_total=75,333
2026-08-05 13:26:50,096 INFO src.pipeline.kaggle_collect_openalex_sri_lanka: Saved Sri Lankan-affiliated work number=70,951 progress=94.2% api_total=75,333
2026-08-05 13:26:50,097 INFO src.pipeline.kaggle_collect_openalex_sri_lanka: Saved Sri Lankan-affiliated work number=70,952 progress=94.2% api_total=75,333
2026-08-05 13:26:50,097 INFO src.pipeline.kaggle_collect_openalex_sri_lanka: Saved Sri Lankan-affiliated work number=70,953 progress=94.2% api_total=75,333
2026-08-05 13:26:50,097 INFO src.pipeline.kaggle_collect_openalex_sri_lanka: Saved Sri Lankan-affiliated work number=70,954 progress=94.2% api_total=75,333
2026-08-05 13:26:50,098 INFO src.pipeline.kaggle_collect_openalex_sri_lanka: Saved Sri Lankan-affiliated work number=70,955 progress=94.2% api_total=75,333
2026-08-05 13:26:50,098 INFO src.pipeline.kaggle_collect_openalex_sri_lanka: Saved Sri Lankan-affiliated work number=70,956 progress=94.2% api_total=75,333
2026-08-05 13:26:50,099 INFO src.pipeline.kaggle_collect_openalex_sri_lanka: Saved Sri Lankan-affiliated work number=70,957 progress=94.2% api_total=75,333
2026-08-05 13:26:50,099 INFO src.pipeline.kaggle_collect_openalex_sri_lanka: Saved Sri Lankan-affiliated work number=70,958 progress=94.2% api_total=75,333
2026-08-05 13:26:50,099 INFO src.pipeline.kaggle_collect_openalex_sri_lanka: Saved Sri Lankan-affiliated work number=70,959 progress=94.2% api_total=75,333
2026-08-05 13:26:50,100 INFO src.pipeline.kaggle_collect_openalex_sri_lanka: Saved Sri Lankan-affiliated work number=70,960 progress=94.2% api_total=75,333
2026-08-05 13:26:50,100 INFO src.pipeline.kaggle_collect_openalex_sri_lanka: Saved Sri Lankan-affiliated work number=70,961 progress=94.2% api_total=75,333
2026-08-05 13:26:50,100 INFO src.pipeline.kaggle_collect_openalex_sri_lanka: Saved Sri Lankan-affiliated work number=70,962 progress=94.2% api_total=75,333
2026-08-05 13:26:50,101 INFO src.pipeline.kaggle_collect_openalex_sri_lanka: Saved Sri Lankan-affiliated work number=70,963 progress=94.2% api_total=75,333
2026-08-05 13:26:50,101 INFO src.pipeline.kaggle_collect_openalex_sri_lanka: Saved Sri Lankan-affiliated work number=70,964 progress=94.2% api_total=75,333
2026-08-05 13:26:50,101 INFO src.pipeline.kaggle_collect_openalex_sri_lanka: Saved Sri Lankan-affiliated work number=70,965 progress=94.2% api_total=75,333
2026-08-05 13:26:50,101 INFO src.pipeline.kaggle_collect_openalex_sri_lanka: Saved Sri Lankan-affiliated work number=70,966 progress=94.2% api_total=75,333
2026-08-05 13:26:50,102 INFO src.pipeline.kaggle_collect_openalex_sri_lanka: Saved Sri Lankan-affiliated work number=70,967 progress=94.2% api_total=75,333
2026-08-05 13:26:50,102 INFO src.pipeline.kaggle_collect_openalex_sri_lanka: Saved Sri Lankan-affiliated work number=70,968 progress=94.2% api_total=75,333
2026-08-05 13:26:50,102 INFO src.pipeline.kaggle_collect_openalex_sri_lanka: Saved Sri Lankan-affiliated work number=70,969 progress=94.2% api_total=75,333
2026-08-05 13:26:50,103 INFO src.pipeline.kaggle_collect_openalex_sri_lanka: Saved Sri Lankan-affiliated work number=70,970 progress=94.2% api_total=75,333
2026-08-05 13:26:50,103 INFO src.pipeline.kaggle_collect_openalex_sri_lanka: Saved Sri Lankan-affiliated work number=70,971 progress=94.2% api_total=75,333
2026-08-05 13:26:50,103 INFO src.pipeline.kaggle_collect_openalex_sri_lanka: Saved Sri Lankan-affiliated work number=70,972 progress=94.2% api_total=75,333
2026-08-05 13:26:50,104 INFO src.pipeline.kaggle_collect_openalex_sri_lanka: Saved Sri Lankan-affiliated work number=70,973 progress=94.2% api_total=75,333
2026-08-05 13:26:50,104 INFO src.pipeline.kaggle_collect_openalex_sri_lanka: Saved Sri Lankan-affiliated work number=70,974 progress=94.2% api_total=75,333
2026-08-05 13:26:50,104 INFO src.pipeline.kaggle_collect_openalex_sri_lanka: Saved Sri Lankan-affiliated work number=70,975 progress=94.2% api_total=75,333
2026-08-05 13:26:50,104 INFO src.pipeline.kaggle_collect_openalex_sri_lanka: Saved Sri Lankan-affiliated work number=70,976 progress=94.2% api_total=75,333
2026-08-05 13:26:50,105 INFO src.pipeline.kaggle_collect_openalex_sri_lanka: Saved Sri Lankan-affiliated work number=70,977 progress=94.2% api_total=75,333
2026-08-05 13:26:50,105 INFO src.pipeline.kaggle_collect_openalex_sri_lanka: Saved Sri Lankan-affiliated work number=70,978 progress=94.2% api_total=75,333
2026-08-05 13:26:50,105 INFO src.pipeline.kaggle_collect_openalex_sri_lanka: Saved Sri Lankan-affiliated work number=70,979 progress=94.2% api_total=75,333
2026-08-05 13:26:50,106 INFO src.pipeline.kaggle_collect_openalex_sri_lanka: Saved Sri Lankan-affiliated work number=70,980 progress=94.2% api_total=75,333
2026-08-05 13:26:50,106 INFO src.pipeline.kaggle_collect_openalex_sri_lanka: Saved Sri Lankan-affiliated work number=70,981 progress=94.2% api_total=75,333
2026-08-05 13:26:50,106 INFO src.pipeline.kaggle_collect_openalex_sri_lanka: Saved Sri Lankan-affiliated work number=70,982 progress=94.2% api_total=75,333
2026-08-05 13:26:50,106 INFO src.pipeline.kaggle_collect_openalex_sri_lanka: Saved Sri Lankan-affiliated work number=70,983 progress=94.2% api_total=75,333
2026-08-05 13:26:50,107 INFO src.pipeline.kaggle_collect_openalex_sri_lanka: Saved Sri Lankan-affiliated work number=70,984 progress=94.2% api_total=75,333
2026-08-05 13:26:50,107 INFO src.pipeline.kaggle_collect_openalex_sri_lanka: Saved Sri Lankan-affiliated work number=70,985 progress=94.2% api_total=75,333
2026-08-05 13:26:50,107 INFO src.pipeline.kaggle_collect_openalex_sri_lanka: Saved Sri Lankan-affiliated work number=70,986 progress=94.2% api_total=75,333
2026-08-05 13:26:50,108 INFO src.pipeline.kaggle_collect_openalex_sri_lanka: Saved Sri Lankan-affiliated work number=70,987 progress=94.2% api_total=75,333
2026-08-05 13:26:50,108 INFO src.pipeline.kaggle_collect_openalex_sri_lanka: Saved Sri Lankan-affiliated work number=70,988 progress=94.2% api_total=75,333
2026-08-05 13:26:50,108 INFO src.pipeline.kaggle_collect_openalex_sri_lanka: Saved Sri Lankan-affiliated work number=70,989 progress=94.2% api_total=75,333
2026-08-05 13:26:50,109 INFO src.pipeline.kaggle_collect_openalex_sri_lanka: Saved Sri Lankan-affiliated work number=70,990 progress=94.2% api_total=75,333
2026-08-05 13:26:50,109 INFO src.pipeline.kaggle_collect_openalex_sri_lanka: Saved Sri Lankan-affiliated work number=70,991 progress=94.2% api_total=75,333
2026-08-05 13:26:50,109 INFO src.pipeline.kaggle_collect_openalex_sri_lanka: Saved Sri Lankan-affiliated work number=70,992 progress=94.2% api_total=75,333
2026-08-05 13:26:50,109 INFO src.pipeline.kaggle_collect_openalex_sri_lanka: Saved Sri Lankan-affiliated work number=70,993 progress=94.2% api_total=75,333
2026-08-05 13:26:50,110 INFO src.pipeline.kaggle_collect_openalex_sri_lanka: Saved Sri Lankan-affiliated work number=70,994 progress=94.2% api_total=75,333
2026-08-05 13:26:50,110 INFO src.pipeline.kaggle_collect_openalex_sri_lanka: Saved Sri Lankan-affiliated work number=70,995 progress=94.2% api_total=75,333
2026-08-05 13:26:50,110 INFO src.pipeline.kaggle_collect_openalex_sri_lanka: Saved Sri Lankan-affiliated work number=70,996 progress=94.2% api_total=75,333
2026-08-05 13:26:50,110 INFO src.pipeline.kaggle_collect_openalex_sri_lanka: Saved Sri Lankan-affiliated work number=70,997 progress=94.2% api_total=75,333
2026-08-05 13:26:50,111 INFO src.pipeline.kaggle_collect_openalex_sri_lanka: Saved Sri Lankan-affiliated work number=70,998 progress=94.2% api_total=75,333
2026-08-05 13:26:50,111 INFO src.pipeline.kaggle_collect_openalex_sri_lanka: Saved Sri Lankan-affiliated work number=70,999 progress=94.2% api_total=75,333
2026-08-05 13:26:50,111 INFO src.pipeline.kaggle_collect_openalex_sri_lanka: Saved Sri Lankan-affiliated work number=71,000 progress=94.2% api_total=75,333
2026-08-05 13:26:50,112 INFO src.pipeline.kaggle_collect_openalex_sri_lanka: Saved Sri Lankan-affiliated work number=71,001 progress=94.2% api_total=75,333
2026-08-05 13:26:50,112 INFO src.pipeline.kaggle_collect_openalex_sri_lanka: Saved Sri Lankan-affiliated work number=71,002 progress=94.3% api_total=75,333
2026-08-05 13:26:50,112 INFO src.pipeline.kaggle_collect_openalex_sri_lanka: Saved Sri Lankan-affiliated work number=71,003 progress=94.3% api_total=75,333
2026-08-05 13:26:50,112 INFO src.pipeline.kaggle_collect_openalex_sri_lanka: Saved Sri Lankan-affiliated work number=71,004 progress=94.3% api_total=75,333
2026-08-05 13:26:50,113 INFO src.pipeline.kaggle_collect_openalex_sri_lanka: Saved Sri Lankan-affiliated work number=71,005 progress=94.3% api_total=75,333
2026-08-05 13:26:50,113 INFO src.pipeline.kaggle_collect_openalex_sri_lanka: Saved Sri Lankan-affiliated work number=71,006 progress=94.3% api_total=75,333
2026-08-05 13:26:50,113 INFO src.pipeline.kaggle_collect_openalex_sri_lanka: Saved Sri Lankan-affiliated work number=71,007 progress=94.3% api_total=75,333
2026-08-05 13:26:50,114 INFO src.pipeline.kaggle_collect_openalex_sri_lanka: Saved Sri Lankan-affiliated work number=71,008 progress=94.3% api_total=75,333
2026-08-05 13:26:50,114 INFO src.pipeline.kaggle_collect_openalex_sri_lanka: Saved Sri Lankan-affiliated work number=71,009 progress=94.3% api_total=75,333
2026-08-05 13:26:50,114 INFO src.pipeline.kaggle_collect_openalex_sri_lanka: Saved Sri Lankan-affiliated work number=71,010 progress=94.3% api_total=75,333
2026-08-05 13:26:50,114 INFO src.pipeline.kaggle_collect_openalex_sri_lanka: Saved Sri Lankan-affiliated work number=71,011 progress=94.3% api_total=75,333
2026-08-05 13:26:50,115 INFO src.pipeline.kaggle_collect_openalex_sri_lanka: Saved Sri Lankan-affiliated work number=71,012 progress=94.3% api_total=75,333
2026-08-05 13:26:50,115 INFO src.pipeline.kaggle_collect_openalex_sri_lanka: Saved Sri Lankan-affiliated work number=71,013 progress=94.3% api_total=75,333
2026-08-05 13:26:50,115 INFO src.pipeline.kaggle_collect_openalex_sri_lanka: Saved Sri Lankan-affiliated work number=71,014 progress=94.3% api_total=75,333
2026-08-05 13:26:50,116 INFO src.pipeline.kaggle_collect_openalex_sri_lanka: Saved Sri Lankan-affiliated work number=71,015 progress=94.3% api_total=75,333
2026-08-05 13:26:50,116 INFO src.pipeline.kaggle_collect_openalex_sri_lanka: Saved Sri Lankan-affiliated work number=71,016 progress=94.3% api_total=75,333
2026-08-05 13:26:50,116 INFO src.pipeline.kaggle_collect_openalex_sri_lanka: Saved Sri Lankan-affiliated work number=71,017 progress=94.3% api_total=75,333
2026-08-05 13:26:50,116 INFO src.pipeline.kaggle_collect_openalex_sri_lanka: Saved Sri Lankan-affiliated work number=71,018 progress=94.3% api_total=75,333
2026-08-05 13:26:50,117 INFO src.pipeline.kaggle_collect_openalex_sri_lanka: Saved Sri Lankan-affiliated work number=71,019 progress=94.3% api_total=75,333
2026-08-05 13:26:50,117 INFO src.pipeline.kaggle_collect_openalex_sri_lanka: Saved Sri Lankan-affiliated work number=71,020 progress=94.3% api_total=75,333
2026-08-05 13:26:50,117 INFO src.pipeline.kaggle_collect_openalex_sri_lanka: Saved Sri Lankan-affiliated work number=71,021 progress=94.3% api_total=75,333
2026-08-05 13:26:50,117 INFO src.pipeline.kaggle_collect_openalex_sri_lanka: Saved Sri Lankan-affiliated work number=71,022 progress=94.3% api_total=75,333
2026-08-05 13:26:50,118 INFO src.pipeline.kaggle_collect_openalex_sri_lanka: Saved Sri Lankan-affiliated work number=71,023 progress=94.3% api_total=75,333
2026-08-05 13:26:50,118 INFO src.pipeline.kaggle_collect_openalex_sri_lanka: Saved Sri Lankan-affiliated work number=71,024 progress=94.3% api_total=75,333
2026-08-05 13:26:50,118 INFO src.pipeline.kaggle_collect_openalex_sri_lanka: Saved Sri Lankan-affiliated work number=71,025 progress=94.3% api_total=75,333
2026-08-05 13:26:50,118 INFO src.pipeline.kaggle_collect_openalex_sri_lanka: Saved Sri Lankan-affiliated work number=71,026 progress=94.3% api_total=75,333
2026-08-05 13:26:50,119 INFO src.pipeline.kaggle_collect_openalex_sri_lanka: Saved Sri Lankan-affiliated work number=71,027 progress=94.3% api_total=75,333
2026-08-05 13:26:50,119 INFO src.pipeline.kaggle_collect_openalex_sri_lanka: Saved Sri Lankan-affiliated work number=71,028 progress=94.3% api_total=75,333
2026-08-05 13:26:50,119 INFO src.pipeline.kaggle_collect_openalex_sri_lanka: Saved Sri Lankan-affiliated work number=71,029 progress=94.3% api_total=75,333
2026-08-05 13:26:50,120 INFO src.pipeline.kaggle_collect_openalex_sri_lanka: Saved Sri Lankan-affiliated work number=71,030 progress=94.3% api_total=75,333
2026-08-05 13:26:50,120 INFO src.pipeline.kaggle_collect_openalex_sri_lanka: Saved Sri Lankan-affiliated work number=71,031 progress=94.3% api_total=75,333
2026-08-05 13:26:50,120 INFO src.pipeline.kaggle_collect_openalex_sri_lanka: Saved Sri Lankan-affiliated work number=71,032 progress=94.3% api_total=75,333
2026-08-05 13:26:50,121 INFO src.pipeline.kaggle_collect_openalex_sri_lanka: Saved Sri Lankan-affiliated work number=71,033 progress=94.3% api_total=75,333
2026-08-05 13:26:50,121 INFO src.pipeline.kaggle_collect_openalex_sri_lanka: Saved Sri Lankan-affiliated work number=71,034 progress=94.3% api_total=75,333
2026-08-05 13:26:50,121 INFO src.pipeline.kaggle_collect_openalex_sri_lanka: Saved Sri Lankan-affiliated work number=71,035 progress=94.3% api_total=75,333
2026-08-05 13:26:50,121 INFO src.pipeline.kaggle_collect_openalex_sri_lanka: Saved Sri Lankan-affiliated work number=71,036 progress=94.3% api_total=75,333
2026-08-05 13:26:50,122 INFO src.pipeline.kaggle_collect_openalex_sri_lanka: Saved Sri Lankan-affiliated work number=71,037 progress=94.3% api_total=75,333
2026-08-05 13:26:50,122 INFO src.pipeline.kaggle_collect_openalex_sri_lanka: Saved Sri Lankan-affiliated work number=71,038 progress=94.3% api_total=75,333
2026-08-05 13:26:50,122 INFO src.pipeline.kaggle_collect_openalex_sri_lanka: Saved Sri Lankan-affiliated work number=71,039 progress=94.3% api_total=75,333
2026-08-05 13:26:50,123 INFO src.pipeline.kaggle_collect_openalex_sri_lanka: Saved Sri Lankan-affiliated work number=71,040 progress=94.3% api_total=75,333
2026-08-05 13:26:50,123 INFO src.pipeline.kaggle_collect_openalex_sri_lanka: Saved Sri Lankan-affiliated work number=71,041 progress=94.3% api_total=75,333
2026-08-05 13:26:50,123 INFO src.pipeline.kaggle_collect_openalex_sri_lanka: Saved Sri Lankan-affiliated work number=71,042 progress=94.3% api_total=75,333
2026-08-05 13:26:50,123 INFO src.pipeline.kaggle_collect_openalex_sri_lanka: Saved Sri Lankan-affiliated work number=71,043 progress=94.3% api_total=75,333
2026-08-05 13:26:50,124 INFO src.pipeline.kaggle_collect_openalex_sri_lanka: Saved Sri Lankan-affiliated work number=71,044 progress=94.3% api_total=75,333
2026-08-05 13:26:50,124 INFO src.pipeline.kaggle_collect_openalex_sri_lanka: Saved Sri Lankan-affiliated work number=71,045 progress=94.3% api_total=75,333
2026-08-05 13:26:50,124 INFO src.pipeline.kaggle_collect_openalex_sri_lanka: Saved Sri Lankan-affiliated work number=71,046 progress=94.3% api_total=75,333
2026-08-05 13:26:50,125 INFO src.pipeline.kaggle_collect_openalex_sri_lanka: Saved Sri Lankan-affiliated work number=71,047 progress=94.3% api_total=75,333
2026-08-05 13:26:50,125 INFO src.pipeline.kaggle_collect_openalex_sri_lanka: Saved Sri Lankan-affiliated work number=71,048 progress=94.3% api_total=75,333
2026-08-05 13:26:50,125 INFO src.pipeline.kaggle_collect_openalex_sri_lanka: Saved Sri Lankan-affiliated work number=71,049 progress=94.3% api_total=75,333
2026-08-05 13:27:05,611 INFO src.collectors.openalex_collector: Fetched OpenAlex page page=5/377 progress=1.3% fetched=200 kept=199 skipped=1 next_cursor=yes
2026-08-05 13:27:05,615 INFO src.pipeline.kaggle_collect_openalex_sri_lanka: Saved Sri Lankan-affiliated work number=71,050 progress=94.3% api_total=75,333
2026-08-05 13:27:05,616 INFO src.pipeline.kaggle_collect_openalex_sri_lanka: Saved Sri Lankan-affiliated work number=71,051 progress=94.3% api_total=75,333
2026-08-05 13:27:05,616 INFO src.pipeline.kaggle_collect_openalex_sri_lanka: Saved Sri Lankan-affiliated work number=71,052 progress=94.3% api_total=75,333
2026-08-05 13:27:05,616 INFO src.pipeline.kaggle_collect_openalex_sri_lanka: Saved Sri Lankan-affiliated work number=71,053 progress=94.3% api_total=75,333
2026-08-05 13:27:05,616 INFO src.pipeline.kaggle_collect_openalex_sri_lanka: Saved Sri Lankan-affiliated work number=71,054 progress=94.3% api_total=75,333
2026-08-05 13:27:05,617 INFO src.pipeline.kaggle_collect_openalex_sri_lanka: Saved Sri Lankan-affiliated work number=71,055 progress=94.3% api_total=75,333
2026-08-05 13:27:05,617 INFO src.pipeline.kaggle_collect_openalex_sri_lanka: Saved Sri Lankan-affiliated work number=71,056 progress=94.3% api_total=75,333
2026-08-05 13:27:05,617 INFO src.pipeline.kaggle_collect_openalex_sri_lanka: Saved Sri Lankan-affiliated work number=71,057 progress=94.3% api_total=75,333
2026-08-05 13:27:05,618 INFO src.pipeline.kaggle_collect_openalex_sri_lanka: Saved Sri Lankan-affiliated work number=71,058 progress=94.3% api_total=75,333
2026-08-05 13:27:05,618 INFO src.pipeline.kaggle_collect_openalex_sri_lanka: Saved Sri Lankan-affiliated work number=71,059 progress=94.3% api_total=75,333
2026-08-05 13:27:05,618 INFO src.pipeline.kaggle_collect_openalex_sri_lanka: Saved Sri Lankan-affiliated work number=71,060 progress=94.3% api_total=75,333
2026-08-05 13:27:05,619 INFO src.pipeline.kaggle_collect_openalex_sri_lanka: Saved Sri Lankan-affiliated work number=71,061 progress=94.3% api_total=75,333
2026-08-05 13:27:05,619 INFO src.pipeline.kaggle_collect_openalex_sri_lanka: Saved Sri Lankan-affiliated work number=71,062 progress=94.3% api_total=75,333
2026-08-05 13:27:05,619 INFO src.pipeline.kaggle_collect_openalex_sri_lanka: Saved Sri Lankan-affiliated work number=71,063 progress=94.3% api_total=75,333
2026-08-05 13:27:05,619 INFO src.pipeline.kaggle_collect_openalex_sri_lanka: Saved Sri Lankan-affiliated work number=71,064 progress=94.3% api_total=75,333
2026-08-05 13:27:05,620 INFO src.pipeline.kaggle_collect_openalex_sri_lanka: Saved Sri Lankan-affiliated work number=71,065 progress=94.3% api_total=75,333
2026-08-05 13:27:05,620 INFO src.pipeline.kaggle_collect_openalex_sri_lanka: Saved Sri Lankan-affiliated work number=71,066 progress=94.3% api_total=75,333
2026-08-05 13:27:05,620 INFO src.pipeline.kaggle_collect_openalex_sri_lanka: Saved Sri Lankan-affiliated work number=71,067 progress=94.3% api_total=75,333
2026-08-05 13:27:05,621 INFO src.pipeline.kaggle_collect_openalex_sri_lanka: Saved Sri Lankan-affiliated work number=71,068 progress=94.3% api_total=75,333
2026-08-05 13:27:05,621 INFO src.pipeline.kaggle_collect_openalex_sri_lanka: Saved Sri Lankan-affiliated work number=71,069 progress=94.3% api_total=75,333
2026-08-05 13:27:05,621 INFO src.pipeline.kaggle_collect_openalex_sri_lanka: Saved Sri Lankan-affiliated work number=71,070 progress=94.3% api_total=75,333
2026-08-05 13:27:05,621 INFO src.pipeline.kaggle_collect_openalex_sri_lanka: Saved Sri Lankan-affiliated work number=71,071 progress=94.3% api_total=75,333
2026-08-05 13:27:05,622 INFO src.pipeline.kaggle_collect_openalex_sri_lanka: Saved Sri Lankan-affiliated work number=71,072 progress=94.3% api_total=75,333
2026-08-05 13:27:05,622 INFO src.pipeline.kaggle_collect_openalex_sri_lanka: Saved Sri Lankan-affiliated work number=71,073 progress=94.3% api_total=75,333
2026-08-05 13:27:05,622 INFO src.pipeline.kaggle_collect_openalex_sri_lanka: Saved Sri Lankan-affiliated work number=71,074 progress=94.3% api_total=75,333
2026-08-05 13:27:05,623 INFO src.pipeline.kaggle_collect_openalex_sri_lanka: Saved Sri Lankan-affiliated work number=71,075 progress=94.3% api_total=75,333
2026-08-05 13:27:05,623 INFO src.pipeline.kaggle_collect_openalex_sri_lanka: Saved Sri Lankan-affiliated work number=71,076 progress=94.3% api_total=75,333
2026-08-05 13:27:05,623 INFO src.pipeline.kaggle_collect_openalex_sri_lanka: Saved Sri Lankan-affiliated work number=71,077 progress=94.4% api_total=75,333
2026-08-05 13:27:05,623 INFO src.pipeline.kaggle_collect_openalex_sri_lanka: Saved Sri Lankan-affiliated work number=71,078 progress=94.4% api_total=75,333
2026-08-05 13:27:05,624 INFO src.pipeline.kaggle_collect_openalex_sri_lanka: Saved Sri Lankan-affiliated work number=71,079 progress=94.4% api_total=75,333
2026-08-05 13:27:05,624 INFO src.pipeline.kaggle_collect_openalex_sri_lanka: Saved Sri Lankan-affiliated work number=71,080 progress=94.4% api_total=75,333
2026-08-05 13:27:05,624 INFO src.pipeline.kaggle_collect_openalex_sri_lanka: Saved Sri Lankan-affiliated work number=71,081 progress=94.4% api_total=75,333
2026-08-05 13:27:05,625 INFO src.pipeline.kaggle_collect_openalex_sri_lanka: Saved Sri Lankan-affiliated work number=71,082 progress=94.4% api_total=75,333
2026-08-05 13:27:05,625 INFO src.pipeline.kaggle_collect_openalex_sri_lanka: Saved Sri Lankan-affiliated work number=71,083 progress=94.4% api_total=75,333
2026-08-05 13:27:05,625 INFO src.pipeline.kaggle_collect_openalex_sri_lanka: Saved Sri Lankan-affiliated work number=71,084 progress=94.4% api_total=75,333
2026-08-05 13:27:05,625 INFO src.pipeline.kaggle_collect_openalex_sri_lanka: Saved Sri Lankan-affiliated work number=71,085 progress=94.4% api_total=75,333
2026-08-05 13:27:05,626 INFO src.pipeline.kaggle_collect_openalex_sri_lanka: Saved Sri Lankan-affiliated work number=71,086 progress=94.4% api_total=75,333
2026-08-05 13:27:05,626 INFO src.pipeline.kaggle_collect_openalex_sri_lanka: Saved Sri Lankan-affiliated work number=71,087 progress=94.4% api_total=75,333
2026-08-05 13:27:05,626 INFO src.pipeline.kaggle_collect_openalex_sri_lanka: Saved Sri Lankan-affiliated work number=71,088 progress=94.4% api_total=75,333
2026-08-05 13:27:05,627 INFO src.pipeline.kaggle_collect_openalex_sri_lanka: Saved Sri Lankan-affiliated work number=71,089 progress=94.4% api_total=75,333
2026-08-05 13:27:05,627 INFO src.pipeline.kaggle_collect_openalex_sri_lanka: Saved Sri Lankan-affiliated work number=71,090 progress=94.4% api_total=75,333
2026-08-05 13:27:05,627 INFO src.pipeline.kaggle_collect_openalex_sri_lanka: Saved Sri Lankan-affiliated work number=71,091 progress=94.4% api_total=75,333
2026-08-05 13:27:05,627 INFO src.pipeline.kaggle_collect_openalex_sri_lanka: Saved Sri Lankan-affiliated work number=71,092 progress=94.4% api_total=75,333
2026-08-05 13:27:05,628 INFO src.pipeline.kaggle_collect_openalex_sri_lanka: Saved Sri Lankan-affiliated work number=71,093 progress=94.4% api_total=75,333
2026-08-05 13:27:05,628 INFO src.pipeline.kaggle_collect_openalex_sri_lanka: Saved Sri Lankan-affiliated work number=71,094 progress=94.4% api_total=75,333
2026-08-05 13:27:05,628 INFO src.pipeline.kaggle_collect_openalex_sri_lanka: Saved Sri Lankan-affiliated work number=71,095 progress=94.4% api_total=75,333
2026-08-05 13:27:05,629 INFO src.pipeline.kaggle_collect_openalex_sri_lanka: Saved Sri Lankan-affiliated work number=71,096 progress=94.4% api_total=75,333
2026-08-05 13:27:05,629 INFO src.pipeline.kaggle_collect_openalex_sri_lanka: Saved Sri Lankan-affiliated work number=71,097 progress=94.4% api_total=75,333
2026-08-05 13:27:05,629 INFO src.pipeline.kaggle_collect_openalex_sri_lanka: Saved Sri Lankan-affiliated work number=71,098 progress=94.4% api_total=75,333
2026-08-05 13:27:05,629 INFO src.pipeline.kaggle_collect_openalex_sri_lanka: Saved Sri Lankan-affiliated work number=71,099 progress=94.4% api_total=75,333
2026-08-05 13:27:05,630 INFO src.pipeline.kaggle_collect_openalex_sri_lanka: Saved Sri Lankan-affiliated work number=71,100 progress=94.4% api_total=75,333
2026-08-05 13:27:05,630 INFO src.pipeline.kaggle_collect_openalex_sri_lanka: Saved Sri Lankan-affiliated work number=71,101 progress=94.4% api_total=75,333
2026-08-05 13:27:05,631 INFO src.pipeline.kaggle_collect_openalex_sri_lanka: Saved Sri Lankan-affiliated work number=71,102 progress=94.4% api_total=75,333
2026-08-05 13:27:05,631 INFO src.pipeline.kaggle_collect_openalex_sri_lanka: Saved Sri Lankan-affiliated work number=71,103 progress=94.4% api_total=75,333
2026-08-05 13:27:05,631 INFO src.pipeline.kaggle_collect_openalex_sri_lanka: Saved Sri Lankan-affiliated work number=71,104 progress=94.4% api_total=75,333
2026-08-05 13:27:05,631 INFO src.pipeline.kaggle_collect_openalex_sri_lanka: Saved Sri Lankan-affiliated work number=71,105 progress=94.4% api_total=75,333
2026-08-05 13:27:05,632 INFO src.pipeline.kaggle_collect_openalex_sri_lanka: Saved Sri Lankan-affiliated work number=71,106 progress=94.4% api_total=75,333
2026-08-05 13:27:05,632 INFO src.pipeline.kaggle_collect_openalex_sri_lanka: Saved Sri Lankan-affiliated work number=71,107 progress=94.4% api_total=75,333
2026-08-05 13:27:05,632 INFO src.pipeline.kaggle_collect_openalex_sri_lanka: Saved Sri Lankan-affiliated work number=71,108 progress=94.4% api_total=75,333
2026-08-05 13:27:05,633 INFO src.pipeline.kaggle_collect_openalex_sri_lanka: Saved Sri Lankan-affiliated work number=71,109 progress=94.4% api_total=75,333
2026-08-05 13:27:05,633 INFO src.pipeline.kaggle_collect_openalex_sri_lanka: Saved Sri Lankan-affiliated work number=71,110 progress=94.4% api_total=75,333
2026-08-05 13:27:05,634 INFO src.pipeline.kaggle_collect_openalex_sri_lanka: Saved Sri Lankan-affiliated work number=71,111 progress=94.4% api_total=75,333
2026-08-05 13:27:05,634 INFO src.pipeline.kaggle_collect_openalex_sri_lanka: Saved Sri Lankan-affiliated work number=71,112 progress=94.4% api_total=75,333
2026-08-05 13:27:05,634 INFO src.pipeline.kaggle_collect_openalex_sri_lanka: Saved Sri Lankan-affiliated work number=71,113 progress=94.4% api_total=75,333
2026-08-05 13:27:05,635 INFO src.pipeline.kaggle_collect_openalex_sri_lanka: Saved Sri Lankan-affiliated work number=71,114 progress=94.4% api_total=75,333
2026-08-05 13:27:05,635 INFO src.pipeline.kaggle_collect_openalex_sri_lanka: Saved Sri Lankan-affiliated work number=71,115 progress=94.4% api_total=75,333
2026-08-05 13:27:05,635 INFO src.pipeline.kaggle_collect_openalex_sri_lanka: Saved Sri Lankan-affiliated work number=71,116 progress=94.4% api_total=75,333
2026-08-05 13:27:05,636 INFO src.pipeline.kaggle_collect_openalex_sri_lanka: Saved Sri Lankan-affiliated work number=71,117 progress=94.4% api_total=75,333
2026-08-05 13:27:05,636 INFO src.pipeline.kaggle_collect_openalex_sri_lanka: Saved Sri Lankan-affiliated work number=71,118 progress=94.4% api_total=75,333
2026-08-05 13:27:05,636 INFO src.pipeline.kaggle_collect_openalex_sri_lanka: Saved Sri Lankan-affiliated work number=71,119 progress=94.4% api_total=75,333
2026-08-05 13:27:05,636 INFO src.pipeline.kaggle_collect_openalex_sri_lanka: Saved Sri Lankan-affiliated work number=71,120 progress=94.4% api_total=75,333
2026-08-05 13:27:05,637 INFO src.pipeline.kaggle_collect_openalex_sri_lanka: Saved Sri Lankan-affiliated work number=71,121 progress=94.4% api_total=75,333
2026-08-05 13:27:05,637 INFO src.pipeline.kaggle_collect_openalex_sri_lanka: Saved Sri Lankan-affiliated work number=71,122 progress=94.4% api_total=75,333
2026-08-05 13:27:05,637 INFO src.pipeline.kaggle_collect_openalex_sri_lanka: Saved Sri Lankan-affiliated work number=71,123 progress=94.4% api_total=75,333
2026-08-05 13:27:05,638 INFO src.pipeline.kaggle_collect_openalex_sri_lanka: Saved Sri Lankan-affiliated work number=71,124 progress=94.4% api_total=75,333
2026-08-05 13:27:05,638 INFO src.pipeline.kaggle_collect_openalex_sri_lanka: Saved Sri Lankan-affiliated work number=71,125 progress=94.4% api_total=75,333
2026-08-05 13:27:05,639 INFO src.pipeline.kaggle_collect_openalex_sri_lanka: Saved Sri Lankan-affiliated work number=71,126 progress=94.4% api_total=75,333
2026-08-05 13:27:05,639 INFO src.pipeline.kaggle_collect_openalex_sri_lanka: Saved Sri Lankan-affiliated work number=71,127 progress=94.4% api_total=75,333
2026-08-05 13:27:05,639 INFO src.pipeline.kaggle_collect_openalex_sri_lanka: Saved Sri Lankan-affiliated work number=71,128 progress=94.4% api_total=75,333
2026-08-05 13:27:05,640 INFO src.pipeline.kaggle_collect_openalex_sri_lanka: Saved Sri Lankan-affiliated work number=71,129 progress=94.4% api_total=75,333
2026-08-05 13:27:05,640 INFO src.pipeline.kaggle_collect_openalex_sri_lanka: Saved Sri Lankan-affiliated work number=71,130 progress=94.4% api_total=75,333
2026-08-05 13:27:05,640 INFO src.pipeline.kaggle_collect_openalex_sri_lanka: Saved Sri Lankan-affiliated work number=71,131 progress=94.4% api_total=75,333
2026-08-05 13:27:05,641 INFO src.pipeline.kaggle_collect_openalex_sri_lanka: Saved Sri Lankan-affiliated work number=71,132 progress=94.4% api_total=75,333
2026-08-05 13:27:05,641 INFO src.pipeline.kaggle_collect_openalex_sri_lanka: Saved Sri Lankan-affiliated work number=71,133 progress=94.4% api_total=75,333
2026-08-05 13:27:05,641 INFO src.pipeline.kaggle_collect_openalex_sri_lanka: Saved Sri Lankan-affiliated work number=71,134 progress=94.4% api_total=75,333
2026-08-05 13:27:05,642 INFO src.pipeline.kaggle_collect_openalex_sri_lanka: Saved Sri Lankan-affiliated work number=71,135 progress=94.4% api_total=75,333
2026-08-05 13:27:05,642 INFO src.pipeline.kaggle_collect_openalex_sri_lanka: Saved Sri Lankan-affiliated work number=71,136 progress=94.4% api_total=75,333
2026-08-05 13:27:05,642 INFO src.pipeline.kaggle_collect_openalex_sri_lanka: Saved Sri Lankan-affiliated work number=71,137 progress=94.4% api_total=75,333
2026-08-05 13:27:05,643 INFO src.pipeline.kaggle_collect_openalex_sri_lanka: Saved Sri Lankan-affiliated work number=71,138 progress=94.4% api_total=75,333
2026-08-05 13:27:05,643 INFO src.pipeline.kaggle_collect_openalex_sri_lanka: Saved Sri Lankan-affiliated work number=71,139 progress=94.4% api_total=75,333
2026-08-05 13:27:05,643 INFO src.pipeline.kaggle_collect_openalex_sri_lanka: Saved Sri Lankan-affiliated work number=71,140 progress=94.4% api_total=75,333
2026-08-05 13:27:05,644 INFO src.pipeline.kaggle_collect_openalex_sri_lanka: Saved Sri Lankan-affiliated work number=71,141 progress=94.4% api_total=75,333
2026-08-05 13:27:05,644 INFO src.pipeline.kaggle_collect_openalex_sri_lanka: Saved Sri Lankan-affiliated work number=71,142 progress=94.4% api_total=75,333
2026-08-05 13:27:05,644 INFO src.pipeline.kaggle_collect_openalex_sri_lanka: Saved Sri Lankan-affiliated work number=71,143 progress=94.4% api_total=75,333
2026-08-05 13:27:05,645 INFO src.pipeline.kaggle_collect_openalex_sri_lanka: Saved Sri Lankan-affiliated work number=71,144 progress=94.4% api_total=75,333
2026-08-05 13:27:05,645 INFO src.pipeline.kaggle_collect_openalex_sri_lanka: Saved Sri Lankan-affiliated work number=71,145 progress=94.4% api_total=75,333
2026-08-05 13:27:05,645 INFO src.pipeline.kaggle_collect_openalex_sri_lanka: Saved Sri Lankan-affiliated work number=71,146 progress=94.4% api_total=75,333
2026-08-05 13:27:05,645 INFO src.pipeline.kaggle_collect_openalex_sri_lanka: Saved Sri Lankan-affiliated work number=71,147 progress=94.4% api_total=75,333
2026-08-05 13:27:05,646 INFO src.pipeline.kaggle_collect_openalex_sri_lanka: Saved Sri Lankan-affiliated work number=71,148 progress=94.4% api_total=75,333
2026-08-05 13:27:05,646 INFO src.pipeline.kaggle_collect_openalex_sri_lanka: Saved Sri Lankan-affiliated work number=71,149 progress=94.4% api_total=75,333
2026-08-05 13:27:05,646 INFO src.pipeline.kaggle_collect_openalex_sri_lanka: Saved Sri Lankan-affiliated work number=71,150 progress=94.4% api_total=75,333
2026-08-05 13:27:05,647 INFO src.pipeline.kaggle_collect_openalex_sri_lanka: Saved Sri Lankan-affiliated work number=71,151 progress=94.4% api_total=75,333
2026-08-05 13:27:05,647 INFO src.pipeline.kaggle_collect_openalex_sri_lanka: Saved Sri Lankan-affiliated work number=71,152 progress=94.4% api_total=75,333
2026-08-05 13:27:05,647 INFO src.pipeline.kaggle_collect_openalex_sri_lanka: Saved Sri Lankan-affiliated work number=71,153 progress=94.5% api_total=75,333
2026-08-05 13:27:05,648 INFO src.pipeline.kaggle_collect_openalex_sri_lanka: Saved Sri Lankan-affiliated work number=71,154 progress=94.5% api_total=75,333
2026-08-05 13:27:05,648 INFO src.pipeline.kaggle_collect_openalex_sri_lanka: Saved Sri Lankan-affiliated work number=71,155 progress=94.5% api_total=75,333
2026-08-05 13:27:05,648 INFO src.pipeline.kaggle_collect_openalex_sri_lanka: Saved Sri Lankan-affiliated work number=71,156 progress=94.5% api_total=75,333
2026-08-05 13:27:05,649 INFO src.pipeline.kaggle_collect_openalex_sri_lanka: Saved Sri Lankan-affiliated work number=71,157 progress=94.5% api_total=75,333
2026-08-05 13:27:05,649 INFO src.pipeline.kaggle_collect_openalex_sri_lanka: Saved Sri Lankan-affiliated work number=71,158 progress=94.5% api_total=75,333
2026-08-05 13:27:05,649 INFO src.pipeline.kaggle_collect_openalex_sri_lanka: Saved Sri Lankan-affiliated work number=71,159 progress=94.5% api_total=75,333
2026-08-05 13:27:05,650 INFO src.pipeline.kaggle_collect_openalex_sri_lanka: Saved Sri Lankan-affiliated work number=71,160 progress=94.5% api_total=75,333
2026-08-05 13:27:05,650 INFO src.pipeline.kaggle_collect_openalex_sri_lanka: Saved Sri Lankan-affiliated work number=71,161 progress=94.5% api_total=75,333
2026-08-05 13:27:05,650 INFO src.pipeline.kaggle_collect_openalex_sri_lanka: Saved Sri Lankan-affiliated work number=71,162 progress=94.5% api_total=75,333
2026-08-05 13:27:05,651 INFO src.pipeline.kaggle_collect_openalex_sri_lanka: Saved Sri Lankan-affiliated work number=71,163 progress=94.5% api_total=75,333
2026-08-05 13:27:05,651 INFO src.pipeline.kaggle_collect_openalex_sri_lanka: Saved Sri Lankan-affiliated work number=71,164 progress=94.5% api_total=75,333
2026-08-05 13:27:05,652 INFO src.pipeline.kaggle_collect_openalex_sri_lanka: Saved Sri Lankan-affiliated work number=71,165 progress=94.5% api_total=75,333
2026-08-05 13:27:05,652 INFO src.pipeline.kaggle_collect_openalex_sri_lanka: Saved Sri Lankan-affiliated work number=71,166 progress=94.5% api_total=75,333
2026-08-05 13:27:05,652 INFO src.pipeline.kaggle_collect_openalex_sri_lanka: Saved Sri Lankan-affiliated work number=71,167 progress=94.5% api_total=75,333
2026-08-05 13:27:05,653 INFO src.pipeline.kaggle_collect_openalex_sri_lanka: Saved Sri Lankan-affiliated work number=71,168 progress=94.5% api_total=75,333
2026-08-05 13:27:05,653 INFO src.pipeline.kaggle_collect_openalex_sri_lanka: Saved Sri Lankan-affiliated work number=71,169 progress=94.5% api_total=75,333
2026-08-05 13:27:05,653 INFO src.pipeline.kaggle_collect_openalex_sri_lanka: Saved Sri Lankan-affiliated work number=71,170 progress=94.5% api_total=75,333
2026-08-05 13:27:05,654 INFO src.pipeline.kaggle_collect_openalex_sri_lanka: Saved Sri Lankan-affiliated work number=71,171 progress=94.5% api_total=75,333
2026-08-05 13:27:05,654 INFO src.pipeline.kaggle_collect_openalex_sri_lanka: Saved Sri Lankan-affiliated work number=71,172 progress=94.5% api_total=75,333
2026-08-05 13:27:05,654 INFO src.pipeline.kaggle_collect_openalex_sri_lanka: Saved Sri Lankan-affiliated work number=71,173 progress=94.5% api_total=75,333
2026-08-05 13:27:05,655 INFO src.pipeline.kaggle_collect_openalex_sri_lanka: Saved Sri Lankan-affiliated work number=71,174 progress=94.5% api_total=75,333
2026-08-05 13:27:05,655 INFO src.pipeline.kaggle_collect_openalex_sri_lanka: Saved Sri Lankan-affiliated work number=71,175 progress=94.5% api_total=75,333
2026-08-05 13:27:05,655 INFO src.pipeline.kaggle_collect_openalex_sri_lanka: Saved Sri Lankan-affiliated work number=71,176 progress=94.5% api_total=75,333
2026-08-05 13:27:05,656 INFO src.pipeline.kaggle_collect_openalex_sri_lanka: Saved Sri Lankan-affiliated work number=71,177 progress=94.5% api_total=75,333
2026-08-05 13:27:05,656 INFO src.pipeline.kaggle_collect_openalex_sri_lanka: Saved Sri Lankan-affiliated work number=71,178 progress=94.5% api_total=75,333
2026-08-05 13:27:05,656 INFO src.pipeline.kaggle_collect_openalex_sri_lanka: Saved Sri Lankan-affiliated work number=71,179 progress=94.5% api_total=75,333
2026-08-05 13:27:05,657 INFO src.pipeline.kaggle_collect_openalex_sri_lanka: Saved Sri Lankan-affiliated work number=71,180 progress=94.5% api_total=75,333
2026-08-05 13:27:05,657 INFO src.pipeline.kaggle_collect_openalex_sri_lanka: Saved Sri Lankan-affiliated work number=71,181 progress=94.5% api_total=75,333
2026-08-05 13:27:05,657 INFO src.pipeline.kaggle_collect_openalex_sri_lanka: Saved Sri Lankan-affiliated work number=71,182 progress=94.5% api_total=75,333
2026-08-05 13:27:05,658 INFO src.pipeline.kaggle_collect_openalex_sri_lanka: Saved Sri Lankan-affiliated work number=71,183 progress=94.5% api_total=75,333
2026-08-05 13:27:05,658 INFO src.pipeline.kaggle_collect_openalex_sri_lanka: Saved Sri Lankan-affiliated work number=71,184 progress=94.5% api_total=75,333
2026-08-05 13:27:05,659 INFO src.pipeline.kaggle_collect_openalex_sri_lanka: Saved Sri Lankan-affiliated work number=71,185 progress=94.5% api_total=75,333
2026-08-05 13:27:05,660 INFO src.pipeline.kaggle_collect_openalex_sri_lanka: Saved Sri Lankan-affiliated work number=71,186 progress=94.5% api_total=75,333
2026-08-05 13:27:05,660 INFO src.pipeline.kaggle_collect_openalex_sri_lanka: Saved Sri Lankan-affiliated work number=71,187 progress=94.5% api_total=75,333
2026-08-05 13:27:05,660 INFO src.pipeline.kaggle_collect_openalex_sri_lanka: Saved Sri Lankan-affiliated work number=71,188 progress=94.5% api_total=75,333
2026-08-05 13:27:05,661 INFO src.pipeline.kaggle_collect_openalex_sri_lanka: Saved Sri Lankan-affiliated work number=71,189 progress=94.5% api_total=75,333
2026-08-05 13:27:05,661 INFO src.pipeline.kaggle_collect_openalex_sri_lanka: Saved Sri Lankan-affiliated work number=71,190 progress=94.5% api_total=75,333
2026-08-05 13:27:05,661 INFO src.pipeline.kaggle_collect_openalex_sri_lanka: Saved Sri Lankan-affiliated work number=71,191 progress=94.5% api_total=75,333
2026-08-05 13:27:05,662 INFO src.pipeline.kaggle_collect_openalex_sri_lanka: Saved Sri Lankan-affiliated work number=71,192 progress=94.5% api_total=75,333
2026-08-05 13:27:05,662 INFO src.pipeline.kaggle_collect_openalex_sri_lanka: Saved Sri Lankan-affiliated work number=71,193 progress=94.5% api_total=75,333
2026-08-05 13:27:05,662 INFO src.pipeline.kaggle_collect_openalex_sri_lanka: Saved Sri Lankan-affiliated work number=71,194 progress=94.5% api_total=75,333
2026-08-05 13:27:05,663 INFO src.pipeline.kaggle_collect_openalex_sri_lanka: Saved Sri Lankan-affiliated work number=71,195 progress=94.5% api_total=75,333
2026-08-05 13:27:05,663 INFO src.pipeline.kaggle_collect_openalex_sri_lanka: Saved Sri Lankan-affiliated work number=71,196 progress=94.5% api_total=75,333
2026-08-05 13:27:05,663 INFO src.pipeline.kaggle_collect_openalex_sri_lanka: Saved Sri Lankan-affiliated work number=71,197 progress=94.5% api_total=75,333
2026-08-05 13:27:05,664 INFO src.pipeline.kaggle_collect_openalex_sri_lanka: Saved Sri Lankan-affiliated work number=71,198 progress=94.5% api_total=75,333
2026-08-05 13:27:05,664 INFO src.pipeline.kaggle_collect_openalex_sri_lanka: Saved Sri Lankan-affiliated work number=71,199 progress=94.5% api_total=75,333
2026-08-05 13:27:05,664 INFO src.pipeline.kaggle_collect_openalex_sri_lanka: Saved Sri Lankan-affiliated work number=71,200 progress=94.5% api_total=75,333
2026-08-05 13:27:05,665 INFO src.pipeline.kaggle_collect_openalex_sri_lanka: Saved Sri Lankan-affiliated work number=71,201 progress=94.5% api_total=75,333
2026-08-05 13:27:05,665 INFO src.pipeline.kaggle_collect_openalex_sri_lanka: Saved Sri Lankan-affiliated work number=71,202 progress=94.5% api_total=75,333
2026-08-05 13:27:05,665 INFO src.pipeline.kaggle_collect_openalex_sri_lanka: Saved Sri Lankan-affiliated work number=71,203 progress=94.5% api_total=75,333
2026-08-05 13:27:05,666 INFO src.pipeline.kaggle_collect_openalex_sri_lanka: Saved Sri Lankan-affiliated work number=71,204 progress=94.5% api_total=75,333
2026-08-05 13:27:05,666 INFO src.pipeline.kaggle_collect_openalex_sri_lanka: Saved Sri Lankan-affiliated work number=71,205 progress=94.5% api_total=75,333
2026-08-05 13:27:05,666 INFO src.pipeline.kaggle_collect_openalex_sri_lanka: Saved Sri Lankan-affiliated work number=71,206 progress=94.5% api_total=75,333
2026-08-05 13:27:05,666 INFO src.pipeline.kaggle_collect_openalex_sri_lanka: Saved Sri Lankan-affiliated work number=71,207 progress=94.5% api_total=75,333
2026-08-05 13:27:05,667 INFO src.pipeline.kaggle_collect_openalex_sri_lanka: Saved Sri Lankan-affiliated work number=71,208 progress=94.5% api_total=75,333
2026-08-05 13:27:05,667 INFO src.pipeline.kaggle_collect_openalex_sri_lanka: Saved Sri Lankan-affiliated work number=71,209 progress=94.5% api_total=75,333
2026-08-05 13:27:05,668 INFO src.pipeline.kaggle_collect_openalex_sri_lanka: Saved Sri Lankan-affiliated work number=71,210 progress=94.5% api_total=75,333
2026-08-05 13:27:05,668 INFO src.pipeline.kaggle_collect_openalex_sri_lanka: Saved Sri Lankan-affiliated work number=71,211 progress=94.5% api_total=75,333
2026-08-05 13:27:05,669 INFO src.pipeline.kaggle_collect_openalex_sri_lanka: Saved Sri Lankan-affiliated work number=71,212 progress=94.5% api_total=75,333
2026-08-05 13:27:05,669 INFO src.pipeline.kaggle_collect_openalex_sri_lanka: Saved Sri Lankan-affiliated work number=71,213 progress=94.5% api_total=75,333
2026-08-05 13:27:05,669 INFO src.pipeline.kaggle_collect_openalex_sri_lanka: Saved Sri Lankan-affiliated work number=71,214 progress=94.5% api_total=75,333
2026-08-05 13:27:05,670 INFO src.pipeline.kaggle_collect_openalex_sri_lanka: Saved Sri Lankan-affiliated work number=71,215 progress=94.5% api_total=75,333
2026-08-05 13:27:05,670 INFO src.pipeline.kaggle_collect_openalex_sri_lanka: Saved Sri Lankan-affiliated work number=71,216 progress=94.5% api_total=75,333
2026-08-05 13:27:05,670 INFO src.pipeline.kaggle_collect_openalex_sri_lanka: Saved Sri Lankan-affiliated work number=71,217 progress=94.5% api_total=75,333
2026-08-05 13:27:05,670 INFO src.pipeline.kaggle_collect_openalex_sri_lanka: Saved Sri Lankan-affiliated work number=71,218 progress=94.5% api_total=75,333
2026-08-05 13:27:05,671 INFO src.pipeline.kaggle_collect_openalex_sri_lanka: Saved Sri Lankan-affiliated work number=71,219 progress=94.5% api_total=75,333
2026-08-05 13:27:05,671 INFO src.pipeline.kaggle_collect_openalex_sri_lanka: Saved Sri Lankan-affiliated work number=71,220 progress=94.5% api_total=75,333
2026-08-05 13:27:05,671 INFO src.pipeline.kaggle_collect_openalex_sri_lanka: Saved Sri Lankan-affiliated work number=71,221 progress=94.5% api_total=75,333
2026-08-05 13:27:05,672 INFO src.pipeline.kaggle_collect_openalex_sri_lanka: Saved Sri Lankan-affiliated work number=71,222 progress=94.5% api_total=75,333
2026-08-05 13:27:05,673 INFO src.pipeline.kaggle_collect_openalex_sri_lanka: Saved Sri Lankan-affiliated work number=71,223 progress=94.5% api_total=75,333
2026-08-05 13:27:05,673 INFO src.pipeline.kaggle_collect_openalex_sri_lanka: Saved Sri Lankan-affiliated work number=71,224 progress=94.5% api_total=75,333
2026-08-05 13:27:05,674 INFO src.pipeline.kaggle_collect_openalex_sri_lanka: Saved Sri Lankan-affiliated work number=71,225 progress=94.5% api_total=75,333
2026-08-05 13:27:05,674 INFO src.pipeline.kaggle_collect_openalex_sri_lanka: Saved Sri Lankan-affiliated work number=71,226 progress=94.5% api_total=75,333
2026-08-05 13:27:05,675 INFO src.pipeline.kaggle_collect_openalex_sri_lanka: Saved Sri Lankan-affiliated work number=71,227 progress=94.5% api_total=75,333
2026-08-05 13:27:05,675 INFO src.pipeline.kaggle_collect_openalex_sri_lanka: Saved Sri Lankan-affiliated work number=71,228 progress=94.6% api_total=75,333
2026-08-05 13:27:05,676 INFO src.pipeline.kaggle_collect_openalex_sri_lanka: Saved Sri Lankan-affiliated work number=71,229 progress=94.6% api_total=75,333
2026-08-05 13:27:05,677 INFO src.pipeline.kaggle_collect_openalex_sri_lanka: Saved Sri Lankan-affiliated work number=71,230 progress=94.6% api_total=75,333
2026-08-05 13:27:05,677 INFO src.pipeline.kaggle_collect_openalex_sri_lanka: Saved Sri Lankan-affiliated work number=71,231 progress=94.6% api_total=75,333
2026-08-05 13:27:05,677 INFO src.pipeline.kaggle_collect_openalex_sri_lanka: Saved Sri Lankan-affiliated work number=71,232 progress=94.6% api_total=75,333
2026-08-05 13:27:05,678 INFO src.pipeline.kaggle_collect_openalex_sri_lanka: Saved Sri Lankan-affiliated work number=71,233 progress=94.6% api_total=75,333
2026-08-05 13:27:05,678 INFO src.pipeline.kaggle_collect_openalex_sri_lanka: Saved Sri Lankan-affiliated work number=71,234 progress=94.6% api_total=75,333
2026-08-05 13:27:05,679 INFO src.pipeline.kaggle_collect_openalex_sri_lanka: Saved Sri Lankan-affiliated work number=71,235 progress=94.6% api_total=75,333
2026-08-05 13:27:05,679 INFO src.pipeline.kaggle_collect_openalex_sri_lanka: Saved Sri Lankan-affiliated work number=71,236 progress=94.6% api_total=75,333
2026-08-05 13:27:05,679 INFO src.pipeline.kaggle_collect_openalex_sri_lanka: Saved Sri Lankan-affiliated work number=71,237 progress=94.6% api_total=75,333
2026-08-05 13:27:05,680 INFO src.pipeline.kaggle_collect_openalex_sri_lanka: Saved Sri Lankan-affiliated work number=71,238 progress=94.6% api_total=75,333
2026-08-05 13:27:05,680 INFO src.pipeline.kaggle_collect_openalex_sri_lanka: Saved Sri Lankan-affiliated work number=71,239 progress=94.6% api_total=75,333
2026-08-05 13:27:05,680 INFO src.pipeline.kaggle_collect_openalex_sri_lanka: Saved Sri Lankan-affiliated work number=71,240 progress=94.6% api_total=75,333
2026-08-05 13:27:05,681 INFO src.pipeline.kaggle_collect_openalex_sri_lanka: Saved Sri Lankan-affiliated work number=71,241 progress=94.6% api_total=75,333
2026-08-05 13:27:05,681 INFO src.pipeline.kaggle_collect_openalex_sri_lanka: Saved Sri Lankan-affiliated work number=71,242 progress=94.6% api_total=75,333
2026-08-05 13:27:05,681 INFO src.pipeline.kaggle_collect_openalex_sri_lanka: Saved Sri Lankan-affiliated work number=71,243 progress=94.6% api_total=75,333
2026-08-05 13:27:05,682 INFO src.pipeline.kaggle_collect_openalex_sri_lanka: Saved Sri Lankan-affiliated work number=71,244 progress=94.6% api_total=75,333
2026-08-05 13:27:05,682 INFO src.pipeline.kaggle_collect_openalex_sri_lanka: Saved Sri Lankan-affiliated work number=71,245 progress=94.6% api_total=75,333
2026-08-05 13:27:05,684 INFO src.pipeline.kaggle_collect_openalex_sri_lanka: Saved Sri Lankan-affiliated work number=71,246 progress=94.6% api_total=75,333
2026-08-05 13:27:05,685 INFO src.pipeline.kaggle_collect_openalex_sri_lanka: Saved Sri Lankan-affiliated work number=71,247 progress=94.6% api_total=75,333
2026-08-05 13:27:05,685 INFO src.pipeline.kaggle_collect_openalex_sri_lanka: Saved Sri Lankan-affiliated work number=71,248 progress=94.6% api_total=75,333
2026-08-05 13:27:17,069 INFO src.collectors.openalex_collector: Fetched OpenAlex page page=6/377 progress=1.6% fetched=200 kept=200 skipped=0 next_cursor=yes
2026-08-05 13:27:17,075 INFO src.pipeline.kaggle_collect_openalex_sri_lanka: Saved Sri Lankan-affiliated work number=71,249 progress=94.6% api_total=75,333
2026-08-05 13:27:17,075 INFO src.pipeline.kaggle_collect_openalex_sri_lanka: Saved Sri Lankan-affiliated work number=71,250 progress=94.6% api_total=75,333
2026-08-05 13:27:17,075 INFO src.pipeline.kaggle_collect_openalex_sri_lanka: Saved Sri Lankan-affiliated work number=71,251 progress=94.6% api_total=75,333
2026-08-05 13:27:17,076 INFO src.pipeline.kaggle_collect_openalex_sri_lanka: Saved Sri Lankan-affiliated work number=71,252 progress=94.6% api_total=75,333
2026-08-05 13:27:17,076 INFO src.pipeline.kaggle_collect_openalex_sri_lanka: Saved Sri Lankan-affiliated work number=71,253 progress=94.6% api_total=75,333
2026-08-05 13:27:17,076 INFO src.pipeline.kaggle_collect_openalex_sri_lanka: Saved Sri Lankan-affiliated work number=71,254 progress=94.6% api_total=75,333
2026-08-05 13:27:17,077 INFO src.pipeline.kaggle_collect_openalex_sri_lanka: Saved Sri Lankan-affiliated work number=71,255 progress=94.6% api_total=75,333
2026-08-05 13:27:17,077 INFO src.pipeline.kaggle_collect_openalex_sri_lanka: Saved Sri Lankan-affiliated work number=71,256 progress=94.6% api_total=75,333
2026-08-05 13:27:17,078 INFO src.pipeline.kaggle_collect_openalex_sri_lanka: Saved Sri Lankan-affiliated work number=71,257 progress=94.6% api_total=75,333
2026-08-05 13:27:17,078 INFO src.pipeline.kaggle_collect_openalex_sri_lanka: Saved Sri Lankan-affiliated work number=71,258 progress=94.6% api_total=75,333
2026-08-05 13:27:17,078 INFO src.pipeline.kaggle_collect_openalex_sri_lanka: Saved Sri Lankan-affiliated work number=71,259 progress=94.6% api_total=75,333
2026-08-05 13:27:17,079 INFO src.pipeline.kaggle_collect_openalex_sri_lanka: Saved Sri Lankan-affiliated work number=71,260 progress=94.6% api_total=75,333
2026-08-05 13:27:17,079 INFO src.pipeline.kaggle_collect_openalex_sri_lanka: Saved Sri Lankan-affiliated work number=71,261 progress=94.6% api_total=75,333
2026-08-05 13:27:17,080 INFO src.pipeline.kaggle_collect_openalex_sri_lanka: Saved Sri Lankan-affiliated work number=71,262 progress=94.6% api_total=75,333
2026-08-05 13:27:17,080 INFO src.pipeline.kaggle_collect_openalex_sri_lanka: Saved Sri Lankan-affiliated work number=71,263 progress=94.6% api_total=75,333
2026-08-05 13:27:17,081 INFO src.pipeline.kaggle_collect_openalex_sri_lanka: Saved Sri Lankan-affiliated work number=71,264 progress=94.6% api_total=75,333
2026-08-05 13:27:17,081 INFO src.pipeline.kaggle_collect_openalex_sri_lanka: Saved Sri Lankan-affiliated work number=71,265 progress=94.6% api_total=75,333
2026-08-05 13:27:17,081 INFO src.pipeline.kaggle_collect_openalex_sri_lanka: Saved Sri Lankan-affiliated work number=71,266 progress=94.6% api_total=75,333
2026-08-05 13:27:17,082 INFO src.pipeline.kaggle_collect_openalex_sri_lanka: Saved Sri Lankan-affiliated work number=71,267 progress=94.6% api_total=75,333
2026-08-05 13:27:17,082 INFO src.pipeline.kaggle_collect_openalex_sri_lanka: Saved Sri Lankan-affiliated work number=71,268 progress=94.6% api_total=75,333
2026-08-05 13:27:17,083 INFO src.pipeline.kaggle_collect_openalex_sri_lanka: Saved Sri Lankan-affiliated work number=71,269 progress=94.6% api_total=75,333
2026-08-05 13:27:17,083 INFO src.pipeline.kaggle_collect_openalex_sri_lanka: Saved Sri Lankan-affiliated work number=71,270 progress=94.6% api_total=75,333
2026-08-05 13:27:17,083 INFO src.pipeline.kaggle_collect_openalex_sri_lanka: Saved Sri Lankan-affiliated work number=71,271 progress=94.6% api_total=75,333
2026-08-05 13:27:17,084 INFO src.pipeline.kaggle_collect_openalex_sri_lanka: Saved Sri Lankan-affiliated work number=71,272 progress=94.6% api_total=75,333
2026-08-05 13:27:17,084 INFO src.pipeline.kaggle_collect_openalex_sri_lanka: Saved Sri Lankan-affiliated work number=71,273 progress=94.6% api_total=75,333
2026-08-05 13:27:17,084 INFO src.pipeline.kaggle_collect_openalex_sri_lanka: Saved Sri Lankan-affiliated work number=71,274 progress=94.6% api_total=75,333
2026-08-05 13:27:17,085 INFO src.pipeline.kaggle_collect_openalex_sri_lanka: Saved Sri Lankan-affiliated work number=71,275 progress=94.6% api_total=75,333
2026-08-05 13:27:17,085 INFO src.pipeline.kaggle_collect_openalex_sri_lanka: Saved Sri Lankan-affiliated work number=71,276 progress=94.6% api_total=75,333
2026-08-05 13:27:17,085 INFO src.pipeline.kaggle_collect_openalex_sri_lanka: Saved Sri Lankan-affiliated work number=71,277 progress=94.6% api_total=75,333
2026-08-05 13:27:17,086 INFO src.pipeline.kaggle_collect_openalex_sri_lanka: Saved Sri Lankan-affiliated work number=71,278 progress=94.6% api_total=75,333
2026-08-05 13:27:17,086 INFO src.pipeline.kaggle_collect_openalex_sri_lanka: Saved Sri Lankan-affiliated work number=71,279 progress=94.6% api_total=75,333
2026-08-05 13:27:17,087 INFO src.pipeline.kaggle_collect_openalex_sri_lanka: Saved Sri Lankan-affiliated work number=71,280 progress=94.6% api_total=75,333
2026-08-05 13:27:17,087 INFO src.pipeline.kaggle_collect_openalex_sri_lanka: Saved Sri Lankan-affiliated work number=71,281 progress=94.6% api_total=75,333
2026-08-05 13:27:17,087 INFO src.pipeline.kaggle_collect_openalex_sri_lanka: Saved Sri Lankan-affiliated work number=71,282 progress=94.6% api_total=75,333
2026-08-05 13:27:17,088 INFO src.pipeline.kaggle_collect_openalex_sri_lanka: Saved Sri Lankan-affiliated work number=71,283 progress=94.6% api_total=75,333
2026-08-05 13:27:17,088 INFO src.pipeline.kaggle_collect_openalex_sri_lanka: Saved Sri Lankan-affiliated work number=71,284 progress=94.6% api_total=75,333
2026-08-05 13:27:17,088 INFO src.pipeline.kaggle_collect_openalex_sri_lanka: Saved Sri Lankan-affiliated work number=71,285 progress=94.6% api_total=75,333
2026-08-05 13:27:17,089 INFO src.pipeline.kaggle_collect_openalex_sri_lanka: Saved Sri Lankan-affiliated work number=71,286 progress=94.6% api_total=75,333
2026-08-05 13:27:17,089 INFO src.pipeline.kaggle_collect_openalex_sri_lanka: Saved Sri Lankan-affiliated work number=71,287 progress=94.6% api_total=75,333
2026-08-05 13:27:17,089 INFO src.pipeline.kaggle_collect_openalex_sri_lanka: Saved Sri Lankan-affiliated work number=71,288 progress=94.6% api_total=75,333
2026-08-05 13:27:17,089 INFO src.pipeline.kaggle_collect_openalex_sri_lanka: Saved Sri Lankan-affiliated work number=71,289 progress=94.6% api_total=75,333
2026-08-05 13:27:17,090 INFO src.pipeline.kaggle_collect_openalex_sri_lanka: Saved Sri Lankan-affiliated work number=71,290 progress=94.6% api_total=75,333
2026-08-05 13:27:17,090 INFO src.pipeline.kaggle_collect_openalex_sri_lanka: Saved Sri Lankan-affiliated work number=71,291 progress=94.6% api_total=75,333
2026-08-05 13:27:17,090 INFO src.pipeline.kaggle_collect_openalex_sri_lanka: Saved Sri Lankan-affiliated work number=71,292 progress=94.6% api_total=75,333
2026-08-05 13:27:17,090 INFO src.pipeline.kaggle_collect_openalex_sri_lanka: Saved Sri Lankan-affiliated work number=71,293 progress=94.6% api_total=75,333
2026-08-05 13:27:17,091 INFO src.pipeline.kaggle_collect_openalex_sri_lanka: Saved Sri Lankan-affiliated work number=71,294 progress=94.6% api_total=75,333
2026-08-05 13:27:17,091 INFO src.pipeline.kaggle_collect_openalex_sri_lanka: Saved Sri Lankan-affiliated work number=71,295 progress=94.6% api_total=75,333
2026-08-05 13:27:17,091 INFO src.pipeline.kaggle_collect_openalex_sri_lanka: Saved Sri Lankan-affiliated work number=71,296 progress=94.6% api_total=75,333
2026-08-05 13:27:17,092 INFO src.pipeline.kaggle_collect_openalex_sri_lanka: Saved Sri Lankan-affiliated work number=71,297 progress=94.6% api_total=75,333
2026-08-05 13:27:17,092 INFO src.pipeline.kaggle_collect_openalex_sri_lanka: Saved Sri Lankan-affiliated work number=71,298 progress=94.6% api_total=75,333
2026-08-05 13:27:17,093 INFO src.pipeline.kaggle_collect_openalex_sri_lanka: Saved Sri Lankan-affiliated work number=71,299 progress=94.6% api_total=75,333
2026-08-05 13:27:17,093 INFO src.pipeline.kaggle_collect_openalex_sri_lanka: Saved Sri Lankan-affiliated work number=71,300 progress=94.6% api_total=75,333
2026-08-05 13:27:17,094 INFO src.pipeline.kaggle_collect_openalex_sri_lanka: Saved Sri Lankan-affiliated work number=71,301 progress=94.6% api_total=75,333
2026-08-05 13:27:17,094 INFO src.pipeline.kaggle_collect_openalex_sri_lanka: Saved Sri Lankan-affiliated work number=71,302 progress=94.6% api_total=75,333
2026-08-05 13:27:17,094 INFO src.pipeline.kaggle_collect_openalex_sri_lanka: Saved Sri Lankan-affiliated work number=71,303 progress=94.7% api_total=75,333
2026-08-05 13:27:17,095 INFO src.pipeline.kaggle_collect_openalex_sri_lanka: Saved Sri Lankan-affiliated work number=71,304 progress=94.7% api_total=75,333
2026-08-05 13:27:17,095 INFO src.pipeline.kaggle_collect_openalex_sri_lanka: Saved Sri Lankan-affiliated work number=71,305 progress=94.7% api_total=75,333
2026-08-05 13:27:17,096 INFO src.pipeline.kaggle_collect_openalex_sri_lanka: Saved Sri Lankan-affiliated work number=71,306 progress=94.7% api_total=75,333
2026-08-05 13:27:17,096 INFO src.pipeline.kaggle_collect_openalex_sri_lanka: Saved Sri Lankan-affiliated work number=71,307 progress=94.7% api_total=75,333
2026-08-05 13:27:17,096 INFO src.pipeline.kaggle_collect_openalex_sri_lanka: Saved Sri Lankan-affiliated work number=71,308 progress=94.7% api_total=75,333
2026-08-05 13:27:17,097 INFO src.pipeline.kaggle_collect_openalex_sri_lanka: Saved Sri Lankan-affiliated work number=71,309 progress=94.7% api_total=75,333
2026-08-05 13:27:17,097 INFO src.pipeline.kaggle_collect_openalex_sri_lanka: Saved Sri Lankan-affiliated work number=71,310 progress=94.7% api_total=75,333
2026-08-05 13:27:17,098 INFO src.pipeline.kaggle_collect_openalex_sri_lanka: Saved Sri Lankan-affiliated work number=71,311 progress=94.7% api_total=75,333
2026-08-05 13:27:17,098 INFO src.pipeline.kaggle_collect_openalex_sri_lanka: Saved Sri Lankan-affiliated work number=71,312 progress=94.7% api_total=75,333
2026-08-05 13:27:17,098 INFO src.pipeline.kaggle_collect_openalex_sri_lanka: Saved Sri Lankan-affiliated work number=71,313 progress=94.7% api_total=75,333
2026-08-05 13:27:17,099 INFO src.pipeline.kaggle_collect_openalex_sri_lanka: Saved Sri Lankan-affiliated work number=71,314 progress=94.7% api_total=75,333
2026-08-05 13:27:17,099 INFO src.pipeline.kaggle_collect_openalex_sri_lanka: Saved Sri Lankan-affiliated work number=71,315 progress=94.7% api_total=75,333
2026-08-05 13:27:17,099 INFO src.pipeline.kaggle_collect_openalex_sri_lanka: Saved Sri Lankan-affiliated work number=71,316 progress=94.7% api_total=75,333
2026-08-05 13:27:17,100 INFO src.pipeline.kaggle_collect_openalex_sri_lanka: Saved Sri Lankan-affiliated work number=71,317 progress=94.7% api_total=75,333
2026-08-05 13:27:17,100 INFO src.pipeline.kaggle_collect_openalex_sri_lanka: Saved Sri Lankan-affiliated work number=71,318 progress=94.7% api_total=75,333
2026-08-05 13:27:17,100 INFO src.pipeline.kaggle_collect_openalex_sri_lanka: Saved Sri Lankan-affiliated work number=71,319 progress=94.7% api_total=75,333
2026-08-05 13:27:17,101 INFO src.pipeline.kaggle_collect_openalex_sri_lanka: Saved Sri Lankan-affiliated work number=71,320 progress=94.7% api_total=75,333
2026-08-05 13:27:17,101 INFO src.pipeline.kaggle_collect_openalex_sri_lanka: Saved Sri Lankan-affiliated work number=71,321 progress=94.7% api_total=75,333
2026-08-05 13:27:17,101 INFO src.pipeline.kaggle_collect_openalex_sri_lanka: Saved Sri Lankan-affiliated work number=71,322 progress=94.7% api_total=75,333
2026-08-05 13:27:17,102 INFO src.pipeline.kaggle_collect_openalex_sri_lanka: Saved Sri Lankan-affiliated work number=71,323 progress=94.7% api_total=75,333
2026-08-05 13:27:17,102 INFO src.pipeline.kaggle_collect_openalex_sri_lanka: Saved Sri Lankan-affiliated work number=71,324 progress=94.7% api_total=75,333
2026-08-05 13:27:17,102 INFO src.pipeline.kaggle_collect_openalex_sri_lanka: Saved Sri Lankan-affiliated work number=71,325 progress=94.7% api_total=75,333
2026-08-05 13:27:17,103 INFO src.pipeline.kaggle_collect_openalex_sri_lanka: Saved Sri Lankan-affiliated work number=71,326 progress=94.7% api_total=75,333
2026-08-05 13:27:17,103 INFO src.pipeline.kaggle_collect_openalex_sri_lanka: Saved Sri Lankan-affiliated work number=71,327 progress=94.7% api_total=75,333
2026-08-05 13:27:17,103 INFO src.pipeline.kaggle_collect_openalex_sri_lanka: Saved Sri Lankan-affiliated work number=71,328 progress=94.7% api_total=75,333
2026-08-05 13:27:17,104 INFO src.pipeline.kaggle_collect_openalex_sri_lanka: Saved Sri Lankan-affiliated work number=71,329 progress=94.7% api_total=75,333
2026-08-05 13:27:17,104 INFO src.pipeline.kaggle_collect_openalex_sri_lanka: Saved Sri Lankan-affiliated work number=71,330 progress=94.7% api_total=75,333
2026-08-05 13:27:17,104 INFO src.pipeline.kaggle_collect_openalex_sri_lanka: Saved Sri Lankan-affiliated work number=71,331 progress=94.7% api_total=75,333
2026-08-05 13:27:17,105 INFO src.pipeline.kaggle_collect_openalex_sri_lanka: Saved Sri Lankan-affiliated work number=71,332 progress=94.7% api_total=75,333
2026-08-05 13:27:17,105 INFO src.pipeline.kaggle_collect_openalex_sri_lanka: Saved Sri Lankan-affiliated work number=71,333 progress=94.7% api_total=75,333
2026-08-05 13:27:17,105 INFO src.pipeline.kaggle_collect_openalex_sri_lanka: Saved Sri Lankan-affiliated work number=71,334 progress=94.7% api_total=75,333
2026-08-05 13:27:17,106 INFO src.pipeline.kaggle_collect_openalex_sri_lanka: Saved Sri Lankan-affiliated work number=71,335 progress=94.7% api_total=75,333
2026-08-05 13:27:17,106 INFO src.pipeline.kaggle_collect_openalex_sri_lanka: Saved Sri Lankan-affiliated work number=71,336 progress=94.7% api_total=75,333
2026-08-05 13:27:17,106 INFO src.pipeline.kaggle_collect_openalex_sri_lanka: Saved Sri Lankan-affiliated work number=71,337 progress=94.7% api_total=75,333
2026-08-05 13:27:17,107 INFO src.pipeline.kaggle_collect_openalex_sri_lanka: Saved Sri Lankan-affiliated work number=71,338 progress=94.7% api_total=75,333
2026-08-05 13:27:17,107 INFO src.pipeline.kaggle_collect_openalex_sri_lanka: Saved Sri Lankan-affiliated work number=71,339 progress=94.7% api_total=75,333
2026-08-05 13:27:17,108 INFO src.pipeline.kaggle_collect_openalex_sri_lanka: Saved Sri Lankan-affiliated work number=71,340 progress=94.7% api_total=75,333
2026-08-05 13:27:17,108 INFO src.pipeline.kaggle_collect_openalex_sri_lanka: Saved Sri Lankan-affiliated work number=71,341 progress=94.7% api_total=75,333
2026-08-05 13:27:17,108 INFO src.pipeline.kaggle_collect_openalex_sri_lanka: Saved Sri Lankan-affiliated work number=71,342 progress=94.7% api_total=75,333
2026-08-05 13:27:17,108 INFO src.pipeline.kaggle_collect_openalex_sri_lanka: Saved Sri Lankan-affiliated work number=71,343 progress=94.7% api_total=75,333
2026-08-05 13:27:17,109 INFO src.pipeline.kaggle_collect_openalex_sri_lanka: Saved Sri Lankan-affiliated work number=71,344 progress=94.7% api_total=75,333
2026-08-05 13:27:17,109 INFO src.pipeline.kaggle_collect_openalex_sri_lanka: Saved Sri Lankan-affiliated work number=71,345 progress=94.7% api_total=75,333
2026-08-05 13:27:17,109 INFO src.pipeline.kaggle_collect_openalex_sri_lanka: Saved Sri Lankan-affiliated work number=71,346 progress=94.7% api_total=75,333
2026-08-05 13:27:17,110 INFO src.pipeline.kaggle_collect_openalex_sri_lanka: Saved Sri Lankan-affiliated work number=71,347 progress=94.7% api_total=75,333
2026-08-05 13:27:17,110 INFO src.pipeline.kaggle_collect_openalex_sri_lanka: Saved Sri Lankan-affiliated work number=71,348 progress=94.7% api_total=75,333
2026-08-05 13:27:17,110 INFO src.pipeline.kaggle_collect_openalex_sri_lanka: Saved Sri Lankan-affiliated work number=71,349 progress=94.7% api_total=75,333
2026-08-05 13:27:17,111 INFO src.pipeline.kaggle_collect_openalex_sri_lanka: Saved Sri Lankan-affiliated work number=71,350 progress=94.7% api_total=75,333
2026-08-05 13:27:17,111 INFO src.pipeline.kaggle_collect_openalex_sri_lanka: Saved Sri Lankan-affiliated work number=71,351 progress=94.7% api_total=75,333
2026-08-05 13:27:17,111 INFO src.pipeline.kaggle_collect_openalex_sri_lanka: Saved Sri Lankan-affiliated work number=71,352 progress=94.7% api_total=75,333
2026-08-05 13:27:17,111 INFO src.pipeline.kaggle_collect_openalex_sri_lanka: Saved Sri Lankan-affiliated work number=71,353 progress=94.7% api_total=75,333
2026-08-05 13:27:17,112 INFO src.pipeline.kaggle_collect_openalex_sri_lanka: Saved Sri Lankan-affiliated work number=71,354 progress=94.7% api_total=75,333
2026-08-05 13:27:17,112 INFO src.pipeline.kaggle_collect_openalex_sri_lanka: Saved Sri Lankan-affiliated work number=71,355 progress=94.7% api_total=75,333
2026-08-05 13:27:17,113 INFO src.pipeline.kaggle_collect_openalex_sri_lanka: Saved Sri Lankan-affiliated work number=71,356 progress=94.7% api_total=75,333
2026-08-05 13:27:17,113 INFO src.pipeline.kaggle_collect_openalex_sri_lanka: Saved Sri Lankan-affiliated work number=71,357 progress=94.7% api_total=75,333
2026-08-05 13:27:17,113 INFO src.pipeline.kaggle_collect_openalex_sri_lanka: Saved Sri Lankan-affiliated work number=71,358 progress=94.7% api_total=75,333
2026-08-05 13:27:17,114 INFO src.pipeline.kaggle_collect_openalex_sri_lanka: Saved Sri Lankan-affiliated work number=71,359 progress=94.7% api_total=75,333
2026-08-05 13:27:17,114 INFO src.pipeline.kaggle_collect_openalex_sri_lanka: Saved Sri Lankan-affiliated work number=71,360 progress=94.7% api_total=75,333
2026-08-05 13:27:17,114 INFO src.pipeline.kaggle_collect_openalex_sri_lanka: Saved Sri Lankan-affiliated work number=71,361 progress=94.7% api_total=75,333
2026-08-05 13:27:17,115 INFO src.pipeline.kaggle_collect_openalex_sri_lanka: Saved Sri Lankan-affiliated work number=71,362 progress=94.7% api_total=75,333
2026-08-05 13:27:17,115 INFO src.pipeline.kaggle_collect_openalex_sri_lanka: Saved Sri Lankan-affiliated work number=71,363 progress=94.7% api_total=75,333
2026-08-05 13:27:17,115 INFO src.pipeline.kaggle_collect_openalex_sri_lanka: Saved Sri Lankan-affiliated work number=71,364 progress=94.7% api_total=75,333
2026-08-05 13:27:17,116 INFO src.pipeline.kaggle_collect_openalex_sri_lanka: Saved Sri Lankan-affiliated work number=71,365 progress=94.7% api_total=75,333
2026-08-05 13:27:17,116 INFO src.pipeline.kaggle_collect_openalex_sri_lanka: Saved Sri Lankan-affiliated work number=71,366 progress=94.7% api_total=75,333
2026-08-05 13:27:17,116 INFO src.pipeline.kaggle_collect_openalex_sri_lanka: Saved Sri Lankan-affiliated work number=71,367 progress=94.7% api_total=75,333
2026-08-05 13:27:17,117 INFO src.pipeline.kaggle_collect_openalex_sri_lanka: Saved Sri Lankan-affiliated work number=71,368 progress=94.7% api_total=75,333
2026-08-05 13:27:17,117 INFO src.pipeline.kaggle_collect_openalex_sri_lanka: Saved Sri Lankan-affiliated work number=71,369 progress=94.7% api_total=75,333
2026-08-05 13:27:17,117 INFO src.pipeline.kaggle_collect_openalex_sri_lanka: Saved Sri Lankan-affiliated work number=71,370 progress=94.7% api_total=75,333
2026-08-05 13:27:17,117 INFO src.pipeline.kaggle_collect_openalex_sri_lanka: Saved Sri Lankan-affiliated work number=71,371 progress=94.7% api_total=75,333
2026-08-05 13:27:17,118 INFO src.pipeline.kaggle_collect_openalex_sri_lanka: Saved Sri Lankan-affiliated work number=71,372 progress=94.7% api_total=75,333
2026-08-05 13:27:17,118 INFO src.pipeline.kaggle_collect_openalex_sri_lanka: Saved Sri Lankan-affiliated work number=71,373 progress=94.7% api_total=75,333
2026-08-05 13:27:17,118 INFO src.pipeline.kaggle_collect_openalex_sri_lanka: Saved Sri Lankan-affiliated work number=71,374 progress=94.7% api_total=75,333
2026-08-05 13:27:17,119 INFO src.pipeline.kaggle_collect_openalex_sri_lanka: Saved Sri Lankan-affiliated work number=71,375 progress=94.7% api_total=75,333
2026-08-05 13:27:17,119 INFO src.pipeline.kaggle_collect_openalex_sri_lanka: Saved Sri Lankan-affiliated work number=71,376 progress=94.7% api_total=75,333
2026-08-05 13:27:17,119 INFO src.pipeline.kaggle_collect_openalex_sri_lanka: Saved Sri Lankan-affiliated work number=71,377 progress=94.7% api_total=75,333
2026-08-05 13:27:17,120 INFO src.pipeline.kaggle_collect_openalex_sri_lanka: Saved Sri Lankan-affiliated work number=71,378 progress=94.7% api_total=75,333
2026-08-05 13:27:17,120 INFO src.pipeline.kaggle_collect_openalex_sri_lanka: Saved Sri Lankan-affiliated work number=71,379 progress=94.8% api_total=75,333
2026-08-05 13:27:17,120 INFO src.pipeline.kaggle_collect_openalex_sri_lanka: Saved Sri Lankan-affiliated work number=71,380 progress=94.8% api_total=75,333
2026-08-05 13:27:17,121 INFO src.pipeline.kaggle_collect_openalex_sri_lanka: Saved Sri Lankan-affiliated work number=71,381 progress=94.8% api_total=75,333
2026-08-05 13:27:17,121 INFO src.pipeline.kaggle_collect_openalex_sri_lanka: Saved Sri Lankan-affiliated work number=71,382 progress=94.8% api_total=75,333
2026-08-05 13:27:17,121 INFO src.pipeline.kaggle_collect_openalex_sri_lanka: Saved Sri Lankan-affiliated work number=71,383 progress=94.8% api_total=75,333
2026-08-05 13:27:17,122 INFO src.pipeline.kaggle_collect_openalex_sri_lanka: Saved Sri Lankan-affiliated work number=71,384 progress=94.8% api_total=75,333
2026-08-05 13:27:17,122 INFO src.pipeline.kaggle_collect_openalex_sri_lanka: Saved Sri Lankan-affiliated work number=71,385 progress=94.8% api_total=75,333
2026-08-05 13:27:17,122 INFO src.pipeline.kaggle_collect_openalex_sri_lanka: Saved Sri Lankan-affiliated work number=71,386 progress=94.8% api_total=75,333
2026-08-05 13:27:17,123 INFO src.pipeline.kaggle_collect_openalex_sri_lanka: Saved Sri Lankan-affiliated work number=71,387 progress=94.8% api_total=75,333
2026-08-05 13:27:17,123 INFO src.pipeline.kaggle_collect_openalex_sri_lanka: Saved Sri Lankan-affiliated work number=71,388 progress=94.8% api_total=75,333
2026-08-05 13:27:17,124 INFO src.pipeline.kaggle_collect_openalex_sri_lanka: Saved Sri Lankan-affiliated work number=71,389 progress=94.8% api_total=75,333
2026-08-05 13:27:17,124 INFO src.pipeline.kaggle_collect_openalex_sri_lanka: Saved Sri Lankan-affiliated work number=71,390 progress=94.8% api_total=75,333
2026-08-05 13:27:17,125 INFO src.pipeline.kaggle_collect_openalex_sri_lanka: Saved Sri Lankan-affiliated work number=71,391 progress=94.8% api_total=75,333
2026-08-05 13:27:17,125 INFO src.pipeline.kaggle_collect_openalex_sri_lanka: Saved Sri Lankan-affiliated work number=71,392 progress=94.8% api_total=75,333
2026-08-05 13:27:17,125 INFO src.pipeline.kaggle_collect_openalex_sri_lanka: Saved Sri Lankan-affiliated work number=71,393 progress=94.8% api_total=75,333
2026-08-05 13:27:17,125 INFO src.pipeline.kaggle_collect_openalex_sri_lanka: Saved Sri Lankan-affiliated work number=71,394 progress=94.8% api_total=75,333
2026-08-05 13:27:17,126 INFO src.pipeline.kaggle_collect_openalex_sri_lanka: Saved Sri Lankan-affiliated work number=71,395 progress=94.8% api_total=75,333
2026-08-05 13:27:17,126 INFO src.pipeline.kaggle_collect_openalex_sri_lanka: Saved Sri Lankan-affiliated work number=71,396 progress=94.8% api_total=75,333
2026-08-05 13:27:17,126 INFO src.pipeline.kaggle_collect_openalex_sri_lanka: Saved Sri Lankan-affiliated work number=71,397 progress=94.8% api_total=75,333
2026-08-05 13:27:17,127 INFO src.pipeline.kaggle_collect_openalex_sri_lanka: Saved Sri Lankan-affiliated work number=71,398 progress=94.8% api_total=75,333
2026-08-05 13:27:17,127 INFO src.pipeline.kaggle_collect_openalex_sri_lanka: Saved Sri Lankan-affiliated work number=71,399 progress=94.8% api_total=75,333
2026-08-05 13:27:17,127 INFO src.pipeline.kaggle_collect_openalex_sri_lanka: Saved Sri Lankan-affiliated work number=71,400 progress=94.8% api_total=75,333
2026-08-05 13:27:17,128 INFO src.pipeline.kaggle_collect_openalex_sri_lanka: Saved Sri Lankan-affiliated work number=71,401 progress=94.8% api_total=75,333
2026-08-05 13:27:17,128 INFO src.pipeline.kaggle_collect_openalex_sri_lanka: Saved Sri Lankan-affiliated work number=71,402 progress=94.8% api_total=75,333
2026-08-05 13:27:17,129 INFO src.pipeline.kaggle_collect_openalex_sri_lanka: Saved Sri Lankan-affiliated work number=71,403 progress=94.8% api_total=75,333
2026-08-05 13:27:17,129 INFO src.pipeline.kaggle_collect_openalex_sri_lanka: Saved Sri Lankan-affiliated work number=71,404 progress=94.8% api_total=75,333
2026-08-05 13:27:17,130 INFO src.pipeline.kaggle_collect_openalex_sri_lanka: Saved Sri Lankan-affiliated work number=71,405 progress=94.8% api_total=75,333
2026-08-05 13:27:17,130 INFO src.pipeline.kaggle_collect_openalex_sri_lanka: Saved Sri Lankan-affiliated work number=71,406 progress=94.8% api_total=75,333
2026-08-05 13:27:17,130 INFO src.pipeline.kaggle_collect_openalex_sri_lanka: Saved Sri Lankan-affiliated work number=71,407 progress=94.8% api_total=75,333
2026-08-05 13:27:17,131 INFO src.pipeline.kaggle_collect_openalex_sri_lanka: Saved Sri Lankan-affiliated work number=71,408 progress=94.8% api_total=75,333
2026-08-05 13:27:17,131 INFO src.pipeline.kaggle_collect_openalex_sri_lanka: Saved Sri Lankan-affiliated work number=71,409 progress=94.8% api_total=75,333
2026-08-05 13:27:17,131 INFO src.pipeline.kaggle_collect_openalex_sri_lanka: Saved Sri Lankan-affiliated work number=71,410 progress=94.8% api_total=75,333
2026-08-05 13:27:17,132 INFO src.pipeline.kaggle_collect_openalex_sri_lanka: Saved Sri Lankan-affiliated work number=71,411 progress=94.8% api_total=75,333
2026-08-05 13:27:17,132 INFO src.pipeline.kaggle_collect_openalex_sri_lanka: Saved Sri Lankan-affiliated work number=71,412 progress=94.8% api_total=75,333
2026-08-05 13:27:17,132 INFO src.pipeline.kaggle_collect_openalex_sri_lanka: Saved Sri Lankan-affiliated work number=71,413 progress=94.8% api_total=75,333
2026-08-05 13:27:17,133 INFO src.pipeline.kaggle_collect_openalex_sri_lanka: Saved Sri Lankan-affiliated work number=71,414 progress=94.8% api_total=75,333
2026-08-05 13:27:17,133 INFO src.pipeline.kaggle_collect_openalex_sri_lanka: Saved Sri Lankan-affiliated work number=71,415 progress=94.8% api_total=75,333
2026-08-05 13:27:17,133 INFO src.pipeline.kaggle_collect_openalex_sri_lanka: Saved Sri Lankan-affiliated work number=71,416 progress=94.8% api_total=75,333
2026-08-05 13:27:17,133 INFO src.pipeline.kaggle_collect_openalex_sri_lanka: Saved Sri Lankan-affiliated work number=71,417 progress=94.8% api_total=75,333
2026-08-05 13:27:17,134 INFO src.pipeline.kaggle_collect_openalex_sri_lanka: Saved Sri Lankan-affiliated work number=71,418 progress=94.8% api_total=75,333
2026-08-05 13:27:17,134 INFO src.pipeline.kaggle_collect_openalex_sri_lanka: Saved Sri Lankan-affiliated work number=71,419 progress=94.8% api_total=75,333
2026-08-05 13:27:17,134 INFO src.pipeline.kaggle_collect_openalex_sri_lanka: Saved Sri Lankan-affiliated work number=71,420 progress=94.8% api_total=75,333
2026-08-05 13:27:17,135 INFO src.pipeline.kaggle_collect_openalex_sri_lanka: Saved Sri Lankan-affiliated work number=71,421 progress=94.8% api_total=75,333
2026-08-05 13:27:17,135 INFO src.pipeline.kaggle_collect_openalex_sri_lanka: Saved Sri Lankan-affiliated work number=71,422 progress=94.8% api_total=75,333
2026-08-05 13:27:17,135 INFO src.pipeline.kaggle_collect_openalex_sri_lanka: Saved Sri Lankan-affiliated work number=71,423 progress=94.8% api_total=75,333
2026-08-05 13:27:17,136 INFO src.pipeline.kaggle_collect_openalex_sri_lanka: Saved Sri Lankan-affiliated work number=71,424 progress=94.8% api_total=75,333
2026-08-05 13:27:17,136 INFO src.pipeline.kaggle_collect_openalex_sri_lanka: Saved Sri Lankan-affiliated work number=71,425 progress=94.8% api_total=75,333
2026-08-05 13:27:17,136 INFO src.pipeline.kaggle_collect_openalex_sri_lanka: Saved Sri Lankan-affiliated work number=71,426 progress=94.8% api_total=75,333
2026-08-05 13:27:17,137 INFO src.pipeline.kaggle_collect_openalex_sri_lanka: Saved Sri Lankan-affiliated work number=71,427 progress=94.8% api_total=75,333
2026-08-05 13:27:17,137 INFO src.pipeline.kaggle_collect_openalex_sri_lanka: Saved Sri Lankan-affiliated work number=71,428 progress=94.8% api_total=75,333
2026-08-05 13:27:17,137 INFO src.pipeline.kaggle_collect_openalex_sri_lanka: Saved Sri Lankan-affiliated work number=71,429 progress=94.8% api_total=75,333
2026-08-05 13:27:17,138 INFO src.pipeline.kaggle_collect_openalex_sri_lanka: Saved Sri Lankan-affiliated work number=71,430 progress=94.8% api_total=75,333
2026-08-05 13:27:17,138 INFO src.pipeline.kaggle_collect_openalex_sri_lanka: Saved Sri Lankan-affiliated work number=71,431 progress=94.8% api_total=75,333
2026-08-05 13:27:17,138 INFO src.pipeline.kaggle_collect_openalex_sri_lanka: Saved Sri Lankan-affiliated work number=71,432 progress=94.8% api_total=75,333
2026-08-05 13:27:17,139 INFO src.pipeline.kaggle_collect_openalex_sri_lanka: Saved Sri Lankan-affiliated work number=71,433 progress=94.8% api_total=75,333
2026-08-05 13:27:17,139 INFO src.pipeline.kaggle_collect_openalex_sri_lanka: Saved Sri Lankan-affiliated work number=71,434 progress=94.8% api_total=75,333
2026-08-05 13:27:17,139 INFO src.pipeline.kaggle_collect_openalex_sri_lanka: Saved Sri Lankan-affiliated work number=71,435 progress=94.8% api_total=75,333
2026-08-05 13:27:17,140 INFO src.pipeline.kaggle_collect_openalex_sri_lanka: Saved Sri Lankan-affiliated work number=71,436 progress=94.8% api_total=75,333
2026-08-05 13:27:17,140 INFO src.pipeline.kaggle_collect_openalex_sri_lanka: Saved Sri Lankan-affiliated work number=71,437 progress=94.8% api_total=75,333
2026-08-05 13:27:17,141 INFO src.pipeline.kaggle_collect_openalex_sri_lanka: Saved Sri Lankan-affiliated work number=71,438 progress=94.8% api_total=75,333
2026-08-05 13:27:17,141 INFO src.pipeline.kaggle_collect_openalex_sri_lanka: Saved Sri Lankan-affiliated work number=71,439 progress=94.8% api_total=75,333
2026-08-05 13:27:17,141 INFO src.pipeline.kaggle_collect_openalex_sri_lanka: Saved Sri Lankan-affiliated work number=71,440 progress=94.8% api_total=75,333
2026-08-05 13:27:17,142 INFO src.pipeline.kaggle_collect_openalex_sri_lanka: Saved Sri Lankan-affiliated work number=71,441 progress=94.8% api_total=75,333
2026-08-05 13:27:17,142 INFO src.pipeline.kaggle_collect_openalex_sri_lanka: Saved Sri Lankan-affiliated work number=71,442 progress=94.8% api_total=75,333
2026-08-05 13:27:17,142 INFO src.pipeline.kaggle_collect_openalex_sri_lanka: Saved Sri Lankan-affiliated work number=71,443 progress=94.8% api_total=75,333
2026-08-05 13:27:17,142 INFO src.pipeline.kaggle_collect_openalex_sri_lanka: Saved Sri Lankan-affiliated work number=71,444 progress=94.8% api_total=75,333
2026-08-05 13:27:17,143 INFO src.pipeline.kaggle_collect_openalex_sri_lanka: Saved Sri Lankan-affiliated work number=71,445 progress=94.8% api_total=75,333
2026-08-05 13:27:17,143 INFO src.pipeline.kaggle_collect_openalex_sri_lanka: Saved Sri Lankan-affiliated work number=71,446 progress=94.8% api_total=75,333
2026-08-05 13:27:17,143 INFO src.pipeline.kaggle_collect_openalex_sri_lanka: Saved Sri Lankan-affiliated work number=71,447 progress=94.8% api_total=75,333
2026-08-05 13:27:17,143 INFO src.pipeline.kaggle_collect_openalex_sri_lanka: Saved Sri Lankan-affiliated work number=71,448 progress=94.8% api_total=75,333
2026-08-05 13:27:25,668 INFO src.collectors.openalex_collector: Fetched OpenAlex page page=7/377 progress=1.9% fetched=200 kept=200 skipped=0 next_cursor=yes
2026-08-05 13:27:25,673 INFO src.pipeline.kaggle_collect_openalex_sri_lanka: Saved Sri Lankan-affiliated work number=71,449 progress=94.8% api_total=75,333
2026-08-05 13:27:25,674 INFO src.pipeline.kaggle_collect_openalex_sri_lanka: Saved Sri Lankan-affiliated work number=71,450 progress=94.8% api_total=75,333
2026-08-05 13:27:25,674 INFO src.pipeline.kaggle_collect_openalex_sri_lanka: Saved Sri Lankan-affiliated work number=71,451 progress=94.8% api_total=75,333
2026-08-05 13:27:25,674 INFO src.pipeline.kaggle_collect_openalex_sri_lanka: Saved Sri Lankan-affiliated work number=71,452 progress=94.8% api_total=75,333
2026-08-05 13:27:25,675 INFO src.pipeline.kaggle_collect_openalex_sri_lanka: Saved Sri Lankan-affiliated work number=71,453 progress=94.8% api_total=75,333
2026-08-05 13:27:25,675 INFO src.pipeline.kaggle_collect_openalex_sri_lanka: Saved Sri Lankan-affiliated work number=71,454 progress=94.9% api_total=75,333
2026-08-05 13:27:25,675 INFO src.pipeline.kaggle_collect_openalex_sri_lanka: Saved Sri Lankan-affiliated work number=71,455 progress=94.9% api_total=75,333
2026-08-05 13:27:25,676 INFO src.pipeline.kaggle_collect_openalex_sri_lanka: Saved Sri Lankan-affiliated work number=71,456 progress=94.9% api_total=75,333
2026-08-05 13:27:25,676 INFO src.pipeline.kaggle_collect_openalex_sri_lanka: Saved Sri Lankan-affiliated work number=71,457 progress=94.9% api_total=75,333
2026-08-05 13:27:25,676 INFO src.pipeline.kaggle_collect_openalex_sri_lanka: Saved Sri Lankan-affiliated work number=71,458 progress=94.9% api_total=75,333
2026-08-05 13:27:25,677 INFO src.pipeline.kaggle_collect_openalex_sri_lanka: Saved Sri Lankan-affiliated work number=71,459 progress=94.9% api_total=75,333
2026-08-05 13:27:25,677 INFO src.pipeline.kaggle_collect_openalex_sri_lanka: Saved Sri Lankan-affiliated work number=71,460 progress=94.9% api_total=75,333
2026-08-05 13:27:25,678 INFO src.pipeline.kaggle_collect_openalex_sri_lanka: Saved Sri Lankan-affiliated work number=71,461 progress=94.9% api_total=75,333
2026-08-05 13:27:25,679 INFO src.pipeline.kaggle_collect_openalex_sri_lanka: Saved Sri Lankan-affiliated work number=71,462 progress=94.9% api_total=75,333
2026-08-05 13:27:25,680 INFO src.pipeline.kaggle_collect_openalex_sri_lanka: Saved Sri Lankan-affiliated work number=71,463 progress=94.9% api_total=75,333
2026-08-05 13:27:25,680 INFO src.pipeline.kaggle_collect_openalex_sri_lanka: Saved Sri Lankan-affiliated work number=71,464 progress=94.9% api_total=75,333
2026-08-05 13:27:25,681 INFO src.pipeline.kaggle_collect_openalex_sri_lanka: Saved Sri Lankan-affiliated work number=71,465 progress=94.9% api_total=75,333
2026-08-05 13:27:25,681 INFO src.pipeline.kaggle_collect_openalex_sri_lanka: Saved Sri Lankan-affiliated work number=71,466 progress=94.9% api_total=75,333
2026-08-05 13:27:25,681 INFO src.pipeline.kaggle_collect_openalex_sri_lanka: Saved Sri Lankan-affiliated work number=71,467 progress=94.9% api_total=75,333
2026-08-05 13:27:25,682 INFO src.pipeline.kaggle_collect_openalex_sri_lanka: Saved Sri Lankan-affiliated work number=71,468 progress=94.9% api_total=75,333
2026-08-05 13:27:25,682 INFO src.pipeline.kaggle_collect_openalex_sri_lanka: Saved Sri Lankan-affiliated work number=71,469 progress=94.9% api_total=75,333
2026-08-05 13:27:25,682 INFO src.pipeline.kaggle_collect_openalex_sri_lanka: Saved Sri Lankan-affiliated work number=71,470 progress=94.9% api_total=75,333
2026-08-05 13:27:25,682 INFO src.pipeline.kaggle_collect_openalex_sri_lanka: Saved Sri Lankan-affiliated work number=71,471 progress=94.9% api_total=75,333
2026-08-05 13:27:25,683 INFO src.pipeline.kaggle_collect_openalex_sri_lanka: Saved Sri Lankan-affiliated work number=71,472 progress=94.9% api_total=75,333
2026-08-05 13:27:25,683 INFO src.pipeline.kaggle_collect_openalex_sri_lanka: Saved Sri Lankan-affiliated work number=71,473 progress=94.9% api_total=75,333
2026-08-05 13:27:25,683 INFO src.pipeline.kaggle_collect_openalex_sri_lanka: Saved Sri Lankan-affiliated work number=71,474 progress=94.9% api_total=75,333
2026-08-05 13:27:25,684 INFO src.pipeline.kaggle_collect_openalex_sri_lanka: Saved Sri Lankan-affiliated work number=71,475 progress=94.9% api_total=75,333
2026-08-05 13:27:25,684 INFO src.pipeline.kaggle_collect_openalex_sri_lanka: Saved Sri Lankan-affiliated work number=71,476 progress=94.9% api_total=75,333
2026-08-05 13:27:25,685 INFO src.pipeline.kaggle_collect_openalex_sri_lanka: Saved Sri Lankan-affiliated work number=71,477 progress=94.9% api_total=75,333
2026-08-05 13:27:25,685 INFO src.pipeline.kaggle_collect_openalex_sri_lanka: Saved Sri Lankan-affiliated work number=71,478 progress=94.9% api_total=75,333
2026-08-05 13:27:25,685 INFO src.pipeline.kaggle_collect_openalex_sri_lanka: Saved Sri Lankan-affiliated work number=71,479 progress=94.9% api_total=75,333
2026-08-05 13:27:25,686 INFO src.pipeline.kaggle_collect_openalex_sri_lanka: Saved Sri Lankan-affiliated work number=71,480 progress=94.9% api_total=75,333
2026-08-05 13:27:25,686 INFO src.pipeline.kaggle_collect_openalex_sri_lanka: Saved Sri Lankan-affiliated work number=71,481 progress=94.9% api_total=75,333
2026-08-05 13:27:25,686 INFO src.pipeline.kaggle_collect_openalex_sri_lanka: Saved Sri Lankan-affiliated work number=71,482 progress=94.9% api_total=75,333
2026-08-05 13:27:25,687 INFO src.pipeline.kaggle_collect_openalex_sri_lanka: Saved Sri Lankan-affiliated work number=71,483 progress=94.9% api_total=75,333
2026-08-05 13:27:25,687 INFO src.pipeline.kaggle_collect_openalex_sri_lanka: Saved Sri Lankan-affiliated work number=71,484 progress=94.9% api_total=75,333
2026-08-05 13:27:25,687 INFO src.pipeline.kaggle_collect_openalex_sri_lanka: Saved Sri Lankan-affiliated work number=71,485 progress=94.9% api_total=75,333
2026-08-05 13:27:25,688 INFO src.pipeline.kaggle_collect_openalex_sri_lanka: Saved Sri Lankan-affiliated work number=71,486 progress=94.9% api_total=75,333
2026-08-05 13:27:25,688 INFO src.pipeline.kaggle_collect_openalex_sri_lanka: Saved Sri Lankan-affiliated work number=71,487 progress=94.9% api_total=75,333
2026-08-05 13:27:25,688 INFO src.pipeline.kaggle_collect_openalex_sri_lanka: Saved Sri Lankan-affiliated work number=71,488 progress=94.9% api_total=75,333
2026-08-05 13:27:25,689 INFO src.pipeline.kaggle_collect_openalex_sri_lanka: Saved Sri Lankan-affiliated work number=71,489 progress=94.9% api_total=75,333
2026-08-05 13:27:25,689 INFO src.pipeline.kaggle_collect_openalex_sri_lanka: Saved Sri Lankan-affiliated work number=71,490 progress=94.9% api_total=75,333
2026-08-05 13:27:25,689 INFO src.pipeline.kaggle_collect_openalex_sri_lanka: Saved Sri Lankan-affiliated work number=71,491 progress=94.9% api_total=75,333
2026-08-05 13:27:25,689 INFO src.pipeline.kaggle_collect_openalex_sri_lanka: Saved Sri Lankan-affiliated work number=71,492 progress=94.9% api_total=75,333
2026-08-05 13:27:25,690 INFO src.pipeline.kaggle_collect_openalex_sri_lanka: Saved Sri Lankan-affiliated work number=71,493 progress=94.9% api_total=75,333
2026-08-05 13:27:25,690 INFO src.pipeline.kaggle_collect_openalex_sri_lanka: Saved Sri Lankan-affiliated work number=71,494 progress=94.9% api_total=75,333
2026-08-05 13:27:25,690 INFO src.pipeline.kaggle_collect_openalex_sri_lanka: Saved Sri Lankan-affiliated work number=71,495 progress=94.9% api_total=75,333
2026-08-05 13:27:25,691 INFO src.pipeline.kaggle_collect_openalex_sri_lanka: Saved Sri Lankan-affiliated work number=71,496 progress=94.9% api_total=75,333
2026-08-05 13:27:25,691 INFO src.pipeline.kaggle_collect_openalex_sri_lanka: Saved Sri Lankan-affiliated work number=71,497 progress=94.9% api_total=75,333
2026-08-05 13:27:25,691 INFO src.pipeline.kaggle_collect_openalex_sri_lanka: Saved Sri Lankan-affiliated work number=71,498 progress=94.9% api_total=75,333
2026-08-05 13:27:25,691 INFO src.pipeline.kaggle_collect_openalex_sri_lanka: Saved Sri Lankan-affiliated work number=71,499 progress=94.9% api_total=75,333
2026-08-05 13:27:25,692 INFO src.pipeline.kaggle_collect_openalex_sri_lanka: Saved Sri Lankan-affiliated work number=71,500 progress=94.9% api_total=75,333
2026-08-05 13:27:25,692 INFO src.pipeline.kaggle_collect_openalex_sri_lanka: Saved Sri Lankan-affiliated work number=71,501 progress=94.9% api_total=75,333
2026-08-05 13:27:25,692 INFO src.pipeline.kaggle_collect_openalex_sri_lanka: Saved Sri Lankan-affiliated work number=71,502 progress=94.9% api_total=75,333
2026-08-05 13:27:25,692 INFO src.pipeline.kaggle_collect_openalex_sri_lanka: Saved Sri Lankan-affiliated work number=71,503 progress=94.9% api_total=75,333
2026-08-05 13:27:25,693 INFO src.pipeline.kaggle_collect_openalex_sri_lanka: Saved Sri Lankan-affiliated work number=71,504 progress=94.9% api_total=75,333
2026-08-05 13:27:25,693 INFO src.pipeline.kaggle_collect_openalex_sri_lanka: Saved Sri Lankan-affiliated work number=71,505 progress=94.9% api_total=75,333
2026-08-05 13:27:25,693 INFO src.pipeline.kaggle_collect_openalex_sri_lanka: Saved Sri Lankan-affiliated work number=71,506 progress=94.9% api_total=75,333
2026-08-05 13:27:25,694 INFO src.pipeline.kaggle_collect_openalex_sri_lanka: Saved Sri Lankan-affiliated work number=71,507 progress=94.9% api_total=75,333
2026-08-05 13:27:25,694 INFO src.pipeline.kaggle_collect_openalex_sri_lanka: Saved Sri Lankan-affiliated work number=71,508 progress=94.9% api_total=75,333
2026-08-05 13:27:25,695 INFO src.pipeline.kaggle_collect_openalex_sri_lanka: Saved Sri Lankan-affiliated work number=71,509 progress=94.9% api_total=75,333
2026-08-05 13:27:25,695 INFO src.pipeline.kaggle_collect_openalex_sri_lanka: Saved Sri Lankan-affiliated work number=71,510 progress=94.9% api_total=75,333
2026-08-05 13:27:25,695 INFO src.pipeline.kaggle_collect_openalex_sri_lanka: Saved Sri Lankan-affiliated work number=71,511 progress=94.9% api_total=75,333
2026-08-05 13:27:25,696 INFO src.pipeline.kaggle_collect_openalex_sri_lanka: Saved Sri Lankan-affiliated work number=71,512 progress=94.9% api_total=75,333
2026-08-05 13:27:25,697 INFO src.pipeline.kaggle_collect_openalex_sri_lanka: Saved Sri Lankan-affiliated work number=71,513 progress=94.9% api_total=75,333
2026-08-05 13:27:25,698 INFO src.pipeline.kaggle_collect_openalex_sri_lanka: Saved Sri Lankan-affiliated work number=71,514 progress=94.9% api_total=75,333
2026-08-05 13:27:25,698 INFO src.pipeline.kaggle_collect_openalex_sri_lanka: Saved Sri Lankan-affiliated work number=71,515 progress=94.9% api_total=75,333
2026-08-05 13:27:25,698 INFO src.pipeline.kaggle_collect_openalex_sri_lanka: Saved Sri Lankan-affiliated work number=71,516 progress=94.9% api_total=75,333
2026-08-05 13:27:25,699 INFO src.pipeline.kaggle_collect_openalex_sri_lanka: Saved Sri Lankan-affiliated work number=71,517 progress=94.9% api_total=75,333
2026-08-05 13:27:25,699 INFO src.pipeline.kaggle_collect_openalex_sri_lanka: Saved Sri Lankan-affiliated work number=71,518 progress=94.9% api_total=75,333
2026-08-05 13:27:25,699 INFO src.pipeline.kaggle_collect_openalex_sri_lanka: Saved Sri Lankan-affiliated work number=71,519 progress=94.9% api_total=75,333
2026-08-05 13:27:25,700 INFO src.pipeline.kaggle_collect_openalex_sri_lanka: Saved Sri Lankan-affiliated work number=71,520 progress=94.9% api_total=75,333
2026-08-05 13:27:25,700 INFO src.pipeline.kaggle_collect_openalex_sri_lanka: Saved Sri Lankan-affiliated work number=71,521 progress=94.9% api_total=75,333
2026-08-05 13:27:25,700 INFO src.pipeline.kaggle_collect_openalex_sri_lanka: Saved Sri Lankan-affiliated work number=71,522 progress=94.9% api_total=75,333
2026-08-05 13:27:25,700 INFO src.pipeline.kaggle_collect_openalex_sri_lanka: Saved Sri Lankan-affiliated work number=71,523 progress=94.9% api_total=75,333
2026-08-05 13:27:25,701 INFO src.pipeline.kaggle_collect_openalex_sri_lanka: Saved Sri Lankan-affiliated work number=71,524 progress=94.9% api_total=75,333
2026-08-05 13:27:25,701 INFO src.pipeline.kaggle_collect_openalex_sri_lanka: Saved Sri Lankan-affiliated work number=71,525 progress=94.9% api_total=75,333
2026-08-05 13:27:25,701 INFO src.pipeline.kaggle_collect_openalex_sri_lanka: Saved Sri Lankan-affiliated work number=71,526 progress=94.9% api_total=75,333
2026-08-05 13:27:25,702 INFO src.pipeline.kaggle_collect_openalex_sri_lanka: Saved Sri Lankan-affiliated work number=71,527 progress=94.9% api_total=75,333
2026-08-05 13:27:25,702 INFO src.pipeline.kaggle_collect_openalex_sri_lanka: Saved Sri Lankan-affiliated work number=71,528 progress=94.9% api_total=75,333
2026-08-05 13:27:25,702 INFO src.pipeline.kaggle_collect_openalex_sri_lanka: Saved Sri Lankan-affiliated work number=71,529 progress=95.0% api_total=75,333
2026-08-05 13:27:25,703 INFO src.pipeline.kaggle_collect_openalex_sri_lanka: Saved Sri Lankan-affiliated work number=71,530 progress=95.0% api_total=75,333
2026-08-05 13:27:25,703 INFO src.pipeline.kaggle_collect_openalex_sri_lanka: Saved Sri Lankan-affiliated work number=71,531 progress=95.0% api_total=75,333
2026-08-05 13:27:25,703 INFO src.pipeline.kaggle_collect_openalex_sri_lanka: Saved Sri Lankan-affiliated work number=71,532 progress=95.0% api_total=75,333
2026-08-05 13:27:25,704 INFO src.pipeline.kaggle_collect_openalex_sri_lanka: Saved Sri Lankan-affiliated work number=71,533 progress=95.0% api_total=75,333
2026-08-05 13:27:25,704 INFO src.pipeline.kaggle_collect_openalex_sri_lanka: Saved Sri Lankan-affiliated work number=71,534 progress=95.0% api_total=75,333
2026-08-05 13:27:25,704 INFO src.pipeline.kaggle_collect_openalex_sri_lanka: Saved Sri Lankan-affiliated work number=71,535 progress=95.0% api_total=75,333
2026-08-05 13:27:25,705 INFO src.pipeline.kaggle_collect_openalex_sri_lanka: Saved Sri Lankan-affiliated work number=71,536 progress=95.0% api_total=75,333
2026-08-05 13:27:25,705 INFO src.pipeline.kaggle_collect_openalex_sri_lanka: Saved Sri Lankan-affiliated work number=71,537 progress=95.0% api_total=75,333
2026-08-05 13:27:25,706 INFO src.pipeline.kaggle_collect_openalex_sri_lanka: Saved Sri Lankan-affiliated work number=71,538 progress=95.0% api_total=75,333
2026-08-05 13:27:25,706 INFO src.pipeline.kaggle_collect_openalex_sri_lanka: Saved Sri Lankan-affiliated work number=71,539 progress=95.0% api_total=75,333
2026-08-05 13:27:25,707 INFO src.pipeline.kaggle_collect_openalex_sri_lanka: Saved Sri Lankan-affiliated work number=71,540 progress=95.0% api_total=75,333
2026-08-05 13:27:25,707 INFO src.pipeline.kaggle_collect_openalex_sri_lanka: Saved Sri Lankan-affiliated work number=71,541 progress=95.0% api_total=75,333
2026-08-05 13:27:25,707 INFO src.pipeline.kaggle_collect_openalex_sri_lanka: Saved Sri Lankan-affiliated work number=71,542 progress=95.0% api_total=75,333
2026-08-05 13:27:25,707 INFO src.pipeline.kaggle_collect_openalex_sri_lanka: Saved Sri Lankan-affiliated work number=71,543 progress=95.0% api_total=75,333
2026-08-05 13:27:25,708 INFO src.pipeline.kaggle_collect_openalex_sri_lanka: Saved Sri Lankan-affiliated work number=71,544 progress=95.0% api_total=75,333
2026-08-05 13:27:25,708 INFO src.pipeline.kaggle_collect_openalex_sri_lanka: Saved Sri Lankan-affiliated work number=71,545 progress=95.0% api_total=75,333
2026-08-05 13:27:25,708 INFO src.pipeline.kaggle_collect_openalex_sri_lanka: Saved Sri Lankan-affiliated work number=71,546 progress=95.0% api_total=75,333
2026-08-05 13:27:25,709 INFO src.pipeline.kaggle_collect_openalex_sri_lanka: Saved Sri Lankan-affiliated work number=71,547 progress=95.0% api_total=75,333
2026-08-05 13:27:25,709 INFO src.pipeline.kaggle_collect_openalex_sri_lanka: Saved Sri Lankan-affiliated work number=71,548 progress=95.0% api_total=75,333
2026-08-05 13:27:25,710 INFO src.pipeline.kaggle_collect_openalex_sri_lanka: Saved Sri Lankan-affiliated work number=71,549 progress=95.0% api_total=75,333
2026-08-05 13:27:25,710 INFO src.pipeline.kaggle_collect_openalex_sri_lanka: Saved Sri Lankan-affiliated work number=71,550 progress=95.0% api_total=75,333
2026-08-05 13:27:25,711 INFO src.pipeline.kaggle_collect_openalex_sri_lanka: Saved Sri Lankan-affiliated work number=71,551 progress=95.0% api_total=75,333
2026-08-05 13:27:25,711 INFO src.pipeline.kaggle_collect_openalex_sri_lanka: Saved Sri Lankan-affiliated work number=71,552 progress=95.0% api_total=75,333
2026-08-05 13:27:25,712 INFO src.pipeline.kaggle_collect_openalex_sri_lanka: Saved Sri Lankan-affiliated work number=71,553 progress=95.0% api_total=75,333
2026-08-05 13:27:25,712 INFO src.pipeline.kaggle_collect_openalex_sri_lanka: Saved Sri Lankan-affiliated work number=71,554 progress=95.0% api_total=75,333
2026-08-05 13:27:25,713 INFO src.pipeline.kaggle_collect_openalex_sri_lanka: Saved Sri Lankan-affiliated work number=71,555 progress=95.0% api_total=75,333
2026-08-05 13:27:25,713 INFO src.pipeline.kaggle_collect_openalex_sri_lanka: Saved Sri Lankan-affiliated work number=71,556 progress=95.0% api_total=75,333
2026-08-05 13:27:25,714 INFO src.pipeline.kaggle_collect_openalex_sri_lanka: Saved Sri Lankan-affiliated work number=71,557 progress=95.0% api_total=75,333
2026-08-05 13:27:25,714 INFO src.pipeline.kaggle_collect_openalex_sri_lanka: Saved Sri Lankan-affiliated work number=71,558 progress=95.0% api_total=75,333
2026-08-05 13:27:25,715 INFO src.pipeline.kaggle_collect_openalex_sri_lanka: Saved Sri Lankan-affiliated work number=71,559 progress=95.0% api_total=75,333
2026-08-05 13:27:25,716 INFO src.pipeline.kaggle_collect_openalex_sri_lanka: Saved Sri Lankan-affiliated work number=71,560 progress=95.0% api_total=75,333
2026-08-05 13:27:25,716 INFO src.pipeline.kaggle_collect_openalex_sri_lanka: Saved Sri Lankan-affiliated work number=71,561 progress=95.0% api_total=75,333
2026-08-05 13:27:25,716 INFO src.pipeline.kaggle_collect_openalex_sri_lanka: Saved Sri Lankan-affiliated work number=71,562 progress=95.0% api_total=75,333
2026-08-05 13:27:25,717 INFO src.pipeline.kaggle_collect_openalex_sri_lanka: Saved Sri Lankan-affiliated work number=71,563 progress=95.0% api_total=75,333
2026-08-05 13:27:25,717 INFO src.pipeline.kaggle_collect_openalex_sri_lanka: Saved Sri Lankan-affiliated work number=71,564 progress=95.0% api_total=75,333
2026-08-05 13:27:25,718 INFO src.pipeline.kaggle_collect_openalex_sri_lanka: Saved Sri Lankan-affiliated work number=71,565 progress=95.0% api_total=75,333
2026-08-05 13:27:25,718 INFO src.pipeline.kaggle_collect_openalex_sri_lanka: Saved Sri Lankan-affiliated work number=71,566 progress=95.0% api_total=75,333
2026-08-05 13:27:25,718 INFO src.pipeline.kaggle_collect_openalex_sri_lanka: Saved Sri Lankan-affiliated work number=71,567 progress=95.0% api_total=75,333
2026-08-05 13:27:25,719 INFO src.pipeline.kaggle_collect_openalex_sri_lanka: Saved Sri Lankan-affiliated work number=71,568 progress=95.0% api_total=75,333
2026-08-05 13:27:25,720 INFO src.pipeline.kaggle_collect_openalex_sri_lanka: Saved Sri Lankan-affiliated work number=71,569 progress=95.0% api_total=75,333
2026-08-05 13:27:25,720 INFO src.pipeline.kaggle_collect_openalex_sri_lanka: Saved Sri Lankan-affiliated work number=71,570 progress=95.0% api_total=75,333
2026-08-05 13:27:25,721 INFO src.pipeline.kaggle_collect_openalex_sri_lanka: Saved Sri Lankan-affiliated work number=71,571 progress=95.0% api_total=75,333
2026-08-05 13:27:25,721 INFO src.pipeline.kaggle_collect_openalex_sri_lanka: Saved Sri Lankan-affiliated work number=71,572 progress=95.0% api_total=75,333
2026-08-05 13:27:25,721 INFO src.pipeline.kaggle_collect_openalex_sri_lanka: Saved Sri Lankan-affiliated work number=71,573 progress=95.0% api_total=75,333
2026-08-05 13:27:25,722 INFO src.pipeline.kaggle_collect_openalex_sri_lanka: Saved Sri Lankan-affiliated work number=71,574 progress=95.0% api_total=75,333
2026-08-05 13:27:25,722 INFO src.pipeline.kaggle_collect_openalex_sri_lanka: Saved Sri Lankan-affiliated work number=71,575 progress=95.0% api_total=75,333
2026-08-05 13:27:25,723 INFO src.pipeline.kaggle_collect_openalex_sri_lanka: Saved Sri Lankan-affiliated work number=71,576 progress=95.0% api_total=75,333
2026-08-05 13:27:25,724 INFO src.pipeline.kaggle_collect_openalex_sri_lanka: Saved Sri Lankan-affiliated work number=71,577 progress=95.0% api_total=75,333
2026-08-05 13:27:25,724 INFO src.pipeline.kaggle_collect_openalex_sri_lanka: Saved Sri Lankan-affiliated work number=71,578 progress=95.0% api_total=75,333
2026-08-05 13:27:25,725 INFO src.pipeline.kaggle_collect_openalex_sri_lanka: Saved Sri Lankan-affiliated work number=71,579 progress=95.0% api_total=75,333
2026-08-05 13:27:25,725 INFO src.pipeline.kaggle_collect_openalex_sri_lanka: Saved Sri Lankan-affiliated work number=71,580 progress=95.0% api_total=75,333
2026-08-05 13:27:25,726 INFO src.pipeline.kaggle_collect_openalex_sri_lanka: Saved Sri Lankan-affiliated work number=71,581 progress=95.0% api_total=75,333
2026-08-05 13:27:25,727 INFO src.pipeline.kaggle_collect_openalex_sri_lanka: Saved Sri Lankan-affiliated work number=71,582 progress=95.0% api_total=75,333
2026-08-05 13:27:25,728 INFO src.pipeline.kaggle_collect_openalex_sri_lanka: Saved Sri Lankan-affiliated work number=71,583 progress=95.0% api_total=75,333
2026-08-05 13:27:25,728 INFO src.pipeline.kaggle_collect_openalex_sri_lanka: Saved Sri Lankan-affiliated work number=71,584 progress=95.0% api_total=75,333
2026-08-05 13:27:25,729 INFO src.pipeline.kaggle_collect_openalex_sri_lanka: Saved Sri Lankan-affiliated work number=71,585 progress=95.0% api_total=75,333
2026-08-05 13:27:25,729 INFO src.pipeline.kaggle_collect_openalex_sri_lanka: Saved Sri Lankan-affiliated work number=71,586 progress=95.0% api_total=75,333
2026-08-05 13:27:25,729 INFO src.pipeline.kaggle_collect_openalex_sri_lanka: Saved Sri Lankan-affiliated work number=71,587 progress=95.0% api_total=75,333
2026-08-05 13:27:25,730 INFO src.pipeline.kaggle_collect_openalex_sri_lanka: Saved Sri Lankan-affiliated work number=71,588 progress=95.0% api_total=75,333
2026-08-05 13:27:25,730 INFO src.pipeline.kaggle_collect_openalex_sri_lanka: Saved Sri Lankan-affiliated work number=71,589 progress=95.0% api_total=75,333
2026-08-05 13:27:25,731 INFO src.pipeline.kaggle_collect_openalex_sri_lanka: Saved Sri Lankan-affiliated work number=71,590 progress=95.0% api_total=75,333
2026-08-05 13:27:25,731 INFO src.pipeline.kaggle_collect_openalex_sri_lanka: Saved Sri Lankan-affiliated work number=71,591 progress=95.0% api_total=75,333
2026-08-05 13:27:25,732 INFO src.pipeline.kaggle_collect_openalex_sri_lanka: Saved Sri Lankan-affiliated work number=71,592 progress=95.0% api_total=75,333
2026-08-05 13:27:25,732 INFO src.pipeline.kaggle_collect_openalex_sri_lanka: Saved Sri Lankan-affiliated work number=71,593 progress=95.0% api_total=75,333
2026-08-05 13:27:25,733 INFO src.pipeline.kaggle_collect_openalex_sri_lanka: Saved Sri Lankan-affiliated work number=71,594 progress=95.0% api_total=75,333
2026-08-05 13:27:25,733 INFO src.pipeline.kaggle_collect_openalex_sri_lanka: Saved Sri Lankan-affiliated work number=71,595 progress=95.0% api_total=75,333
2026-08-05 13:27:25,733 INFO src.pipeline.kaggle_collect_openalex_sri_lanka: Saved Sri Lankan-affiliated work number=71,596 progress=95.0% api_total=75,333
2026-08-05 13:27:25,734 INFO src.pipeline.kaggle_collect_openalex_sri_lanka: Saved Sri Lankan-affiliated work number=71,597 progress=95.0% api_total=75,333
2026-08-05 13:27:25,734 INFO src.pipeline.kaggle_collect_openalex_sri_lanka: Saved Sri Lankan-affiliated work number=71,598 progress=95.0% api_total=75,333
2026-08-05 13:27:25,734 INFO src.pipeline.kaggle_collect_openalex_sri_lanka: Saved Sri Lankan-affiliated work number=71,599 progress=95.0% api_total=75,333
2026-08-05 13:27:25,735 INFO src.pipeline.kaggle_collect_openalex_sri_lanka: Saved Sri Lankan-affiliated work number=71,600 progress=95.0% api_total=75,333
2026-08-05 13:27:25,735 INFO src.pipeline.kaggle_collect_openalex_sri_lanka: Saved Sri Lankan-affiliated work number=71,601 progress=95.0% api_total=75,333
2026-08-05 13:27:25,735 INFO src.pipeline.kaggle_collect_openalex_sri_lanka: Saved Sri Lankan-affiliated work number=71,602 progress=95.0% api_total=75,333
2026-08-05 13:27:25,736 INFO src.pipeline.kaggle_collect_openalex_sri_lanka: Saved Sri Lankan-affiliated work number=71,603 progress=95.0% api_total=75,333
2026-08-05 13:27:25,736 INFO src.pipeline.kaggle_collect_openalex_sri_lanka: Saved Sri Lankan-affiliated work number=71,604 progress=95.0% api_total=75,333
2026-08-05 13:27:25,736 INFO src.pipeline.kaggle_collect_openalex_sri_lanka: Saved Sri Lankan-affiliated work number=71,605 progress=95.1% api_total=75,333
2026-08-05 13:27:25,737 INFO src.pipeline.kaggle_collect_openalex_sri_lanka: Saved Sri Lankan-affiliated work number=71,606 progress=95.1% api_total=75,333
2026-08-05 13:27:25,737 INFO src.pipeline.kaggle_collect_openalex_sri_lanka: Saved Sri Lankan-affiliated work number=71,607 progress=95.1% api_total=75,333
2026-08-05 13:27:25,737 INFO src.pipeline.kaggle_collect_openalex_sri_lanka: Saved Sri Lankan-affiliated work number=71,608 progress=95.1% api_total=75,333
2026-08-05 13:27:25,738 INFO src.pipeline.kaggle_collect_openalex_sri_lanka: Saved Sri Lankan-affiliated work number=71,609 progress=95.1% api_total=75,333
2026-08-05 13:27:25,738 INFO src.pipeline.kaggle_collect_openalex_sri_lanka: Saved Sri Lankan-affiliated work number=71,610 progress=95.1% api_total=75,333
2026-08-05 13:27:25,738 INFO src.pipeline.kaggle_collect_openalex_sri_lanka: Saved Sri Lankan-affiliated work number=71,611 progress=95.1% api_total=75,333
2026-08-05 13:27:25,739 INFO src.pipeline.kaggle_collect_openalex_sri_lanka: Saved Sri Lankan-affiliated work number=71,612 progress=95.1% api_total=75,333
2026-08-05 13:27:25,739 INFO src.pipeline.kaggle_collect_openalex_sri_lanka: Saved Sri Lankan-affiliated work number=71,613 progress=95.1% api_total=75,333
2026-08-05 13:27:25,740 INFO src.pipeline.kaggle_collect_openalex_sri_lanka: Saved Sri Lankan-affiliated work number=71,614 progress=95.1% api_total=75,333
2026-08-05 13:27:25,740 INFO src.pipeline.kaggle_collect_openalex_sri_lanka: Saved Sri Lankan-affiliated work number=71,615 progress=95.1% api_total=75,333
2026-08-05 13:27:25,740 INFO src.pipeline.kaggle_collect_openalex_sri_lanka: Saved Sri Lankan-affiliated work number=71,616 progress=95.1% api_total=75,333
2026-08-05 13:27:25,741 INFO src.pipeline.kaggle_collect_openalex_sri_lanka: Saved Sri Lankan-affiliated work number=71,617 progress=95.1% api_total=75,333
2026-08-05 13:27:25,741 INFO src.pipeline.kaggle_collect_openalex_sri_lanka: Saved Sri Lankan-affiliated work number=71,618 progress=95.1% api_total=75,333
2026-08-05 13:27:25,741 INFO src.pipeline.kaggle_collect_openalex_sri_lanka: Saved Sri Lankan-affiliated work number=71,619 progress=95.1% api_total=75,333
2026-08-05 13:27:25,742 INFO src.pipeline.kaggle_collect_openalex_sri_lanka: Saved Sri Lankan-affiliated work number=71,620 progress=95.1% api_total=75,333
2026-08-05 13:27:25,742 INFO src.pipeline.kaggle_collect_openalex_sri_lanka: Saved Sri Lankan-affiliated work number=71,621 progress=95.1% api_total=75,333
2026-08-05 13:27:25,742 INFO src.pipeline.kaggle_collect_openalex_sri_lanka: Saved Sri Lankan-affiliated work number=71,622 progress=95.1% api_total=75,333
2026-08-05 13:27:25,743 INFO src.pipeline.kaggle_collect_openalex_sri_lanka: Saved Sri Lankan-affiliated work number=71,623 progress=95.1% api_total=75,333
2026-08-05 13:27:25,743 INFO src.pipeline.kaggle_collect_openalex_sri_lanka: Saved Sri Lankan-affiliated work number=71,624 progress=95.1% api_total=75,333
2026-08-05 13:27:25,743 INFO src.pipeline.kaggle_collect_openalex_sri_lanka: Saved Sri Lankan-affiliated work number=71,625 progress=95.1% api_total=75,333
2026-08-05 13:27:25,743 INFO src.pipeline.kaggle_collect_openalex_sri_lanka: Saved Sri Lankan-affiliated work number=71,626 progress=95.1% api_total=75,333
2026-08-05 13:27:25,744 INFO src.pipeline.kaggle_collect_openalex_sri_lanka: Saved Sri Lankan-affiliated work number=71,627 progress=95.1% api_total=75,333
2026-08-05 13:27:25,744 INFO src.pipeline.kaggle_collect_openalex_sri_lanka: Saved Sri Lankan-affiliated work number=71,628 progress=95.1% api_total=75,333
2026-08-05 13:27:25,744 INFO src.pipeline.kaggle_collect_openalex_sri_lanka: Saved Sri Lankan-affiliated work number=71,629 progress=95.1% api_total=75,333
2026-08-05 13:27:25,745 INFO src.pipeline.kaggle_collect_openalex_sri_lanka: Saved Sri Lankan-affiliated work number=71,630 progress=95.1% api_total=75,333
2026-08-05 13:27:25,745 INFO src.pipeline.kaggle_collect_openalex_sri_lanka: Saved Sri Lankan-affiliated work number=71,631 progress=95.1% api_total=75,333
2026-08-05 13:27:25,745 INFO src.pipeline.kaggle_collect_openalex_sri_lanka: Saved Sri Lankan-affiliated work number=71,632 progress=95.1% api_total=75,333
2026-08-05 13:27:25,746 INFO src.pipeline.kaggle_collect_openalex_sri_lanka: Saved Sri Lankan-affiliated work number=71,633 progress=95.1% api_total=75,333
2026-08-05 13:27:25,746 INFO src.pipeline.kaggle_collect_openalex_sri_lanka: Saved Sri Lankan-affiliated work number=71,634 progress=95.1% api_total=75,333
2026-08-05 13:27:25,747 INFO src.pipeline.kaggle_collect_openalex_sri_lanka: Saved Sri Lankan-affiliated work number=71,635 progress=95.1% api_total=75,333
2026-08-05 13:27:25,747 INFO src.pipeline.kaggle_collect_openalex_sri_lanka: Saved Sri Lankan-affiliated work number=71,636 progress=95.1% api_total=75,333
2026-08-05 13:27:25,747 INFO src.pipeline.kaggle_collect_openalex_sri_lanka: Saved Sri Lankan-affiliated work number=71,637 progress=95.1% api_total=75,333
2026-08-05 13:27:25,747 INFO src.pipeline.kaggle_collect_openalex_sri_lanka: Saved Sri Lankan-affiliated work number=71,638 progress=95.1% api_total=75,333
2026-08-05 13:27:25,748 INFO src.pipeline.kaggle_collect_openalex_sri_lanka: Saved Sri Lankan-affiliated work number=71,639 progress=95.1% api_total=75,333
2026-08-05 13:27:25,748 INFO src.pipeline.kaggle_collect_openalex_sri_lanka: Saved Sri Lankan-affiliated work number=71,640 progress=95.1% api_total=75,333
2026-08-05 13:27:25,748 INFO src.pipeline.kaggle_collect_openalex_sri_lanka: Saved Sri Lankan-affiliated work number=71,641 progress=95.1% api_total=75,333
2026-08-05 13:27:25,748 INFO src.pipeline.kaggle_collect_openalex_sri_lanka: Saved Sri Lankan-affiliated work number=71,642 progress=95.1% api_total=75,333
2026-08-05 13:27:25,749 INFO src.pipeline.kaggle_collect_openalex_sri_lanka: Saved Sri Lankan-affiliated work number=71,643 progress=95.1% api_total=75,333
2026-08-05 13:27:25,749 INFO src.pipeline.kaggle_collect_openalex_sri_lanka: Saved Sri Lankan-affiliated work number=71,644 progress=95.1% api_total=75,333
2026-08-05 13:27:25,750 INFO src.pipeline.kaggle_collect_openalex_sri_lanka: Saved Sri Lankan-affiliated work number=71,645 progress=95.1% api_total=75,333
2026-08-05 13:27:25,750 INFO src.pipeline.kaggle_collect_openalex_sri_lanka: Saved Sri Lankan-affiliated work number=71,646 progress=95.1% api_total=75,333
2026-08-05 13:27:25,750 INFO src.pipeline.kaggle_collect_openalex_sri_lanka: Saved Sri Lankan-affiliated work number=71,647 progress=95.1% api_total=75,333
2026-08-05 13:27:25,750 INFO src.pipeline.kaggle_collect_openalex_sri_lanka: Saved Sri Lankan-affiliated work number=71,648 progress=95.1% api_total=75,333
2026-08-05 13:27:32,262 INFO src.collectors.openalex_collector: Fetched OpenAlex page page=8/377 progress=2.1% fetched=200 kept=200 skipped=0 next_cursor=yes
2026-08-05 13:27:32,267 INFO src.pipeline.kaggle_collect_openalex_sri_lanka: Saved Sri Lankan-affiliated work number=71,649 progress=95.1% api_total=75,333
2026-08-05 13:27:32,267 INFO src.pipeline.kaggle_collect_openalex_sri_lanka: Saved Sri Lankan-affiliated work number=71,650 progress=95.1% api_total=75,333
2026-08-05 13:27:32,268 INFO src.pipeline.kaggle_collect_openalex_sri_lanka: Saved Sri Lankan-affiliated work number=71,651 progress=95.1% api_total=75,333
2026-08-05 13:27:32,268 INFO src.pipeline.kaggle_collect_openalex_sri_lanka: Saved Sri Lankan-affiliated work number=71,652 progress=95.1% api_total=75,333
2026-08-05 13:27:32,269 INFO src.pipeline.kaggle_collect_openalex_sri_lanka: Saved Sri Lankan-affiliated work number=71,653 progress=95.1% api_total=75,333
2026-08-05 13:27:32,269 INFO src.pipeline.kaggle_collect_openalex_sri_lanka: Saved Sri Lankan-affiliated work number=71,654 progress=95.1% api_total=75,333
2026-08-05 13:27:32,269 INFO src.pipeline.kaggle_collect_openalex_sri_lanka: Saved Sri Lankan-affiliated work number=71,655 progress=95.1% api_total=75,333
2026-08-05 13:27:32,270 INFO src.pipeline.kaggle_collect_openalex_sri_lanka: Saved Sri Lankan-affiliated work number=71,656 progress=95.1% api_total=75,333
2026-08-05 13:27:32,270 INFO src.pipeline.kaggle_collect_openalex_sri_lanka: Saved Sri Lankan-affiliated work number=71,657 progress=95.1% api_total=75,333
2026-08-05 13:27:32,271 INFO src.pipeline.kaggle_collect_openalex_sri_lanka: Saved Sri Lankan-affiliated work number=71,658 progress=95.1% api_total=75,333
2026-08-05 13:27:32,271 INFO src.pipeline.kaggle_collect_openalex_sri_lanka: Saved Sri Lankan-affiliated work number=71,659 progress=95.1% api_total=75,333
2026-08-05 13:27:32,271 INFO src.pipeline.kaggle_collect_openalex_sri_lanka: Saved Sri Lankan-affiliated work number=71,660 progress=95.1% api_total=75,333
2026-08-05 13:27:32,272 INFO src.pipeline.kaggle_collect_openalex_sri_lanka: Saved Sri Lankan-affiliated work number=71,661 progress=95.1% api_total=75,333
2026-08-05 13:27:32,272 INFO src.pipeline.kaggle_collect_openalex_sri_lanka: Saved Sri Lankan-affiliated work number=71,662 progress=95.1% api_total=75,333
2026-08-05 13:27:32,273 INFO src.pipeline.kaggle_collect_openalex_sri_lanka: Saved Sri Lankan-affiliated work number=71,663 progress=95.1% api_total=75,333
2026-08-05 13:27:32,273 INFO src.pipeline.kaggle_collect_openalex_sri_lanka: Saved Sri Lankan-affiliated work number=71,664 progress=95.1% api_total=75,333
2026-08-05 13:27:32,273 INFO src.pipeline.kaggle_collect_openalex_sri_lanka: Saved Sri Lankan-affiliated work number=71,665 progress=95.1% api_total=75,333
2026-08-05 13:27:32,274 INFO src.pipeline.kaggle_collect_openalex_sri_lanka: Saved Sri Lankan-affiliated work number=71,666 progress=95.1% api_total=75,333
2026-08-05 13:27:32,275 INFO src.pipeline.kaggle_collect_openalex_sri_lanka: Saved Sri Lankan-affiliated work number=71,667 progress=95.1% api_total=75,333
2026-08-05 13:27:32,275 INFO src.pipeline.kaggle_collect_openalex_sri_lanka: Saved Sri Lankan-affiliated work number=71,668 progress=95.1% api_total=75,333
2026-08-05 13:27:32,275 INFO src.pipeline.kaggle_collect_openalex_sri_lanka: Saved Sri Lankan-affiliated work number=71,669 progress=95.1% api_total=75,333
2026-08-05 13:27:32,276 INFO src.pipeline.kaggle_collect_openalex_sri_lanka: Saved Sri Lankan-affiliated work number=71,670 progress=95.1% api_total=75,333
2026-08-05 13:27:32,276 INFO src.pipeline.kaggle_collect_openalex_sri_lanka: Saved Sri Lankan-affiliated work number=71,671 progress=95.1% api_total=75,333
2026-08-05 13:27:32,277 INFO src.pipeline.kaggle_collect_openalex_sri_lanka: Saved Sri Lankan-affiliated work number=71,672 progress=95.1% api_total=75,333
2026-08-05 13:27:32,277 INFO src.pipeline.kaggle_collect_openalex_sri_lanka: Saved Sri Lankan-affiliated work number=71,673 progress=95.1% api_total=75,333
2026-08-05 13:27:32,277 INFO src.pipeline.kaggle_collect_openalex_sri_lanka: Saved Sri Lankan-affiliated work number=71,674 progress=95.1% api_total=75,333
2026-08-05 13:27:32,278 INFO src.pipeline.kaggle_collect_openalex_sri_lanka: Saved Sri Lankan-affiliated work number=71,675 progress=95.1% api_total=75,333
2026-08-05 13:27:32,278 INFO src.pipeline.kaggle_collect_openalex_sri_lanka: Saved Sri Lankan-affiliated work number=71,676 progress=95.1% api_total=75,333
2026-08-05 13:27:32,278 INFO src.pipeline.kaggle_collect_openalex_sri_lanka: Saved Sri Lankan-affiliated work number=71,677 progress=95.1% api_total=75,333
2026-08-05 13:27:32,278 INFO src.pipeline.kaggle_collect_openalex_sri_lanka: Saved Sri Lankan-affiliated work number=71,678 progress=95.1% api_total=75,333
2026-08-05 13:27:32,279 INFO src.pipeline.kaggle_collect_openalex_sri_lanka: Saved Sri Lankan-affiliated work number=71,679 progress=95.1% api_total=75,333
2026-08-05 13:27:32,279 INFO src.pipeline.kaggle_collect_openalex_sri_lanka: Saved Sri Lankan-affiliated work number=71,680 progress=95.2% api_total=75,333
2026-08-05 13:27:32,279 INFO src.pipeline.kaggle_collect_openalex_sri_lanka: Saved Sri Lankan-affiliated work number=71,681 progress=95.2% api_total=75,333
2026-08-05 13:27:32,280 INFO src.pipeline.kaggle_collect_openalex_sri_lanka: Saved Sri Lankan-affiliated work number=71,682 progress=95.2% api_total=75,333
2026-08-05 13:27:32,280 INFO src.pipeline.kaggle_collect_openalex_sri_lanka: Saved Sri Lankan-affiliated work number=71,683 progress=95.2% api_total=75,333
2026-08-05 13:27:32,280 INFO src.pipeline.kaggle_collect_openalex_sri_lanka: Saved Sri Lankan-affiliated work number=71,684 progress=95.2% api_total=75,333
2026-08-05 13:27:32,281 INFO src.pipeline.kaggle_collect_openalex_sri_lanka: Saved Sri Lankan-affiliated work number=71,685 progress=95.2% api_total=75,333
2026-08-05 13:27:32,281 INFO src.pipeline.kaggle_collect_openalex_sri_lanka: Saved Sri Lankan-affiliated work number=71,686 progress=95.2% api_total=75,333
2026-08-05 13:27:32,281 INFO src.pipeline.kaggle_collect_openalex_sri_lanka: Saved Sri Lankan-affiliated work number=71,687 progress=95.2% api_total=75,333
2026-08-05 13:27:32,282 INFO src.pipeline.kaggle_collect_openalex_sri_lanka: Saved Sri Lankan-affiliated work number=71,688 progress=95.2% api_total=75,333
2026-08-05 13:27:32,282 INFO src.pipeline.kaggle_collect_openalex_sri_lanka: Saved Sri Lankan-affiliated work number=71,689 progress=95.2% api_total=75,333
2026-08-05 13:27:32,283 INFO src.pipeline.kaggle_collect_openalex_sri_lanka: Saved Sri Lankan-affiliated work number=71,690 progress=95.2% api_total=75,333
2026-08-05 13:27:32,283 INFO src.pipeline.kaggle_collect_openalex_sri_lanka: Saved Sri Lankan-affiliated work number=71,691 progress=95.2% api_total=75,333
2026-08-05 13:27:32,283 INFO src.pipeline.kaggle_collect_openalex_sri_lanka: Saved Sri Lankan-affiliated work number=71,692 progress=95.2% api_total=75,333
2026-08-05 13:27:32,284 INFO src.pipeline.kaggle_collect_openalex_sri_lanka: Saved Sri Lankan-affiliated work number=71,693 progress=95.2% api_total=75,333
2026-08-05 13:27:32,284 INFO src.pipeline.kaggle_collect_openalex_sri_lanka: Saved Sri Lankan-affiliated work number=71,694 progress=95.2% api_total=75,333
2026-08-05 13:27:32,285 INFO src.pipeline.kaggle_collect_openalex_sri_lanka: Saved Sri Lankan-affiliated work number=71,695 progress=95.2% api_total=75,333
2026-08-05 13:27:32,285 INFO src.pipeline.kaggle_collect_openalex_sri_lanka: Saved Sri Lankan-affiliated work number=71,696 progress=95.2% api_total=75,333
2026-08-05 13:27:32,285 INFO src.pipeline.kaggle_collect_openalex_sri_lanka: Saved Sri Lankan-affiliated work number=71,697 progress=95.2% api_total=75,333
2026-08-05 13:27:32,286 INFO src.pipeline.kaggle_collect_openalex_sri_lanka: Saved Sri Lankan-affiliated work number=71,698 progress=95.2% api_total=75,333
2026-08-05 13:27:32,286 INFO src.pipeline.kaggle_collect_openalex_sri_lanka: Saved Sri Lankan-affiliated work number=71,699 progress=95.2% api_total=75,333
2026-08-05 13:27:32,287 INFO src.pipeline.kaggle_collect_openalex_sri_lanka: Saved Sri Lankan-affiliated work number=71,700 progress=95.2% api_total=75,333
2026-08-05 13:27:32,287 INFO src.pipeline.kaggle_collect_openalex_sri_lanka: Saved Sri Lankan-affiliated work number=71,701 progress=95.2% api_total=75,333
2026-08-05 13:27:32,287 INFO src.pipeline.kaggle_collect_openalex_sri_lanka: Saved Sri Lankan-affiliated work number=71,702 progress=95.2% api_total=75,333
2026-08-05 13:27:32,288 INFO src.pipeline.kaggle_collect_openalex_sri_lanka: Saved Sri Lankan-affiliated work number=71,703 progress=95.2% api_total=75,333
2026-08-05 13:27:32,288 INFO src.pipeline.kaggle_collect_openalex_sri_lanka: Saved Sri Lankan-affiliated work number=71,704 progress=95.2% api_total=75,333
2026-08-05 13:27:32,289 INFO src.pipeline.kaggle_collect_openalex_sri_lanka: Saved Sri Lankan-affiliated work number=71,705 progress=95.2% api_total=75,333
2026-08-05 13:27:32,289 INFO src.pipeline.kaggle_collect_openalex_sri_lanka: Saved Sri Lankan-affiliated work number=71,706 progress=95.2% api_total=75,333
2026-08-05 13:27:32,290 INFO src.pipeline.kaggle_collect_openalex_sri_lanka: Saved Sri Lankan-affiliated work number=71,707 progress=95.2% api_total=75,333
2026-08-05 13:27:32,290 INFO src.pipeline.kaggle_collect_openalex_sri_lanka: Saved Sri Lankan-affiliated work number=71,708 progress=95.2% api_total=75,333
2026-08-05 13:27:32,291 INFO src.pipeline.kaggle_collect_openalex_sri_lanka: Saved Sri Lankan-affiliated work number=71,709 progress=95.2% api_total=75,333
2026-08-05 13:27:32,291 INFO src.pipeline.kaggle_collect_openalex_sri_lanka: Saved Sri Lankan-affiliated work number=71,710 progress=95.2% api_total=75,333
2026-08-05 13:27:32,292 INFO src.pipeline.kaggle_collect_openalex_sri_lanka: Saved Sri Lankan-affiliated work number=71,711 progress=95.2% api_total=75,333
2026-08-05 13:27:32,292 INFO src.pipeline.kaggle_collect_openalex_sri_lanka: Saved Sri Lankan-affiliated work number=71,712 progress=95.2% api_total=75,333
2026-08-05 13:27:32,293 INFO src.pipeline.kaggle_collect_openalex_sri_lanka: Saved Sri Lankan-affiliated work number=71,713 progress=95.2% api_total=75,333
2026-08-05 13:27:32,293 INFO src.pipeline.kaggle_collect_openalex_sri_lanka: Saved Sri Lankan-affiliated work number=71,714 progress=95.2% api_total=75,333
2026-08-05 13:27:32,293 INFO src.pipeline.kaggle_collect_openalex_sri_lanka: Saved Sri Lankan-affiliated work number=71,715 progress=95.2% api_total=75,333
2026-08-05 13:27:32,294 INFO src.pipeline.kaggle_collect_openalex_sri_lanka: Saved Sri Lankan-affiliated work number=71,716 progress=95.2% api_total=75,333
2026-08-05 13:27:32,294 INFO src.pipeline.kaggle_collect_openalex_sri_lanka: Saved Sri Lankan-affiliated work number=71,717 progress=95.2% api_total=75,333
2026-08-05 13:27:32,295 INFO src.pipeline.kaggle_collect_openalex_sri_lanka: Saved Sri Lankan-affiliated work number=71,718 progress=95.2% api_total=75,333
2026-08-05 13:27:32,295 INFO src.pipeline.kaggle_collect_openalex_sri_lanka: Saved Sri Lankan-affiliated work number=71,719 progress=95.2% api_total=75,333
2026-08-05 13:27:32,296 INFO src.pipeline.kaggle_collect_openalex_sri_lanka: Saved Sri Lankan-affiliated work number=71,720 progress=95.2% api_total=75,333
2026-08-05 13:27:32,296 INFO src.pipeline.kaggle_collect_openalex_sri_lanka: Saved Sri Lankan-affiliated work number=71,721 progress=95.2% api_total=75,333
2026-08-05 13:27:32,296 INFO src.pipeline.kaggle_collect_openalex_sri_lanka: Saved Sri Lankan-affiliated work number=71,722 progress=95.2% api_total=75,333
2026-08-05 13:27:32,297 INFO src.pipeline.kaggle_collect_openalex_sri_lanka: Saved Sri Lankan-affiliated work number=71,723 progress=95.2% api_total=75,333
2026-08-05 13:27:32,297 INFO src.pipeline.kaggle_collect_openalex_sri_lanka: Saved Sri Lankan-affiliated work number=71,724 progress=95.2% api_total=75,333
2026-08-05 13:27:32,297 INFO src.pipeline.kaggle_collect_openalex_sri_lanka: Saved Sri Lankan-affiliated work number=71,725 progress=95.2% api_total=75,333
2026-08-05 13:27:32,298 INFO src.pipeline.kaggle_collect_openalex_sri_lanka: Saved Sri Lankan-affiliated work number=71,726 progress=95.2% api_total=75,333
2026-08-05 13:27:32,298 INFO src.pipeline.kaggle_collect_openalex_sri_lanka: Saved Sri Lankan-affiliated work number=71,727 progress=95.2% api_total=75,333
2026-08-05 13:27:32,299 INFO src.pipeline.kaggle_collect_openalex_sri_lanka: Saved Sri Lankan-affiliated work number=71,728 progress=95.2% api_total=75,333
2026-08-05 13:27:32,299 INFO src.pipeline.kaggle_collect_openalex_sri_lanka: Saved Sri Lankan-affiliated work number=71,729 progress=95.2% api_total=75,333
2026-08-05 13:27:32,299 INFO src.pipeline.kaggle_collect_openalex_sri_lanka: Saved Sri Lankan-affiliated work number=71,730 progress=95.2% api_total=75,333
2026-08-05 13:27:32,300 INFO src.pipeline.kaggle_collect_openalex_sri_lanka: Saved Sri Lankan-affiliated work number=71,731 progress=95.2% api_total=75,333
2026-08-05 13:27:32,300 INFO src.pipeline.kaggle_collect_openalex_sri_lanka: Saved Sri Lankan-affiliated work number=71,732 progress=95.2% api_total=75,333
2026-08-05 13:27:32,300 INFO src.pipeline.kaggle_collect_openalex_sri_lanka: Saved Sri Lankan-affiliated work number=71,733 progress=95.2% api_total=75,333
2026-08-05 13:27:32,301 INFO src.pipeline.kaggle_collect_openalex_sri_lanka: Saved Sri Lankan-affiliated work number=71,734 progress=95.2% api_total=75,333
2026-08-05 13:27:32,301 INFO src.pipeline.kaggle_collect_openalex_sri_lanka: Saved Sri Lankan-affiliated work number=71,735 progress=95.2% api_total=75,333
2026-08-05 13:27:32,301 INFO src.pipeline.kaggle_collect_openalex_sri_lanka: Saved Sri Lankan-affiliated work number=71,736 progress=95.2% api_total=75,333
2026-08-05 13:27:32,302 INFO src.pipeline.kaggle_collect_openalex_sri_lanka: Saved Sri Lankan-affiliated work number=71,737 progress=95.2% api_total=75,333
2026-08-05 13:27:32,302 INFO src.pipeline.kaggle_collect_openalex_sri_lanka: Saved Sri Lankan-affiliated work number=71,738 progress=95.2% api_total=75,333
2026-08-05 13:27:32,302 INFO src.pipeline.kaggle_collect_openalex_sri_lanka: Saved Sri Lankan-affiliated work number=71,739 progress=95.2% api_total=75,333
2026-08-05 13:27:32,303 INFO src.pipeline.kaggle_collect_openalex_sri_lanka: Saved Sri Lankan-affiliated work number=71,740 progress=95.2% api_total=75,333
2026-08-05 13:27:32,303 INFO src.pipeline.kaggle_collect_openalex_sri_lanka: Saved Sri Lankan-affiliated work number=71,741 progress=95.2% api_total=75,333
2026-08-05 13:27:32,303 INFO src.pipeline.kaggle_collect_openalex_sri_lanka: Saved Sri Lankan-affiliated work number=71,742 progress=95.2% api_total=75,333
2026-08-05 13:27:32,304 INFO src.pipeline.kaggle_collect_openalex_sri_lanka: Saved Sri Lankan-affiliated work number=71,743 progress=95.2% api_total=75,333
2026-08-05 13:27:32,304 INFO src.pipeline.kaggle_collect_openalex_sri_lanka: Saved Sri Lankan-affiliated work number=71,744 progress=95.2% api_total=75,333
2026-08-05 13:27:32,305 INFO src.pipeline.kaggle_collect_openalex_sri_lanka: Saved Sri Lankan-affiliated work number=71,745 progress=95.2% api_total=75,333
2026-08-05 13:27:32,305 INFO src.pipeline.kaggle_collect_openalex_sri_lanka: Saved Sri Lankan-affiliated work number=71,746 progress=95.2% api_total=75,333
2026-08-05 13:27:32,306 INFO src.pipeline.kaggle_collect_openalex_sri_lanka: Saved Sri Lankan-affiliated work number=71,747 progress=95.2% api_total=75,333
2026-08-05 13:27:32,306 INFO src.pipeline.kaggle_collect_openalex_sri_lanka: Saved Sri Lankan-affiliated work number=71,748 progress=95.2% api_total=75,333
2026-08-05 13:27:32,306 INFO src.pipeline.kaggle_collect_openalex_sri_lanka: Saved Sri Lankan-affiliated work number=71,749 progress=95.2% api_total=75,333
2026-08-05 13:27:32,307 INFO src.pipeline.kaggle_collect_openalex_sri_lanka: Saved Sri Lankan-affiliated work number=71,750 progress=95.2% api_total=75,333
2026-08-05 13:27:32,308 INFO src.pipeline.kaggle_collect_openalex_sri_lanka: Saved Sri Lankan-affiliated work number=71,751 progress=95.2% api_total=75,333
2026-08-05 13:27:32,308 INFO src.pipeline.kaggle_collect_openalex_sri_lanka: Saved Sri Lankan-affiliated work number=71,752 progress=95.2% api_total=75,333
2026-08-05 13:27:32,309 INFO src.pipeline.kaggle_collect_openalex_sri_lanka: Saved Sri Lankan-affiliated work number=71,753 progress=95.2% api_total=75,333
2026-08-05 13:27:32,309 INFO src.pipeline.kaggle_collect_openalex_sri_lanka: Saved Sri Lankan-affiliated work number=71,754 progress=95.2% api_total=75,333
2026-08-05 13:27:32,309 INFO src.pipeline.kaggle_collect_openalex_sri_lanka: Saved Sri Lankan-affiliated work number=71,755 progress=95.3% api_total=75,333
2026-08-05 13:27:32,310 INFO src.pipeline.kaggle_collect_openalex_sri_lanka: Saved Sri Lankan-affiliated work number=71,756 progress=95.3% api_total=75,333
2026-08-05 13:27:32,310 INFO src.pipeline.kaggle_collect_openalex_sri_lanka: Saved Sri Lankan-affiliated work number=71,757 progress=95.3% api_total=75,333
2026-08-05 13:27:32,310 INFO src.pipeline.kaggle_collect_openalex_sri_lanka: Saved Sri Lankan-affiliated work number=71,758 progress=95.3% api_total=75,333
2026-08-05 13:27:32,311 INFO src.pipeline.kaggle_collect_openalex_sri_lanka: Saved Sri Lankan-affiliated work number=71,759 progress=95.3% api_total=75,333
2026-08-05 13:27:32,311 INFO src.pipeline.kaggle_collect_openalex_sri_lanka: Saved Sri Lankan-affiliated work number=71,760 progress=95.3% api_total=75,333
2026-08-05 13:27:32,311 INFO src.pipeline.kaggle_collect_openalex_sri_lanka: Saved Sri Lankan-affiliated work number=71,761 progress=95.3% api_total=75,333
2026-08-05 13:27:32,312 INFO src.pipeline.kaggle_collect_openalex_sri_lanka: Saved Sri Lankan-affiliated work number=71,762 progress=95.3% api_total=75,333
2026-08-05 13:27:32,312 INFO src.pipeline.kaggle_collect_openalex_sri_lanka: Saved Sri Lankan-affiliated work number=71,763 progress=95.3% api_total=75,333
2026-08-05 13:27:32,312 INFO src.pipeline.kaggle_collect_openalex_sri_lanka: Saved Sri Lankan-affiliated work number=71,764 progress=95.3% api_total=75,333
2026-08-05 13:27:32,313 INFO src.pipeline.kaggle_collect_openalex_sri_lanka: Saved Sri Lankan-affiliated work number=71,765 progress=95.3% api_total=75,333
2026-08-05 13:27:32,313 INFO src.pipeline.kaggle_collect_openalex_sri_lanka: Saved Sri Lankan-affiliated work number=71,766 progress=95.3% api_total=75,333
2026-08-05 13:27:32,313 INFO src.pipeline.kaggle_collect_openalex_sri_lanka: Saved Sri Lankan-affiliated work number=71,767 progress=95.3% api_total=75,333
2026-08-05 13:27:32,314 INFO src.pipeline.kaggle_collect_openalex_sri_lanka: Saved Sri Lankan-affiliated work number=71,768 progress=95.3% api_total=75,333
2026-08-05 13:27:32,314 INFO src.pipeline.kaggle_collect_openalex_sri_lanka: Saved Sri Lankan-affiliated work number=71,769 progress=95.3% api_total=75,333
2026-08-05 13:27:32,314 INFO src.pipeline.kaggle_collect_openalex_sri_lanka: Saved Sri Lankan-affiliated work number=71,770 progress=95.3% api_total=75,333
2026-08-05 13:27:32,315 INFO src.pipeline.kaggle_collect_openalex_sri_lanka: Saved Sri Lankan-affiliated work number=71,771 progress=95.3% api_total=75,333
2026-08-05 13:27:32,315 INFO src.pipeline.kaggle_collect_openalex_sri_lanka: Saved Sri Lankan-affiliated work number=71,772 progress=95.3% api_total=75,333
2026-08-05 13:27:32,316 INFO src.pipeline.kaggle_collect_openalex_sri_lanka: Saved Sri Lankan-affiliated work number=71,773 progress=95.3% api_total=75,333
2026-08-05 13:27:32,316 INFO src.pipeline.kaggle_collect_openalex_sri_lanka: Saved Sri Lankan-affiliated work number=71,774 progress=95.3% api_total=75,333
2026-08-05 13:27:32,317 INFO src.pipeline.kaggle_collect_openalex_sri_lanka: Saved Sri Lankan-affiliated work number=71,775 progress=95.3% api_total=75,333
2026-08-05 13:27:32,317 INFO src.pipeline.kaggle_collect_openalex_sri_lanka: Saved Sri Lankan-affiliated work number=71,776 progress=95.3% api_total=75,333
2026-08-05 13:27:32,317 INFO src.pipeline.kaggle_collect_openalex_sri_lanka: Saved Sri Lankan-affiliated work number=71,777 progress=95.3% api_total=75,333
2026-08-05 13:27:32,318 INFO src.pipeline.kaggle_collect_openalex_sri_lanka: Saved Sri Lankan-affiliated work number=71,778 progress=95.3% api_total=75,333
2026-08-05 13:27:32,318 INFO src.pipeline.kaggle_collect_openalex_sri_lanka: Saved Sri Lankan-affiliated work number=71,779 progress=95.3% api_total=75,333
2026-08-05 13:27:32,318 INFO src.pipeline.kaggle_collect_openalex_sri_lanka: Saved Sri Lankan-affiliated work number=71,780 progress=95.3% api_total=75,333
2026-08-05 13:27:32,319 INFO src.pipeline.kaggle_collect_openalex_sri_lanka: Saved Sri Lankan-affiliated work number=71,781 progress=95.3% api_total=75,333
2026-08-05 13:27:32,319 INFO src.pipeline.kaggle_collect_openalex_sri_lanka: Saved Sri Lankan-affiliated work number=71,782 progress=95.3% api_total=75,333
2026-08-05 13:27:32,319 INFO src.pipeline.kaggle_collect_openalex_sri_lanka: Saved Sri Lankan-affiliated work number=71,783 progress=95.3% api_total=75,333
2026-08-05 13:27:32,320 INFO src.pipeline.kaggle_collect_openalex_sri_lanka: Saved Sri Lankan-affiliated work number=71,784 progress=95.3% api_total=75,333
2026-08-05 13:27:32,320 INFO src.pipeline.kaggle_collect_openalex_sri_lanka: Saved Sri Lankan-affiliated work number=71,785 progress=95.3% api_total=75,333
2026-08-05 13:27:32,321 INFO src.pipeline.kaggle_collect_openalex_sri_lanka: Saved Sri Lankan-affiliated work number=71,786 progress=95.3% api_total=75,333
2026-08-05 13:27:32,321 INFO src.pipeline.kaggle_collect_openalex_sri_lanka: Saved Sri Lankan-affiliated work number=71,787 progress=95.3% api_total=75,333
2026-08-05 13:27:32,321 INFO src.pipeline.kaggle_collect_openalex_sri_lanka: Saved Sri Lankan-affiliated work number=71,788 progress=95.3% api_total=75,333
2026-08-05 13:27:32,322 INFO src.pipeline.kaggle_collect_openalex_sri_lanka: Saved Sri Lankan-affiliated work number=71,789 progress=95.3% api_total=75,333
2026-08-05 13:27:32,322 INFO src.pipeline.kaggle_collect_openalex_sri_lanka: Saved Sri Lankan-affiliated work number=71,790 progress=95.3% api_total=75,333
2026-08-05 13:27:32,322 INFO src.pipeline.kaggle_collect_openalex_sri_lanka: Saved Sri Lankan-affiliated work number=71,791 progress=95.3% api_total=75,333
2026-08-05 13:27:32,323 INFO src.pipeline.kaggle_collect_openalex_sri_lanka: Saved Sri Lankan-affiliated work number=71,792 progress=95.3% api_total=75,333
2026-08-05 13:27:32,323 INFO src.pipeline.kaggle_collect_openalex_sri_lanka: Saved Sri Lankan-affiliated work number=71,793 progress=95.3% api_total=75,333
2026-08-05 13:27:32,324 INFO src.pipeline.kaggle_collect_openalex_sri_lanka: Saved Sri Lankan-affiliated work number=71,794 progress=95.3% api_total=75,333
2026-08-05 13:27:32,324 INFO src.pipeline.kaggle_collect_openalex_sri_lanka: Saved Sri Lankan-affiliated work number=71,795 progress=95.3% api_total=75,333
2026-08-05 13:27:32,325 INFO src.pipeline.kaggle_collect_openalex_sri_lanka: Saved Sri Lankan-affiliated work number=71,796 progress=95.3% api_total=75,333
2026-08-05 13:27:32,325 INFO src.pipeline.kaggle_collect_openalex_sri_lanka: Saved Sri Lankan-affiliated work number=71,797 progress=95.3% api_total=75,333
2026-08-05 13:27:32,326 INFO src.pipeline.kaggle_collect_openalex_sri_lanka: Saved Sri Lankan-affiliated work number=71,798 progress=95.3% api_total=75,333
2026-08-05 13:27:32,326 INFO src.pipeline.kaggle_collect_openalex_sri_lanka: Saved Sri Lankan-affiliated work number=71,799 progress=95.3% api_total=75,333
2026-08-05 13:27:32,327 INFO src.pipeline.kaggle_collect_openalex_sri_lanka: Saved Sri Lankan-affiliated work number=71,800 progress=95.3% api_total=75,333
2026-08-05 13:27:32,327 INFO src.pipeline.kaggle_collect_openalex_sri_lanka: Saved Sri Lankan-affiliated work number=71,801 progress=95.3% api_total=75,333
2026-08-05 13:27:32,328 INFO src.pipeline.kaggle_collect_openalex_sri_lanka: Saved Sri Lankan-affiliated work number=71,802 progress=95.3% api_total=75,333
2026-08-05 13:27:32,328 INFO src.pipeline.kaggle_collect_openalex_sri_lanka: Saved Sri Lankan-affiliated work number=71,803 progress=95.3% api_total=75,333
2026-08-05 13:27:32,329 INFO src.pipeline.kaggle_collect_openalex_sri_lanka: Saved Sri Lankan-affiliated work number=71,804 progress=95.3% api_total=75,333
2026-08-05 13:27:32,329 INFO src.pipeline.kaggle_collect_openalex_sri_lanka: Saved Sri Lankan-affiliated work number=71,805 progress=95.3% api_total=75,333
2026-08-05 13:27:32,330 INFO src.pipeline.kaggle_collect_openalex_sri_lanka: Saved Sri Lankan-affiliated work number=71,806 progress=95.3% api_total=75,333
2026-08-05 13:27:32,330 INFO src.pipeline.kaggle_collect_openalex_sri_lanka: Saved Sri Lankan-affiliated work number=71,807 progress=95.3% api_total=75,333
2026-08-05 13:27:32,330 INFO src.pipeline.kaggle_collect_openalex_sri_lanka: Saved Sri Lankan-affiliated work number=71,808 progress=95.3% api_total=75,333
2026-08-05 13:27:32,331 INFO src.pipeline.kaggle_collect_openalex_sri_lanka: Saved Sri Lankan-affiliated work number=71,809 progress=95.3% api_total=75,333
2026-08-05 13:27:32,331 INFO src.pipeline.kaggle_collect_openalex_sri_lanka: Saved Sri Lankan-affiliated work number=71,810 progress=95.3% api_total=75,333
2026-08-05 13:27:32,332 INFO src.pipeline.kaggle_collect_openalex_sri_lanka: Saved Sri Lankan-affiliated work number=71,811 progress=95.3% api_total=75,333
2026-08-05 13:27:32,332 INFO src.pipeline.kaggle_collect_openalex_sri_lanka: Saved Sri Lankan-affiliated work number=71,812 progress=95.3% api_total=75,333
2026-08-05 13:27:32,333 INFO src.pipeline.kaggle_collect_openalex_sri_lanka: Saved Sri Lankan-affiliated work number=71,813 progress=95.3% api_total=75,333
2026-08-05 13:27:32,333 INFO src.pipeline.kaggle_collect_openalex_sri_lanka: Saved Sri Lankan-affiliated work number=71,814 progress=95.3% api_total=75,333
2026-08-05 13:27:32,333 INFO src.pipeline.kaggle_collect_openalex_sri_lanka: Saved Sri Lankan-affiliated work number=71,815 progress=95.3% api_total=75,333
2026-08-05 13:27:32,334 INFO src.pipeline.kaggle_collect_openalex_sri_lanka: Saved Sri Lankan-affiliated work number=71,816 progress=95.3% api_total=75,333
2026-08-05 13:27:32,334 INFO src.pipeline.kaggle_collect_openalex_sri_lanka: Saved Sri Lankan-affiliated work number=71,817 progress=95.3% api_total=75,333
2026-08-05 13:27:32,334 INFO src.pipeline.kaggle_collect_openalex_sri_lanka: Saved Sri Lankan-affiliated work number=71,818 progress=95.3% api_total=75,333
2026-08-05 13:27:32,335 INFO src.pipeline.kaggle_collect_openalex_sri_lanka: Saved Sri Lankan-affiliated work number=71,819 progress=95.3% api_total=75,333
2026-08-05 13:27:32,335 INFO src.pipeline.kaggle_collect_openalex_sri_lanka: Saved Sri Lankan-affiliated work number=71,820 progress=95.3% api_total=75,333
2026-08-05 13:27:32,335 INFO src.pipeline.kaggle_collect_openalex_sri_lanka: Saved Sri Lankan-affiliated work number=71,821 progress=95.3% api_total=75,333
2026-08-05 13:27:32,336 INFO src.pipeline.kaggle_collect_openalex_sri_lanka: Saved Sri Lankan-affiliated work number=71,822 progress=95.3% api_total=75,333
2026-08-05 13:27:32,336 INFO src.pipeline.kaggle_collect_openalex_sri_lanka: Saved Sri Lankan-affiliated work number=71,823 progress=95.3% api_total=75,333
2026-08-05 13:27:32,336 INFO src.pipeline.kaggle_collect_openalex_sri_lanka: Saved Sri Lankan-affiliated work number=71,824 progress=95.3% api_total=75,333
2026-08-05 13:27:32,338 INFO src.pipeline.kaggle_collect_openalex_sri_lanka: Saved Sri Lankan-affiliated work number=71,825 progress=95.3% api_total=75,333
2026-08-05 13:27:32,339 INFO src.pipeline.kaggle_collect_openalex_sri_lanka: Saved Sri Lankan-affiliated work number=71,826 progress=95.3% api_total=75,333
2026-08-05 13:27:32,339 INFO src.pipeline.kaggle_collect_openalex_sri_lanka: Saved Sri Lankan-affiliated work number=71,827 progress=95.3% api_total=75,333
2026-08-05 13:27:32,340 INFO src.pipeline.kaggle_collect_openalex_sri_lanka: Saved Sri Lankan-affiliated work number=71,828 progress=95.3% api_total=75,333
2026-08-05 13:27:32,340 INFO src.pipeline.kaggle_collect_openalex_sri_lanka: Saved Sri Lankan-affiliated work number=71,829 progress=95.3% api_total=75,333
2026-08-05 13:27:32,341 INFO src.pipeline.kaggle_collect_openalex_sri_lanka: Saved Sri Lankan-affiliated work number=71,830 progress=95.3% api_total=75,333
2026-08-05 13:27:32,341 INFO src.pipeline.kaggle_collect_openalex_sri_lanka: Saved Sri Lankan-affiliated work number=71,831 progress=95.4% api_total=75,333
2026-08-05 13:27:32,341 INFO src.pipeline.kaggle_collect_openalex_sri_lanka: Saved Sri Lankan-affiliated work number=71,832 progress=95.4% api_total=75,333
2026-08-05 13:27:32,341 INFO src.pipeline.kaggle_collect_openalex_sri_lanka: Saved Sri Lankan-affiliated work number=71,833 progress=95.4% api_total=75,333
2026-08-05 13:27:32,342 INFO src.pipeline.kaggle_collect_openalex_sri_lanka: Saved Sri Lankan-affiliated work number=71,834 progress=95.4% api_total=75,333
2026-08-05 13:27:32,342 INFO src.pipeline.kaggle_collect_openalex_sri_lanka: Saved Sri Lankan-affiliated work number=71,835 progress=95.4% api_total=75,333
2026-08-05 13:27:32,342 INFO src.pipeline.kaggle_collect_openalex_sri_lanka: Saved Sri Lankan-affiliated work number=71,836 progress=95.4% api_total=75,333
2026-08-05 13:27:32,343 INFO src.pipeline.kaggle_collect_openalex_sri_lanka: Saved Sri Lankan-affiliated work number=71,837 progress=95.4% api_total=75,333
2026-08-05 13:27:32,343 INFO src.pipeline.kaggle_collect_openalex_sri_lanka: Saved Sri Lankan-affiliated work number=71,838 progress=95.4% api_total=75,333
2026-08-05 13:27:32,343 INFO src.pipeline.kaggle_collect_openalex_sri_lanka: Saved Sri Lankan-affiliated work number=71,839 progress=95.4% api_total=75,333
2026-08-05 13:27:32,343 INFO src.pipeline.kaggle_collect_openalex_sri_lanka: Saved Sri Lankan-affiliated work number=71,840 progress=95.4% api_total=75,333
2026-08-05 13:27:32,344 INFO src.pipeline.kaggle_collect_openalex_sri_lanka: Saved Sri Lankan-affiliated work number=71,841 progress=95.4% api_total=75,333
2026-08-05 13:27:32,344 INFO src.pipeline.kaggle_collect_openalex_sri_lanka: Saved Sri Lankan-affiliated work number=71,842 progress=95.4% api_total=75,333
2026-08-05 13:27:32,344 INFO src.pipeline.kaggle_collect_openalex_sri_lanka: Saved Sri Lankan-affiliated work number=71,843 progress=95.4% api_total=75,333
2026-08-05 13:27:32,345 INFO src.pipeline.kaggle_collect_openalex_sri_lanka: Saved Sri Lankan-affiliated work number=71,844 progress=95.4% api_total=75,333
2026-08-05 13:27:32,345 INFO src.pipeline.kaggle_collect_openalex_sri_lanka: Saved Sri Lankan-affiliated work number=71,845 progress=95.4% api_total=75,333
2026-08-05 13:27:32,345 INFO src.pipeline.kaggle_collect_openalex_sri_lanka: Saved Sri Lankan-affiliated work number=71,846 progress=95.4% api_total=75,333
2026-08-05 13:27:32,346 INFO src.pipeline.kaggle_collect_openalex_sri_lanka: Saved Sri Lankan-affiliated work number=71,847 progress=95.4% api_total=75,333
2026-08-05 13:27:32,346 INFO src.pipeline.kaggle_collect_openalex_sri_lanka: Saved Sri Lankan-affiliated work number=71,848 progress=95.4% api_total=75,333
2026-08-05 13:27:41,476 INFO src.collectors.openalex_collector: Fetched OpenAlex page page=9/377 progress=2.4% fetched=200 kept=200 skipped=0 next_cursor=yes
2026-08-05 13:27:41,482 INFO src.pipeline.kaggle_collect_openalex_sri_lanka: Saved Sri Lankan-affiliated work number=71,849 progress=95.4% api_total=75,333
2026-08-05 13:27:41,482 INFO src.pipeline.kaggle_collect_openalex_sri_lanka: Saved Sri Lankan-affiliated work number=71,850 progress=95.4% api_total=75,333
2026-08-05 13:27:41,482 INFO src.pipeline.kaggle_collect_openalex_sri_lanka: Saved Sri Lankan-affiliated work number=71,851 progress=95.4% api_total=75,333
2026-08-05 13:27:41,483 INFO src.pipeline.kaggle_collect_openalex_sri_lanka: Saved Sri Lankan-affiliated work number=71,852 progress=95.4% api_total=75,333
2026-08-05 13:27:41,483 INFO src.pipeline.kaggle_collect_openalex_sri_lanka: Saved Sri Lankan-affiliated work number=71,853 progress=95.4% api_total=75,333
2026-08-05 13:27:41,484 INFO src.pipeline.kaggle_collect_openalex_sri_lanka: Saved Sri Lankan-affiliated work number=71,854 progress=95.4% api_total=75,333
2026-08-05 13:27:41,484 INFO src.pipeline.kaggle_collect_openalex_sri_lanka: Saved Sri Lankan-affiliated work number=71,855 progress=95.4% api_total=75,333
2026-08-05 13:27:41,485 INFO src.pipeline.kaggle_collect_openalex_sri_lanka: Saved Sri Lankan-affiliated work number=71,856 progress=95.4% api_total=75,333
2026-08-05 13:27:41,485 INFO src.pipeline.kaggle_collect_openalex_sri_lanka: Saved Sri Lankan-affiliated work number=71,857 progress=95.4% api_total=75,333
2026-08-05 13:27:41,486 INFO src.pipeline.kaggle_collect_openalex_sri_lanka: Saved Sri Lankan-affiliated work number=71,858 progress=95.4% api_total=75,333
2026-08-05 13:27:41,486 INFO src.pipeline.kaggle_collect_openalex_sri_lanka: Saved Sri Lankan-affiliated work number=71,859 progress=95.4% api_total=75,333
2026-08-05 13:27:41,486 INFO src.pipeline.kaggle_collect_openalex_sri_lanka: Saved Sri Lankan-affiliated work number=71,860 progress=95.4% api_total=75,333
2026-08-05 13:27:41,487 INFO src.pipeline.kaggle_collect_openalex_sri_lanka: Saved Sri Lankan-affiliated work number=71,861 progress=95.4% api_total=75,333
2026-08-05 13:27:41,487 INFO src.pipeline.kaggle_collect_openalex_sri_lanka: Saved Sri Lankan-affiliated work number=71,862 progress=95.4% api_total=75,333
2026-08-05 13:27:41,487 INFO src.pipeline.kaggle_collect_openalex_sri_lanka: Saved Sri Lankan-affiliated work number=71,863 progress=95.4% api_total=75,333
2026-08-05 13:27:41,488 INFO src.pipeline.kaggle_collect_openalex_sri_lanka: Saved Sri Lankan-affiliated work number=71,864 progress=95.4% api_total=75,333
2026-08-05 13:27:41,488 INFO src.pipeline.kaggle_collect_openalex_sri_lanka: Saved Sri Lankan-affiliated work number=71,865 progress=95.4% api_total=75,333
2026-08-05 13:27:41,488 INFO src.pipeline.kaggle_collect_openalex_sri_lanka: Saved Sri Lankan-affiliated work number=71,866 progress=95.4% api_total=75,333
2026-08-05 13:27:41,489 INFO src.pipeline.kaggle_collect_openalex_sri_lanka: Saved Sri Lankan-affiliated work number=71,867 progress=95.4% api_total=75,333
2026-08-05 13:27:41,489 INFO src.pipeline.kaggle_collect_openalex_sri_lanka: Saved Sri Lankan-affiliated work number=71,868 progress=95.4% api_total=75,333
2026-08-05 13:27:41,490 INFO src.pipeline.kaggle_collect_openalex_sri_lanka: Saved Sri Lankan-affiliated work number=71,869 progress=95.4% api_total=75,333
2026-08-05 13:27:41,490 INFO src.pipeline.kaggle_collect_openalex_sri_lanka: Saved Sri Lankan-affiliated work number=71,870 progress=95.4% api_total=75,333
2026-08-05 13:27:41,490 INFO src.pipeline.kaggle_collect_openalex_sri_lanka: Saved Sri Lankan-affiliated work number=71,871 progress=95.4% api_total=75,333
2026-08-05 13:27:41,490 INFO src.pipeline.kaggle_collect_openalex_sri_lanka: Saved Sri Lankan-affiliated work number=71,872 progress=95.4% api_total=75,333
2026-08-05 13:27:41,491 INFO src.pipeline.kaggle_collect_openalex_sri_lanka: Saved Sri Lankan-affiliated work number=71,873 progress=95.4% api_total=75,333
2026-08-05 13:27:41,491 INFO src.pipeline.kaggle_collect_openalex_sri_lanka: Saved Sri Lankan-affiliated work number=71,874 progress=95.4% api_total=75,333
2026-08-05 13:27:41,491 INFO src.pipeline.kaggle_collect_openalex_sri_lanka: Saved Sri Lankan-affiliated work number=71,875 progress=95.4% api_total=75,333
2026-08-05 13:27:41,492 INFO src.pipeline.kaggle_collect_openalex_sri_lanka: Saved Sri Lankan-affiliated work number=71,876 progress=95.4% api_total=75,333
2026-08-05 13:27:41,492 INFO src.pipeline.kaggle_collect_openalex_sri_lanka: Saved Sri Lankan-affiliated work number=71,877 progress=95.4% api_total=75,333
2026-08-05 13:27:41,492 INFO src.pipeline.kaggle_collect_openalex_sri_lanka: Saved Sri Lankan-affiliated work number=71,878 progress=95.4% api_total=75,333
2026-08-05 13:27:41,493 INFO src.pipeline.kaggle_collect_openalex_sri_lanka: Saved Sri Lankan-affiliated work number=71,879 progress=95.4% api_total=75,333
2026-08-05 13:27:41,493 INFO src.pipeline.kaggle_collect_openalex_sri_lanka: Saved Sri Lankan-affiliated work number=71,880 progress=95.4% api_total=75,333
2026-08-05 13:27:41,493 INFO src.pipeline.kaggle_collect_openalex_sri_lanka: Saved Sri Lankan-affiliated work number=71,881 progress=95.4% api_total=75,333
2026-08-05 13:27:41,493 INFO src.pipeline.kaggle_collect_openalex_sri_lanka: Saved Sri Lankan-affiliated work number=71,882 progress=95.4% api_total=75,333
2026-08-05 13:27:41,494 INFO src.pipeline.kaggle_collect_openalex_sri_lanka: Saved Sri Lankan-affiliated work number=71,883 progress=95.4% api_total=75,333
2026-08-05 13:27:41,494 INFO src.pipeline.kaggle_collect_openalex_sri_lanka: Saved Sri Lankan-affiliated work number=71,884 progress=95.4% api_total=75,333
2026-08-05 13:27:41,494 INFO src.pipeline.kaggle_collect_openalex_sri_lanka: Saved Sri Lankan-affiliated work number=71,885 progress=95.4% api_total=75,333
2026-08-05 13:27:41,495 INFO src.pipeline.kaggle_collect_openalex_sri_lanka: Saved Sri Lankan-affiliated work number=71,886 progress=95.4% api_total=75,333
2026-08-05 13:27:41,495 INFO src.pipeline.kaggle_collect_openalex_sri_lanka: Saved Sri Lankan-affiliated work number=71,887 progress=95.4% api_total=75,333
2026-08-05 13:27:41,495 INFO src.pipeline.kaggle_collect_openalex_sri_lanka: Saved Sri Lankan-affiliated work number=71,888 progress=95.4% api_total=75,333
2026-08-05 13:27:41,496 INFO src.pipeline.kaggle_collect_openalex_sri_lanka: Saved Sri Lankan-affiliated work number=71,889 progress=95.4% api_total=75,333
2026-08-05 13:27:41,496 INFO src.pipeline.kaggle_collect_openalex_sri_lanka: Saved Sri Lankan-affiliated work number=71,890 progress=95.4% api_total=75,333
2026-08-05 13:27:41,496 INFO src.pipeline.kaggle_collect_openalex_sri_lanka: Saved Sri Lankan-affiliated work number=71,891 progress=95.4% api_total=75,333
2026-08-05 13:27:41,496 INFO src.pipeline.kaggle_collect_openalex_sri_lanka: Saved Sri Lankan-affiliated work number=71,892 progress=95.4% api_total=75,333
2026-08-05 13:27:41,497 INFO src.pipeline.kaggle_collect_openalex_sri_lanka: Saved Sri Lankan-affiliated work number=71,893 progress=95.4% api_total=75,333
2026-08-05 13:27:41,497 INFO src.pipeline.kaggle_collect_openalex_sri_lanka: Saved Sri Lankan-affiliated work number=71,894 progress=95.4% api_total=75,333
2026-08-05 13:27:41,497 INFO src.pipeline.kaggle_collect_openalex_sri_lanka: Saved Sri Lankan-affiliated work number=71,895 progress=95.4% api_total=75,333
2026-08-05 13:27:41,498 INFO src.pipeline.kaggle_collect_openalex_sri_lanka: Saved Sri Lankan-affiliated work number=71,896 progress=95.4% api_total=75,333
2026-08-05 13:27:41,498 INFO src.pipeline.kaggle_collect_openalex_sri_lanka: Saved Sri Lankan-affiliated work number=71,897 progress=95.4% api_total=75,333
2026-08-05 13:27:41,498 INFO src.pipeline.kaggle_collect_openalex_sri_lanka: Saved Sri Lankan-affiliated work number=71,898 progress=95.4% api_total=75,333
2026-08-05 13:27:41,499 INFO src.pipeline.kaggle_collect_openalex_sri_lanka: Saved Sri Lankan-affiliated work number=71,899 progress=95.4% api_total=75,333
2026-08-05 13:27:41,499 INFO src.pipeline.kaggle_collect_openalex_sri_lanka: Saved Sri Lankan-affiliated work number=71,900 progress=95.4% api_total=75,333
2026-08-05 13:27:41,499 INFO src.pipeline.kaggle_collect_openalex_sri_lanka: Saved Sri Lankan-affiliated work number=71,901 progress=95.4% api_total=75,333
2026-08-05 13:27:41,500 INFO src.pipeline.kaggle_collect_openalex_sri_lanka: Saved Sri Lankan-affiliated work number=71,902 progress=95.4% api_total=75,333
2026-08-05 13:27:41,500 INFO src.pipeline.kaggle_collect_openalex_sri_lanka: Saved Sri Lankan-affiliated work number=71,903 progress=95.4% api_total=75,333
2026-08-05 13:27:41,500 INFO src.pipeline.kaggle_collect_openalex_sri_lanka: Saved Sri Lankan-affiliated work number=71,904 progress=95.4% api_total=75,333
2026-08-05 13:27:41,501 INFO src.pipeline.kaggle_collect_openalex_sri_lanka: Saved Sri Lankan-affiliated work number=71,905 progress=95.4% api_total=75,333
2026-08-05 13:27:41,502 INFO src.pipeline.kaggle_collect_openalex_sri_lanka: Saved Sri Lankan-affiliated work number=71,906 progress=95.5% api_total=75,333
2026-08-05 13:27:41,502 INFO src.pipeline.kaggle_collect_openalex_sri_lanka: Saved Sri Lankan-affiliated work number=71,907 progress=95.5% api_total=75,333
2026-08-05 13:27:41,502 INFO src.pipeline.kaggle_collect_openalex_sri_lanka: Saved Sri Lankan-affiliated work number=71,908 progress=95.5% api_total=75,333
2026-08-05 13:27:41,503 INFO src.pipeline.kaggle_collect_openalex_sri_lanka: Saved Sri Lankan-affiliated work number=71,909 progress=95.5% api_total=75,333
2026-08-05 13:27:41,504 INFO src.pipeline.kaggle_collect_openalex_sri_lanka: Saved Sri Lankan-affiliated work number=71,910 progress=95.5% api_total=75,333
2026-08-05 13:27:41,504 INFO src.pipeline.kaggle_collect_openalex_sri_lanka: Saved Sri Lankan-affiliated work number=71,911 progress=95.5% api_total=75,333
2026-08-05 13:27:41,505 INFO src.pipeline.kaggle_collect_openalex_sri_lanka: Saved Sri Lankan-affiliated work number=71,912 progress=95.5% api_total=75,333
2026-08-05 13:27:41,505 INFO src.pipeline.kaggle_collect_openalex_sri_lanka: Saved Sri Lankan-affiliated work number=71,913 progress=95.5% api_total=75,333
2026-08-05 13:27:41,505 INFO src.pipeline.kaggle_collect_openalex_sri_lanka: Saved Sri Lankan-affiliated work number=71,914 progress=95.5% api_total=75,333
2026-08-05 13:27:41,506 INFO src.pipeline.kaggle_collect_openalex_sri_lanka: Saved Sri Lankan-affiliated work number=71,915 progress=95.5% api_total=75,333
2026-08-05 13:27:41,506 INFO src.pipeline.kaggle_collect_openalex_sri_lanka: Saved Sri Lankan-affiliated work number=71,916 progress=95.5% api_total=75,333
2026-08-05 13:27:41,506 INFO src.pipeline.kaggle_collect_openalex_sri_lanka: Saved Sri Lankan-affiliated work number=71,917 progress=95.5% api_total=75,333
2026-08-05 13:27:41,507 INFO src.pipeline.kaggle_collect_openalex_sri_lanka: Saved Sri Lankan-affiliated work number=71,918 progress=95.5% api_total=75,333
2026-08-05 13:27:41,507 INFO src.pipeline.kaggle_collect_openalex_sri_lanka: Saved Sri Lankan-affiliated work number=71,919 progress=95.5% api_total=75,333
2026-08-05 13:27:41,508 INFO src.pipeline.kaggle_collect_openalex_sri_lanka: Saved Sri Lankan-affiliated work number=71,920 progress=95.5% api_total=75,333
2026-08-05 13:27:41,508 INFO src.pipeline.kaggle_collect_openalex_sri_lanka: Saved Sri Lankan-affiliated work number=71,921 progress=95.5% api_total=75,333
2026-08-05 13:27:41,508 INFO src.pipeline.kaggle_collect_openalex_sri_lanka: Saved Sri Lankan-affiliated work number=71,922 progress=95.5% api_total=75,333
2026-08-05 13:27:41,509 INFO src.pipeline.kaggle_collect_openalex_sri_lanka: Saved Sri Lankan-affiliated work number=71,923 progress=95.5% api_total=75,333
2026-08-05 13:27:41,509 INFO src.pipeline.kaggle_collect_openalex_sri_lanka: Saved Sri Lankan-affiliated work number=71,924 progress=95.5% api_total=75,333
2026-08-05 13:27:41,510 INFO src.pipeline.kaggle_collect_openalex_sri_lanka: Saved Sri Lankan-affiliated work number=71,925 progress=95.5% api_total=75,333
2026-08-05 13:27:41,510 INFO src.pipeline.kaggle_collect_openalex_sri_lanka: Saved Sri Lankan-affiliated work number=71,926 progress=95.5% api_total=75,333
2026-08-05 13:27:41,510 INFO src.pipeline.kaggle_collect_openalex_sri_lanka: Saved Sri Lankan-affiliated work number=71,927 progress=95.5% api_total=75,333
2026-08-05 13:27:41,511 INFO src.pipeline.kaggle_collect_openalex_sri_lanka: Saved Sri Lankan-affiliated work number=71,928 progress=95.5% api_total=75,333
2026-08-05 13:27:41,511 INFO src.pipeline.kaggle_collect_openalex_sri_lanka: Saved Sri Lankan-affiliated work number=71,929 progress=95.5% api_total=75,333
2026-08-05 13:27:41,511 INFO src.pipeline.kaggle_collect_openalex_sri_lanka: Saved Sri Lankan-affiliated work number=71,930 progress=95.5% api_total=75,333
2026-08-05 13:27:41,511 INFO src.pipeline.kaggle_collect_openalex_sri_lanka: Saved Sri Lankan-affiliated work number=71,931 progress=95.5% api_total=75,333
2026-08-05 13:27:41,512 INFO src.pipeline.kaggle_collect_openalex_sri_lanka: Saved Sri Lankan-affiliated work number=71,932 progress=95.5% api_total=75,333
2026-08-05 13:27:41,512 INFO src.pipeline.kaggle_collect_openalex_sri_lanka: Saved Sri Lankan-affiliated work number=71,933 progress=95.5% api_total=75,333
2026-08-05 13:27:41,512 INFO src.pipeline.kaggle_collect_openalex_sri_lanka: Saved Sri Lankan-affiliated work number=71,934 progress=95.5% api_total=75,333
2026-08-05 13:27:41,513 INFO src.pipeline.kaggle_collect_openalex_sri_lanka: Saved Sri Lankan-affiliated work number=71,935 progress=95.5% api_total=75,333
2026-08-05 13:27:41,513 INFO src.pipeline.kaggle_collect_openalex_sri_lanka: Saved Sri Lankan-affiliated work number=71,936 progress=95.5% api_total=75,333
2026-08-05 13:27:41,513 INFO src.pipeline.kaggle_collect_openalex_sri_lanka: Saved Sri Lankan-affiliated work number=71,937 progress=95.5% api_total=75,333
2026-08-05 13:27:41,514 INFO src.pipeline.kaggle_collect_openalex_sri_lanka: Saved Sri Lankan-affiliated work number=71,938 progress=95.5% api_total=75,333
2026-08-05 13:27:41,514 INFO src.pipeline.kaggle_collect_openalex_sri_lanka: Saved Sri Lankan-affiliated work number=71,939 progress=95.5% api_total=75,333
2026-08-05 13:27:41,514 INFO src.pipeline.kaggle_collect_openalex_sri_lanka: Saved Sri Lankan-affiliated work number=71,940 progress=95.5% api_total=75,333
2026-08-05 13:27:41,515 INFO src.pipeline.kaggle_collect_openalex_sri_lanka: Saved Sri Lankan-affiliated work number=71,941 progress=95.5% api_total=75,333
2026-08-05 13:27:41,515 INFO src.pipeline.kaggle_collect_openalex_sri_lanka: Saved Sri Lankan-affiliated work number=71,942 progress=95.5% api_total=75,333
2026-08-05 13:27:41,515 INFO src.pipeline.kaggle_collect_openalex_sri_lanka: Saved Sri Lankan-affiliated work number=71,943 progress=95.5% api_total=75,333
2026-08-05 13:27:41,516 INFO src.pipeline.kaggle_collect_openalex_sri_lanka: Saved Sri Lankan-affiliated work number=71,944 progress=95.5% api_total=75,333
2026-08-05 13:27:41,516 INFO src.pipeline.kaggle_collect_openalex_sri_lanka: Saved Sri Lankan-affiliated work number=71,945 progress=95.5% api_total=75,333
2026-08-05 13:27:41,516 INFO src.pipeline.kaggle_collect_openalex_sri_lanka: Saved Sri Lankan-affiliated work number=71,946 progress=95.5% api_total=75,333
2026-08-05 13:27:41,516 INFO src.pipeline.kaggle_collect_openalex_sri_lanka: Saved Sri Lankan-affiliated work number=71,947 progress=95.5% api_total=75,333
2026-08-05 13:27:41,517 INFO src.pipeline.kaggle_collect_openalex_sri_lanka: Saved Sri Lankan-affiliated work number=71,948 progress=95.5% api_total=75,333
2026-08-05 13:27:41,517 INFO src.pipeline.kaggle_collect_openalex_sri_lanka: Saved Sri Lankan-affiliated work number=71,949 progress=95.5% api_total=75,333
2026-08-05 13:27:41,517 INFO src.pipeline.kaggle_collect_openalex_sri_lanka: Saved Sri Lankan-affiliated work number=71,950 progress=95.5% api_total=75,333
2026-08-05 13:27:41,518 INFO src.pipeline.kaggle_collect_openalex_sri_lanka: Saved Sri Lankan-affiliated work number=71,951 progress=95.5% api_total=75,333
2026-08-05 13:27:41,518 INFO src.pipeline.kaggle_collect_openalex_sri_lanka: Saved Sri Lankan-affiliated work number=71,952 progress=95.5% api_total=75,333
2026-08-05 13:27:41,519 INFO src.pipeline.kaggle_collect_openalex_sri_lanka: Saved Sri Lankan-affiliated work number=71,953 progress=95.5% api_total=75,333
2026-08-05 13:27:41,519 INFO src.pipeline.kaggle_collect_openalex_sri_lanka: Saved Sri Lankan-affiliated work number=71,954 progress=95.5% api_total=75,333
2026-08-05 13:27:41,519 INFO src.pipeline.kaggle_collect_openalex_sri_lanka: Saved Sri Lankan-affiliated work number=71,955 progress=95.5% api_total=75,333
2026-08-05 13:27:41,520 INFO src.pipeline.kaggle_collect_openalex_sri_lanka: Saved Sri Lankan-affiliated work number=71,956 progress=95.5% api_total=75,333
2026-08-05 13:27:41,520 INFO src.pipeline.kaggle_collect_openalex_sri_lanka: Saved Sri Lankan-affiliated work number=71,957 progress=95.5% api_total=75,333
2026-08-05 13:27:41,520 INFO src.pipeline.kaggle_collect_openalex_sri_lanka: Saved Sri Lankan-affiliated work number=71,958 progress=95.5% api_total=75,333
2026-08-05 13:27:41,521 INFO src.pipeline.kaggle_collect_openalex_sri_lanka: Saved Sri Lankan-affiliated work number=71,959 progress=95.5% api_total=75,333
2026-08-05 13:27:41,521 INFO src.pipeline.kaggle_collect_openalex_sri_lanka: Saved Sri Lankan-affiliated work number=71,960 progress=95.5% api_total=75,333
2026-08-05 13:27:41,521 INFO src.pipeline.kaggle_collect_openalex_sri_lanka: Saved Sri Lankan-affiliated work number=71,961 progress=95.5% api_total=75,333
2026-08-05 13:27:41,522 INFO src.pipeline.kaggle_collect_openalex_sri_lanka: Saved Sri Lankan-affiliated work number=71,962 progress=95.5% api_total=75,333
2026-08-05 13:27:41,522 INFO src.pipeline.kaggle_collect_openalex_sri_lanka: Saved Sri Lankan-affiliated work number=71,963 progress=95.5% api_total=75,333
2026-08-05 13:27:41,522 INFO src.pipeline.kaggle_collect_openalex_sri_lanka: Saved Sri Lankan-affiliated work number=71,964 progress=95.5% api_total=75,333
2026-08-05 13:27:41,523 INFO src.pipeline.kaggle_collect_openalex_sri_lanka: Saved Sri Lankan-affiliated work number=71,965 progress=95.5% api_total=75,333
2026-08-05 13:27:41,523 INFO src.pipeline.kaggle_collect_openalex_sri_lanka: Saved Sri Lankan-affiliated work number=71,966 progress=95.5% api_total=75,333
2026-08-05 13:27:41,523 INFO src.pipeline.kaggle_collect_openalex_sri_lanka: Saved Sri Lankan-affiliated work number=71,967 progress=95.5% api_total=75,333
2026-08-05 13:27:41,523 INFO src.pipeline.kaggle_collect_openalex_sri_lanka: Saved Sri Lankan-affiliated work number=71,968 progress=95.5% api_total=75,333
2026-08-05 13:27:41,524 INFO src.pipeline.kaggle_collect_openalex_sri_lanka: Saved Sri Lankan-affiliated work number=71,969 progress=95.5% api_total=75,333
2026-08-05 13:27:41,524 INFO src.pipeline.kaggle_collect_openalex_sri_lanka: Saved Sri Lankan-affiliated work number=71,970 progress=95.5% api_total=75,333
2026-08-05 13:27:41,524 INFO src.pipeline.kaggle_collect_openalex_sri_lanka: Saved Sri Lankan-affiliated work number=71,971 progress=95.5% api_total=75,333
2026-08-05 13:27:41,524 INFO src.pipeline.kaggle_collect_openalex_sri_lanka: Saved Sri Lankan-affiliated work number=71,972 progress=95.5% api_total=75,333
2026-08-05 13:27:41,525 INFO src.pipeline.kaggle_collect_openalex_sri_lanka: Saved Sri Lankan-affiliated work number=71,973 progress=95.5% api_total=75,333
2026-08-05 13:27:41,525 INFO src.pipeline.kaggle_collect_openalex_sri_lanka: Saved Sri Lankan-affiliated work number=71,974 progress=95.5% api_total=75,333
2026-08-05 13:27:41,525 INFO src.pipeline.kaggle_collect_openalex_sri_lanka: Saved Sri Lankan-affiliated work number=71,975 progress=95.5% api_total=75,333
2026-08-05 13:27:41,525 INFO src.pipeline.kaggle_collect_openalex_sri_lanka: Saved Sri Lankan-affiliated work number=71,976 progress=95.5% api_total=75,333
2026-08-05 13:27:41,525 INFO src.pipeline.kaggle_collect_openalex_sri_lanka: Saved Sri Lankan-affiliated work number=71,977 progress=95.5% api_total=75,333
2026-08-05 13:27:41,526 INFO src.pipeline.kaggle_collect_openalex_sri_lanka: Saved Sri Lankan-affiliated work number=71,978 progress=95.5% api_total=75,333
2026-08-05 13:27:41,526 INFO src.pipeline.kaggle_collect_openalex_sri_lanka: Saved Sri Lankan-affiliated work number=71,979 progress=95.5% api_total=75,333
2026-08-05 13:27:41,526 INFO src.pipeline.kaggle_collect_openalex_sri_lanka: Saved Sri Lankan-affiliated work number=71,980 progress=95.5% api_total=75,333
2026-08-05 13:27:41,527 INFO src.pipeline.kaggle_collect_openalex_sri_lanka: Saved Sri Lankan-affiliated work number=71,981 progress=95.6% api_total=75,333
2026-08-05 13:27:41,527 INFO src.pipeline.kaggle_collect_openalex_sri_lanka: Saved Sri Lankan-affiliated work number=71,982 progress=95.6% api_total=75,333
2026-08-05 13:27:41,527 INFO src.pipeline.kaggle_collect_openalex_sri_lanka: Saved Sri Lankan-affiliated work number=71,983 progress=95.6% api_total=75,333
2026-08-05 13:27:41,528 INFO src.pipeline.kaggle_collect_openalex_sri_lanka: Saved Sri Lankan-affiliated work number=71,984 progress=95.6% api_total=75,333
2026-08-05 13:27:41,528 INFO src.pipeline.kaggle_collect_openalex_sri_lanka: Saved Sri Lankan-affiliated work number=71,985 progress=95.6% api_total=75,333
2026-08-05 13:27:41,528 INFO src.pipeline.kaggle_collect_openalex_sri_lanka: Saved Sri Lankan-affiliated work number=71,986 progress=95.6% api_total=75,333
2026-08-05 13:27:41,529 INFO src.pipeline.kaggle_collect_openalex_sri_lanka: Saved Sri Lankan-affiliated work number=71,987 progress=95.6% api_total=75,333
2026-08-05 13:27:41,529 INFO src.pipeline.kaggle_collect_openalex_sri_lanka: Saved Sri Lankan-affiliated work number=71,988 progress=95.6% api_total=75,333
2026-08-05 13:27:41,529 INFO src.pipeline.kaggle_collect_openalex_sri_lanka: Saved Sri Lankan-affiliated work number=71,989 progress=95.6% api_total=75,333
2026-08-05 13:27:41,529 INFO src.pipeline.kaggle_collect_openalex_sri_lanka: Saved Sri Lankan-affiliated work number=71,990 progress=95.6% api_total=75,333
2026-08-05 13:27:41,530 INFO src.pipeline.kaggle_collect_openalex_sri_lanka: Saved Sri Lankan-affiliated work number=71,991 progress=95.6% api_total=75,333
2026-08-05 13:27:41,530 INFO src.pipeline.kaggle_collect_openalex_sri_lanka: Saved Sri Lankan-affiliated work number=71,992 progress=95.6% api_total=75,333
2026-08-05 13:27:41,530 INFO src.pipeline.kaggle_collect_openalex_sri_lanka: Saved Sri Lankan-affiliated work number=71,993 progress=95.6% api_total=75,333
2026-08-05 13:27:41,530 INFO src.pipeline.kaggle_collect_openalex_sri_lanka: Saved Sri Lankan-affiliated work number=71,994 progress=95.6% api_total=75,333
2026-08-05 13:27:41,531 INFO src.pipeline.kaggle_collect_openalex_sri_lanka: Saved Sri Lankan-affiliated work number=71,995 progress=95.6% api_total=75,333
2026-08-05 13:27:41,531 INFO src.pipeline.kaggle_collect_openalex_sri_lanka: Saved Sri Lankan-affiliated work number=71,996 progress=95.6% api_total=75,333
2026-08-05 13:27:41,531 INFO src.pipeline.kaggle_collect_openalex_sri_lanka: Saved Sri Lankan-affiliated work number=71,997 progress=95.6% api_total=75,333
2026-08-05 13:27:41,531 INFO src.pipeline.kaggle_collect_openalex_sri_lanka: Saved Sri Lankan-affiliated work number=71,998 progress=95.6% api_total=75,333
2026-08-05 13:27:41,532 INFO src.pipeline.kaggle_collect_openalex_sri_lanka: Saved Sri Lankan-affiliated work number=71,999 progress=95.6% api_total=75,333
2026-08-05 13:27:41,532 INFO src.pipeline.kaggle_collect_openalex_sri_lanka: Saved Sri Lankan-affiliated work number=72,000 progress=95.6% api_total=75,333
2026-08-05 13:27:41,532 INFO src.pipeline.kaggle_collect_openalex_sri_lanka: Saved Sri Lankan-affiliated work number=72,001 progress=95.6% api_total=75,333
2026-08-05 13:27:41,532 INFO src.pipeline.kaggle_collect_openalex_sri_lanka: Saved Sri Lankan-affiliated work number=72,002 progress=95.6% api_total=75,333
2026-08-05 13:27:41,533 INFO src.pipeline.kaggle_collect_openalex_sri_lanka: Saved Sri Lankan-affiliated work number=72,003 progress=95.6% api_total=75,333
2026-08-05 13:27:41,533 INFO src.pipeline.kaggle_collect_openalex_sri_lanka: Saved Sri Lankan-affiliated work number=72,004 progress=95.6% api_total=75,333
2026-08-05 13:27:41,533 INFO src.pipeline.kaggle_collect_openalex_sri_lanka: Saved Sri Lankan-affiliated work number=72,005 progress=95.6% api_total=75,333
2026-08-05 13:27:41,534 INFO src.pipeline.kaggle_collect_openalex_sri_lanka: Saved Sri Lankan-affiliated work number=72,006 progress=95.6% api_total=75,333
2026-08-05 13:27:41,534 INFO src.pipeline.kaggle_collect_openalex_sri_lanka: Saved Sri Lankan-affiliated work number=72,007 progress=95.6% api_total=75,333
2026-08-05 13:27:41,534 INFO src.pipeline.kaggle_collect_openalex_sri_lanka: Saved Sri Lankan-affiliated work number=72,008 progress=95.6% api_total=75,333
2026-08-05 13:27:41,534 INFO src.pipeline.kaggle_collect_openalex_sri_lanka: Saved Sri Lankan-affiliated work number=72,009 progress=95.6% api_total=75,333
2026-08-05 13:27:41,534 INFO src.pipeline.kaggle_collect_openalex_sri_lanka: Saved Sri Lankan-affiliated work number=72,010 progress=95.6% api_total=75,333
2026-08-05 13:27:41,535 INFO src.pipeline.kaggle_collect_openalex_sri_lanka: Saved Sri Lankan-affiliated work number=72,011 progress=95.6% api_total=75,333
2026-08-05 13:27:41,535 INFO src.pipeline.kaggle_collect_openalex_sri_lanka: Saved Sri Lankan-affiliated work number=72,012 progress=95.6% api_total=75,333
2026-08-05 13:27:41,535 INFO src.pipeline.kaggle_collect_openalex_sri_lanka: Saved Sri Lankan-affiliated work number=72,013 progress=95.6% api_total=75,333
2026-08-05 13:27:41,536 INFO src.pipeline.kaggle_collect_openalex_sri_lanka: Saved Sri Lankan-affiliated work number=72,014 progress=95.6% api_total=75,333
2026-08-05 13:27:41,536 INFO src.pipeline.kaggle_collect_openalex_sri_lanka: Saved Sri Lankan-affiliated work number=72,015 progress=95.6% api_total=75,333
2026-08-05 13:27:41,536 INFO src.pipeline.kaggle_collect_openalex_sri_lanka: Saved Sri Lankan-affiliated work number=72,016 progress=95.6% api_total=75,333
2026-08-05 13:27:41,537 INFO src.pipeline.kaggle_collect_openalex_sri_lanka: Saved Sri Lankan-affiliated work number=72,017 progress=95.6% api_total=75,333
2026-08-05 13:27:41,537 INFO src.pipeline.kaggle_collect_openalex_sri_lanka: Saved Sri Lankan-affiliated work number=72,018 progress=95.6% api_total=75,333
2026-08-05 13:27:41,537 INFO src.pipeline.kaggle_collect_openalex_sri_lanka: Saved Sri Lankan-affiliated work number=72,019 progress=95.6% api_total=75,333
2026-08-05 13:27:41,538 INFO src.pipeline.kaggle_collect_openalex_sri_lanka: Saved Sri Lankan-affiliated work number=72,020 progress=95.6% api_total=75,333
2026-08-05 13:27:41,538 INFO src.pipeline.kaggle_collect_openalex_sri_lanka: Saved Sri Lankan-affiliated work number=72,021 progress=95.6% api_total=75,333
2026-08-05 13:27:41,539 INFO src.pipeline.kaggle_collect_openalex_sri_lanka: Saved Sri Lankan-affiliated work number=72,022 progress=95.6% api_total=75,333
2026-08-05 13:27:41,539 INFO src.pipeline.kaggle_collect_openalex_sri_lanka: Saved Sri Lankan-affiliated work number=72,023 progress=95.6% api_total=75,333
2026-08-05 13:27:41,539 INFO src.pipeline.kaggle_collect_openalex_sri_lanka: Saved Sri Lankan-affiliated work number=72,024 progress=95.6% api_total=75,333
2026-08-05 13:27:41,540 INFO src.pipeline.kaggle_collect_openalex_sri_lanka: Saved Sri Lankan-affiliated work number=72,025 progress=95.6% api_total=75,333
2026-08-05 13:27:41,540 INFO src.pipeline.kaggle_collect_openalex_sri_lanka: Saved Sri Lankan-affiliated work number=72,026 progress=95.6% api_total=75,333
2026-08-05 13:27:41,540 INFO src.pipeline.kaggle_collect_openalex_sri_lanka: Saved Sri Lankan-affiliated work number=72,027 progress=95.6% api_total=75,333
2026-08-05 13:27:41,541 INFO src.pipeline.kaggle_collect_openalex_sri_lanka: Saved Sri Lankan-affiliated work number=72,028 progress=95.6% api_total=75,333
2026-08-05 13:27:41,541 INFO src.pipeline.kaggle_collect_openalex_sri_lanka: Saved Sri Lankan-affiliated work number=72,029 progress=95.6% api_total=75,333
2026-08-05 13:27:41,541 INFO src.pipeline.kaggle_collect_openalex_sri_lanka: Saved Sri Lankan-affiliated work number=72,030 progress=95.6% api_total=75,333
2026-08-05 13:27:41,541 INFO src.pipeline.kaggle_collect_openalex_sri_lanka: Saved Sri Lankan-affiliated work number=72,031 progress=95.6% api_total=75,333
2026-08-05 13:27:41,542 INFO src.pipeline.kaggle_collect_openalex_sri_lanka: Saved Sri Lankan-affiliated work number=72,032 progress=95.6% api_total=75,333
2026-08-05 13:27:41,542 INFO src.pipeline.kaggle_collect_openalex_sri_lanka: Saved Sri Lankan-affiliated work number=72,033 progress=95.6% api_total=75,333
2026-08-05 13:27:41,542 INFO src.pipeline.kaggle_collect_openalex_sri_lanka: Saved Sri Lankan-affiliated work number=72,034 progress=95.6% api_total=75,333
2026-08-05 13:27:41,542 INFO src.pipeline.kaggle_collect_openalex_sri_lanka: Saved Sri Lankan-affiliated work number=72,035 progress=95.6% api_total=75,333
2026-08-05 13:27:41,543 INFO src.pipeline.kaggle_collect_openalex_sri_lanka: Saved Sri Lankan-affiliated work number=72,036 progress=95.6% api_total=75,333
2026-08-05 13:27:41,543 INFO src.pipeline.kaggle_collect_openalex_sri_lanka: Saved Sri Lankan-affiliated work number=72,037 progress=95.6% api_total=75,333
2026-08-05 13:27:41,543 INFO src.pipeline.kaggle_collect_openalex_sri_lanka: Saved Sri Lankan-affiliated work number=72,038 progress=95.6% api_total=75,333
2026-08-05 13:27:41,543 INFO src.pipeline.kaggle_collect_openalex_sri_lanka: Saved Sri Lankan-affiliated work number=72,039 progress=95.6% api_total=75,333
2026-08-05 13:27:41,544 INFO src.pipeline.kaggle_collect_openalex_sri_lanka: Saved Sri Lankan-affiliated work number=72,040 progress=95.6% api_total=75,333
2026-08-05 13:27:41,544 INFO src.pipeline.kaggle_collect_openalex_sri_lanka: Saved Sri Lankan-affiliated work number=72,041 progress=95.6% api_total=75,333
2026-08-05 13:27:41,544 INFO src.pipeline.kaggle_collect_openalex_sri_lanka: Saved Sri Lankan-affiliated work number=72,042 progress=95.6% api_total=75,333
2026-08-05 13:27:41,544 INFO src.pipeline.kaggle_collect_openalex_sri_lanka: Saved Sri Lankan-affiliated work number=72,043 progress=95.6% api_total=75,333
2026-08-05 13:27:41,545 INFO src.pipeline.kaggle_collect_openalex_sri_lanka: Saved Sri Lankan-affiliated work number=72,044 progress=95.6% api_total=75,333
2026-08-05 13:27:41,545 INFO src.pipeline.kaggle_collect_openalex_sri_lanka: Saved Sri Lankan-affiliated work number=72,045 progress=95.6% api_total=75,333
2026-08-05 13:27:41,545 INFO src.pipeline.kaggle_collect_openalex_sri_lanka: Saved Sri Lankan-affiliated work number=72,046 progress=95.6% api_total=75,333
2026-08-05 13:27:41,546 INFO src.pipeline.kaggle_collect_openalex_sri_lanka: Saved Sri Lankan-affiliated work number=72,047 progress=95.6% api_total=75,333
2026-08-05 13:27:41,546 INFO src.pipeline.kaggle_collect_openalex_sri_lanka: Saved Sri Lankan-affiliated work number=72,048 progress=95.6% api_total=75,333
2026-08-05 13:27:51,555 INFO src.collectors.openalex_collector: Fetched OpenAlex page page=10/377 progress=2.7% fetched=200 kept=200 skipped=0 next_cursor=yes
2026-08-05 13:27:51,559 INFO src.pipeline.kaggle_collect_openalex_sri_lanka: Saved Sri Lankan-affiliated work number=72,049 progress=95.6% api_total=75,333
2026-08-05 13:27:51,560 INFO src.pipeline.kaggle_collect_openalex_sri_lanka: Saved Sri Lankan-affiliated work number=72,050 progress=95.6% api_total=75,333
2026-08-05 13:27:51,560 INFO src.pipeline.kaggle_collect_openalex_sri_lanka: Saved Sri Lankan-affiliated work number=72,051 progress=95.6% api_total=75,333
2026-08-05 13:27:51,560 INFO src.pipeline.kaggle_collect_openalex_sri_lanka: Saved Sri Lankan-affiliated work number=72,052 progress=95.6% api_total=75,333
2026-08-05 13:27:51,561 INFO src.pipeline.kaggle_collect_openalex_sri_lanka: Saved Sri Lankan-affiliated work number=72,053 progress=95.6% api_total=75,333
2026-08-05 13:27:51,561 INFO src.pipeline.kaggle_collect_openalex_sri_lanka: Saved Sri Lankan-affiliated work number=72,054 progress=95.6% api_total=75,333
2026-08-05 13:27:51,561 INFO src.pipeline.kaggle_collect_openalex_sri_lanka: Saved Sri Lankan-affiliated work number=72,055 progress=95.6% api_total=75,333
2026-08-05 13:27:51,562 INFO src.pipeline.kaggle_collect_openalex_sri_lanka: Saved Sri Lankan-affiliated work number=72,056 progress=95.6% api_total=75,333
2026-08-05 13:27:51,562 INFO src.pipeline.kaggle_collect_openalex_sri_lanka: Saved Sri Lankan-affiliated work number=72,057 progress=95.7% api_total=75,333
2026-08-05 13:27:51,562 INFO src.pipeline.kaggle_collect_openalex_sri_lanka: Saved Sri Lankan-affiliated work number=72,058 progress=95.7% api_total=75,333
2026-08-05 13:27:51,563 INFO src.pipeline.kaggle_collect_openalex_sri_lanka: Saved Sri Lankan-affiliated work number=72,059 progress=95.7% api_total=75,333
2026-08-05 13:27:51,563 INFO src.pipeline.kaggle_collect_openalex_sri_lanka: Saved Sri Lankan-affiliated work number=72,060 progress=95.7% api_total=75,333
2026-08-05 13:27:51,563 INFO src.pipeline.kaggle_collect_openalex_sri_lanka: Saved Sri Lankan-affiliated work number=72,061 progress=95.7% api_total=75,333
2026-08-05 13:27:51,563 INFO src.pipeline.kaggle_collect_openalex_sri_lanka: Saved Sri Lankan-affiliated work number=72,062 progress=95.7% api_total=75,333
2026-08-05 13:27:51,564 INFO src.pipeline.kaggle_collect_openalex_sri_lanka: Saved Sri Lankan-affiliated work number=72,063 progress=95.7% api_total=75,333
2026-08-05 13:27:51,564 INFO src.pipeline.kaggle_collect_openalex_sri_lanka: Saved Sri Lankan-affiliated work number=72,064 progress=95.7% api_total=75,333
2026-08-05 13:27:51,564 INFO src.pipeline.kaggle_collect_openalex_sri_lanka: Saved Sri Lankan-affiliated work number=72,065 progress=95.7% api_total=75,333
2026-08-05 13:27:51,565 INFO src.pipeline.kaggle_collect_openalex_sri_lanka: Saved Sri Lankan-affiliated work number=72,066 progress=95.7% api_total=75,333
2026-08-05 13:27:51,565 INFO src.pipeline.kaggle_collect_openalex_sri_lanka: Saved Sri Lankan-affiliated work number=72,067 progress=95.7% api_total=75,333
2026-08-05 13:27:51,566 INFO src.pipeline.kaggle_collect_openalex_sri_lanka: Saved Sri Lankan-affiliated work number=72,068 progress=95.7% api_total=75,333
2026-08-05 13:27:51,566 INFO src.pipeline.kaggle_collect_openalex_sri_lanka: Saved Sri Lankan-affiliated work number=72,069 progress=95.7% api_total=75,333
2026-08-05 13:27:51,567 INFO src.pipeline.kaggle_collect_openalex_sri_lanka: Saved Sri Lankan-affiliated work number=72,070 progress=95.7% api_total=75,333
2026-08-05 13:27:51,567 INFO src.pipeline.kaggle_collect_openalex_sri_lanka: Saved Sri Lankan-affiliated work number=72,071 progress=95.7% api_total=75,333
2026-08-05 13:27:51,568 INFO src.pipeline.kaggle_collect_openalex_sri_lanka: Saved Sri Lankan-affiliated work number=72,072 progress=95.7% api_total=75,333
2026-08-05 13:27:51,568 INFO src.pipeline.kaggle_collect_openalex_sri_lanka: Saved Sri Lankan-affiliated work number=72,073 progress=95.7% api_total=75,333
2026-08-05 13:27:51,568 INFO src.pipeline.kaggle_collect_openalex_sri_lanka: Saved Sri Lankan-affiliated work number=72,074 progress=95.7% api_total=75,333
2026-08-05 13:27:51,568 INFO src.pipeline.kaggle_collect_openalex_sri_lanka: Saved Sri Lankan-affiliated work number=72,075 progress=95.7% api_total=75,333
2026-08-05 13:27:51,569 INFO src.pipeline.kaggle_collect_openalex_sri_lanka: Saved Sri Lankan-affiliated work number=72,076 progress=95.7% api_total=75,333
2026-08-05 13:27:51,569 INFO src.pipeline.kaggle_collect_openalex_sri_lanka: Saved Sri Lankan-affiliated work number=72,077 progress=95.7% api_total=75,333
2026-08-05 13:27:51,569 INFO src.pipeline.kaggle_collect_openalex_sri_lanka: Saved Sri Lankan-affiliated work number=72,078 progress=95.7% api_total=75,333
2026-08-05 13:27:51,570 INFO src.pipeline.kaggle_collect_openalex_sri_lanka: Saved Sri Lankan-affiliated work number=72,079 progress=95.7% api_total=75,333
2026-08-05 13:27:51,570 INFO src.pipeline.kaggle_collect_openalex_sri_lanka: Saved Sri Lankan-affiliated work number=72,080 progress=95.7% api_total=75,333
2026-08-05 13:27:51,570 INFO src.pipeline.kaggle_collect_openalex_sri_lanka: Saved Sri Lankan-affiliated work number=72,081 progress=95.7% api_total=75,333
2026-08-05 13:27:51,571 INFO src.pipeline.kaggle_collect_openalex_sri_lanka: Saved Sri Lankan-affiliated work number=72,082 progress=95.7% api_total=75,333
2026-08-05 13:27:51,571 INFO src.pipeline.kaggle_collect_openalex_sri_lanka: Saved Sri Lankan-affiliated work number=72,083 progress=95.7% api_total=75,333
2026-08-05 13:27:51,572 INFO src.pipeline.kaggle_collect_openalex_sri_lanka: Saved Sri Lankan-affiliated work number=72,084 progress=95.7% api_total=75,333
2026-08-05 13:27:51,572 INFO src.pipeline.kaggle_collect_openalex_sri_lanka: Saved Sri Lankan-affiliated work number=72,085 progress=95.7% api_total=75,333
2026-08-05 13:27:51,572 INFO src.pipeline.kaggle_collect_openalex_sri_lanka: Saved Sri Lankan-affiliated work number=72,086 progress=95.7% api_total=75,333
2026-08-05 13:27:51,573 INFO src.pipeline.kaggle_collect_openalex_sri_lanka: Saved Sri Lankan-affiliated work number=72,087 progress=95.7% api_total=75,333
2026-08-05 13:27:51,573 INFO src.pipeline.kaggle_collect_openalex_sri_lanka: Saved Sri Lankan-affiliated work number=72,088 progress=95.7% api_total=75,333
2026-08-05 13:27:51,573 INFO src.pipeline.kaggle_collect_openalex_sri_lanka: Saved Sri Lankan-affiliated work number=72,089 progress=95.7% api_total=75,333
2026-08-05 13:27:51,574 INFO src.pipeline.kaggle_collect_openalex_sri_lanka: Saved Sri Lankan-affiliated work number=72,090 progress=95.7% api_total=75,333
2026-08-05 13:27:51,574 INFO src.pipeline.kaggle_collect_openalex_sri_lanka: Saved Sri Lankan-affiliated work number=72,091 progress=95.7% api_total=75,333
2026-08-05 13:27:51,574 INFO src.pipeline.kaggle_collect_openalex_sri_lanka: Saved Sri Lankan-affiliated work number=72,092 progress=95.7% api_total=75,333
2026-08-05 13:27:51,575 INFO src.pipeline.kaggle_collect_openalex_sri_lanka: Saved Sri Lankan-affiliated work number=72,093 progress=95.7% api_total=75,333
2026-08-05 13:27:51,575 INFO src.pipeline.kaggle_collect_openalex_sri_lanka: Saved Sri Lankan-affiliated work number=72,094 progress=95.7% api_total=75,333
2026-08-05 13:27:51,575 INFO src.pipeline.kaggle_collect_openalex_sri_lanka: Saved Sri Lankan-affiliated work number=72,095 progress=95.7% api_total=75,333
2026-08-05 13:27:51,576 INFO src.pipeline.kaggle_collect_openalex_sri_lanka: Saved Sri Lankan-affiliated work number=72,096 progress=95.7% api_total=75,333
2026-08-05 13:27:51,576 INFO src.pipeline.kaggle_collect_openalex_sri_lanka: Saved Sri Lankan-affiliated work number=72,097 progress=95.7% api_total=75,333
2026-08-05 13:27:51,576 INFO src.pipeline.kaggle_collect_openalex_sri_lanka: Saved Sri Lankan-affiliated work number=72,098 progress=95.7% api_total=75,333
2026-08-05 13:27:51,576 INFO src.pipeline.kaggle_collect_openalex_sri_lanka: Saved Sri Lankan-affiliated work number=72,099 progress=95.7% api_total=75,333
2026-08-05 13:27:51,578 INFO src.pipeline.kaggle_collect_openalex_sri_lanka: Saved Sri Lankan-affiliated work number=72,100 progress=95.7% api_total=75,333
2026-08-05 13:27:51,579 INFO src.pipeline.kaggle_collect_openalex_sri_lanka: Saved Sri Lankan-affiliated work number=72,101 progress=95.7% api_total=75,333
2026-08-05 13:27:51,579 INFO src.pipeline.kaggle_collect_openalex_sri_lanka: Saved Sri Lankan-affiliated work number=72,102 progress=95.7% api_total=75,333
2026-08-05 13:27:51,579 INFO src.pipeline.kaggle_collect_openalex_sri_lanka: Saved Sri Lankan-affiliated work number=72,103 progress=95.7% api_total=75,333
2026-08-05 13:27:51,580 INFO src.pipeline.kaggle_collect_openalex_sri_lanka: Saved Sri Lankan-affiliated work number=72,104 progress=95.7% api_total=75,333
2026-08-05 13:27:51,580 INFO src.pipeline.kaggle_collect_openalex_sri_lanka: Saved Sri Lankan-affiliated work number=72,105 progress=95.7% api_total=75,333
2026-08-05 13:27:51,581 INFO src.pipeline.kaggle_collect_openalex_sri_lanka: Saved Sri Lankan-affiliated work number=72,106 progress=95.7% api_total=75,333
2026-08-05 13:27:51,581 INFO src.pipeline.kaggle_collect_openalex_sri_lanka: Saved Sri Lankan-affiliated work number=72,107 progress=95.7% api_total=75,333
2026-08-05 13:27:51,582 INFO src.pipeline.kaggle_collect_openalex_sri_lanka: Saved Sri Lankan-affiliated work number=72,108 progress=95.7% api_total=75,333
2026-08-05 13:27:51,582 INFO src.pipeline.kaggle_collect_openalex_sri_lanka: Saved Sri Lankan-affiliated work number=72,109 progress=95.7% api_total=75,333
2026-08-05 13:27:51,582 INFO src.pipeline.kaggle_collect_openalex_sri_lanka: Saved Sri Lankan-affiliated work number=72,110 progress=95.7% api_total=75,333
2026-08-05 13:27:51,583 INFO src.pipeline.kaggle_collect_openalex_sri_lanka: Saved Sri Lankan-affiliated work number=72,111 progress=95.7% api_total=75,333
2026-08-05 13:27:51,583 INFO src.pipeline.kaggle_collect_openalex_sri_lanka: Saved Sri Lankan-affiliated work number=72,112 progress=95.7% api_total=75,333
2026-08-05 13:27:51,583 INFO src.pipeline.kaggle_collect_openalex_sri_lanka: Saved Sri Lankan-affiliated work number=72,113 progress=95.7% api_total=75,333
2026-08-05 13:27:51,584 INFO src.pipeline.kaggle_collect_openalex_sri_lanka: Saved Sri Lankan-affiliated work number=72,114 progress=95.7% api_total=75,333
2026-08-05 13:27:51,584 INFO src.pipeline.kaggle_collect_openalex_sri_lanka: Saved Sri Lankan-affiliated work number=72,115 progress=95.7% api_total=75,333
2026-08-05 13:27:51,584 INFO src.pipeline.kaggle_collect_openalex_sri_lanka: Saved Sri Lankan-affiliated work number=72,116 progress=95.7% api_total=75,333
2026-08-05 13:27:51,585 INFO src.pipeline.kaggle_collect_openalex_sri_lanka: Saved Sri Lankan-affiliated work number=72,117 progress=95.7% api_total=75,333
2026-08-05 13:27:51,585 INFO src.pipeline.kaggle_collect_openalex_sri_lanka: Saved Sri Lankan-affiliated work number=72,118 progress=95.7% api_total=75,333
2026-08-05 13:27:51,585 INFO src.pipeline.kaggle_collect_openalex_sri_lanka: Saved Sri Lankan-affiliated work number=72,119 progress=95.7% api_total=75,333
2026-08-05 13:27:51,585 INFO src.pipeline.kaggle_collect_openalex_sri_lanka: Saved Sri Lankan-affiliated work number=72,120 progress=95.7% api_total=75,333
2026-08-05 13:27:51,586 INFO src.pipeline.kaggle_collect_openalex_sri_lanka: Saved Sri Lankan-affiliated work number=72,121 progress=95.7% api_total=75,333
2026-08-05 13:27:51,586 INFO src.pipeline.kaggle_collect_openalex_sri_lanka: Saved Sri Lankan-affiliated work number=72,122 progress=95.7% api_total=75,333
2026-08-05 13:27:51,587 INFO src.pipeline.kaggle_collect_openalex_sri_lanka: Saved Sri Lankan-affiliated work number=72,123 progress=95.7% api_total=75,333
2026-08-05 13:27:51,587 INFO src.pipeline.kaggle_collect_openalex_sri_lanka: Saved Sri Lankan-affiliated work number=72,124 progress=95.7% api_total=75,333
2026-08-05 13:27:51,588 INFO src.pipeline.kaggle_collect_openalex_sri_lanka: Saved Sri Lankan-affiliated work number=72,125 progress=95.7% api_total=75,333
2026-08-05 13:27:51,588 INFO src.pipeline.kaggle_collect_openalex_sri_lanka: Saved Sri Lankan-affiliated work number=72,126 progress=95.7% api_total=75,333
2026-08-05 13:27:51,589 INFO src.pipeline.kaggle_collect_openalex_sri_lanka: Saved Sri Lankan-affiliated work number=72,127 progress=95.7% api_total=75,333
2026-08-05 13:27:51,589 INFO src.pipeline.kaggle_collect_openalex_sri_lanka: Saved Sri Lankan-affiliated work number=72,128 progress=95.7% api_total=75,333
2026-08-05 13:27:51,589 INFO src.pipeline.kaggle_collect_openalex_sri_lanka: Saved Sri Lankan-affiliated work number=72,129 progress=95.7% api_total=75,333
2026-08-05 13:27:51,589 INFO src.pipeline.kaggle_collect_openalex_sri_lanka: Saved Sri Lankan-affiliated work number=72,130 progress=95.7% api_total=75,333
2026-08-05 13:27:51,590 INFO src.pipeline.kaggle_collect_openalex_sri_lanka: Saved Sri Lankan-affiliated work number=72,131 progress=95.7% api_total=75,333
2026-08-05 13:27:51,590 INFO src.pipeline.kaggle_collect_openalex_sri_lanka: Saved Sri Lankan-affiliated work number=72,132 progress=95.8% api_total=75,333
2026-08-05 13:27:51,590 INFO src.pipeline.kaggle_collect_openalex_sri_lanka: Saved Sri Lankan-affiliated work number=72,133 progress=95.8% api_total=75,333
2026-08-05 13:27:51,590 INFO src.pipeline.kaggle_collect_openalex_sri_lanka: Saved Sri Lankan-affiliated work number=72,134 progress=95.8% api_total=75,333
2026-08-05 13:27:51,591 INFO src.pipeline.kaggle_collect_openalex_sri_lanka: Saved Sri Lankan-affiliated work number=72,135 progress=95.8% api_total=75,333
2026-08-05 13:27:51,591 INFO src.pipeline.kaggle_collect_openalex_sri_lanka: Saved Sri Lankan-affiliated work number=72,136 progress=95.8% api_total=75,333
2026-08-05 13:27:51,592 INFO src.pipeline.kaggle_collect_openalex_sri_lanka: Saved Sri Lankan-affiliated work number=72,137 progress=95.8% api_total=75,333
2026-08-05 13:27:51,592 INFO src.pipeline.kaggle_collect_openalex_sri_lanka: Saved Sri Lankan-affiliated work number=72,138 progress=95.8% api_total=75,333
2026-08-05 13:27:51,593 INFO src.pipeline.kaggle_collect_openalex_sri_lanka: Saved Sri Lankan-affiliated work number=72,139 progress=95.8% api_total=75,333
2026-08-05 13:27:51,593 INFO src.pipeline.kaggle_collect_openalex_sri_lanka: Saved Sri Lankan-affiliated work number=72,140 progress=95.8% api_total=75,333
2026-08-05 13:27:51,593 INFO src.pipeline.kaggle_collect_openalex_sri_lanka: Saved Sri Lankan-affiliated work number=72,141 progress=95.8% api_total=75,333
2026-08-05 13:27:51,594 INFO src.pipeline.kaggle_collect_openalex_sri_lanka: Saved Sri Lankan-affiliated work number=72,142 progress=95.8% api_total=75,333
2026-08-05 13:27:51,594 INFO src.pipeline.kaggle_collect_openalex_sri_lanka: Saved Sri Lankan-affiliated work number=72,143 progress=95.8% api_total=75,333
2026-08-05 13:27:51,594 INFO src.pipeline.kaggle_collect_openalex_sri_lanka: Saved Sri Lankan-affiliated work number=72,144 progress=95.8% api_total=75,333
2026-08-05 13:27:51,595 INFO src.pipeline.kaggle_collect_openalex_sri_lanka: Saved Sri Lankan-affiliated work number=72,145 progress=95.8% api_total=75,333
2026-08-05 13:27:51,595 INFO src.pipeline.kaggle_collect_openalex_sri_lanka: Saved Sri Lankan-affiliated work number=72,146 progress=95.8% api_total=75,333
2026-08-05 13:27:51,595 INFO src.pipeline.kaggle_collect_openalex_sri_lanka: Saved Sri Lankan-affiliated work number=72,147 progress=95.8% api_total=75,333
2026-08-05 13:27:51,596 INFO src.pipeline.kaggle_collect_openalex_sri_lanka: Saved Sri Lankan-affiliated work number=72,148 progress=95.8% api_total=75,333
2026-08-05 13:27:51,596 INFO src.pipeline.kaggle_collect_openalex_sri_lanka: Saved Sri Lankan-affiliated work number=72,149 progress=95.8% api_total=75,333
2026-08-05 13:27:51,596 INFO src.pipeline.kaggle_collect_openalex_sri_lanka: Saved Sri Lankan-affiliated work number=72,150 progress=95.8% api_total=75,333
2026-08-05 13:27:51,597 INFO src.pipeline.kaggle_collect_openalex_sri_lanka: Saved Sri Lankan-affiliated work number=72,151 progress=95.8% api_total=75,333
2026-08-05 13:27:51,597 INFO src.pipeline.kaggle_collect_openalex_sri_lanka: Saved Sri Lankan-affiliated work number=72,152 progress=95.8% api_total=75,333
2026-08-05 13:27:51,598 INFO src.pipeline.kaggle_collect_openalex_sri_lanka: Saved Sri Lankan-affiliated work number=72,153 progress=95.8% api_total=75,333
2026-08-05 13:27:51,598 INFO src.pipeline.kaggle_collect_openalex_sri_lanka: Saved Sri Lankan-affiliated work number=72,154 progress=95.8% api_total=75,333
2026-08-05 13:27:51,598 INFO src.pipeline.kaggle_collect_openalex_sri_lanka: Saved Sri Lankan-affiliated work number=72,155 progress=95.8% api_total=75,333
2026-08-05 13:27:51,599 INFO src.pipeline.kaggle_collect_openalex_sri_lanka: Saved Sri Lankan-affiliated work number=72,156 progress=95.8% api_total=75,333
2026-08-05 13:27:51,599 INFO src.pipeline.kaggle_collect_openalex_sri_lanka: Saved Sri Lankan-affiliated work number=72,157 progress=95.8% api_total=75,333
2026-08-05 13:27:51,599 INFO src.pipeline.kaggle_collect_openalex_sri_lanka: Saved Sri Lankan-affiliated work number=72,158 progress=95.8% api_total=75,333
2026-08-05 13:27:51,599 INFO src.pipeline.kaggle_collect_openalex_sri_lanka: Saved Sri Lankan-affiliated work number=72,159 progress=95.8% api_total=75,333
2026-08-05 13:27:51,599 INFO src.pipeline.kaggle_collect_openalex_sri_lanka: Saved Sri Lankan-affiliated work number=72,160 progress=95.8% api_total=75,333
2026-08-05 13:27:51,600 INFO src.pipeline.kaggle_collect_openalex_sri_lanka: Saved Sri Lankan-affiliated work number=72,161 progress=95.8% api_total=75,333
2026-08-05 13:27:51,600 INFO src.pipeline.kaggle_collect_openalex_sri_lanka: Saved Sri Lankan-affiliated work number=72,162 progress=95.8% api_total=75,333
2026-08-05 13:27:51,600 INFO src.pipeline.kaggle_collect_openalex_sri_lanka: Saved Sri Lankan-affiliated work number=72,163 progress=95.8% api_total=75,333
2026-08-05 13:27:51,601 INFO src.pipeline.kaggle_collect_openalex_sri_lanka: Saved Sri Lankan-affiliated work number=72,164 progress=95.8% api_total=75,333
2026-08-05 13:27:51,601 INFO src.pipeline.kaggle_collect_openalex_sri_lanka: Saved Sri Lankan-affiliated work number=72,165 progress=95.8% api_total=75,333
2026-08-05 13:27:51,601 INFO src.pipeline.kaggle_collect_openalex_sri_lanka: Saved Sri Lankan-affiliated work number=72,166 progress=95.8% api_total=75,333
2026-08-05 13:27:51,602 INFO src.pipeline.kaggle_collect_openalex_sri_lanka: Saved Sri Lankan-affiliated work number=72,167 progress=95.8% api_total=75,333
2026-08-05 13:27:51,602 INFO src.pipeline.kaggle_collect_openalex_sri_lanka: Saved Sri Lankan-affiliated work number=72,168 progress=95.8% api_total=75,333
2026-08-05 13:27:51,603 INFO src.pipeline.kaggle_collect_openalex_sri_lanka: Saved Sri Lankan-affiliated work number=72,169 progress=95.8% api_total=75,333
2026-08-05 13:27:51,603 INFO src.pipeline.kaggle_collect_openalex_sri_lanka: Saved Sri Lankan-affiliated work number=72,170 progress=95.8% api_total=75,333
2026-08-05 13:27:51,604 INFO src.pipeline.kaggle_collect_openalex_sri_lanka: Saved Sri Lankan-affiliated work number=72,171 progress=95.8% api_total=75,333
2026-08-05 13:27:51,604 INFO src.pipeline.kaggle_collect_openalex_sri_lanka: Saved Sri Lankan-affiliated work number=72,172 progress=95.8% api_total=75,333
2026-08-05 13:27:51,604 INFO src.pipeline.kaggle_collect_openalex_sri_lanka: Saved Sri Lankan-affiliated work number=72,173 progress=95.8% api_total=75,333
2026-08-05 13:27:51,604 INFO src.pipeline.kaggle_collect_openalex_sri_lanka: Saved Sri Lankan-affiliated work number=72,174 progress=95.8% api_total=75,333
2026-08-05 13:27:51,605 INFO src.pipeline.kaggle_collect_openalex_sri_lanka: Saved Sri Lankan-affiliated work number=72,175 progress=95.8% api_total=75,333
2026-08-05 13:27:51,605 INFO src.pipeline.kaggle_collect_openalex_sri_lanka: Saved Sri Lankan-affiliated work number=72,176 progress=95.8% api_total=75,333
2026-08-05 13:27:51,606 INFO src.pipeline.kaggle_collect_openalex_sri_lanka: Saved Sri Lankan-affiliated work number=72,177 progress=95.8% api_total=75,333
2026-08-05 13:27:51,606 INFO src.pipeline.kaggle_collect_openalex_sri_lanka: Saved Sri Lankan-affiliated work number=72,178 progress=95.8% api_total=75,333
2026-08-05 13:27:51,606 INFO src.pipeline.kaggle_collect_openalex_sri_lanka: Saved Sri Lankan-affiliated work number=72,179 progress=95.8% api_total=75,333
2026-08-05 13:27:51,607 INFO src.pipeline.kaggle_collect_openalex_sri_lanka: Saved Sri Lankan-affiliated work number=72,180 progress=95.8% api_total=75,333
2026-08-05 13:27:51,607 INFO src.pipeline.kaggle_collect_openalex_sri_lanka: Saved Sri Lankan-affiliated work number=72,181 progress=95.8% api_total=75,333
2026-08-05 13:27:51,607 INFO src.pipeline.kaggle_collect_openalex_sri_lanka: Saved Sri Lankan-affiliated work number=72,182 progress=95.8% api_total=75,333
2026-08-05 13:27:51,608 INFO src.pipeline.kaggle_collect_openalex_sri_lanka: Saved Sri Lankan-affiliated work number=72,183 progress=95.8% api_total=75,333
2026-08-05 13:27:51,608 INFO src.pipeline.kaggle_collect_openalex_sri_lanka: Saved Sri Lankan-affiliated work number=72,184 progress=95.8% api_total=75,333
2026-08-05 13:27:51,609 INFO src.pipeline.kaggle_collect_openalex_sri_lanka: Saved Sri Lankan-affiliated work number=72,185 progress=95.8% api_total=75,333
2026-08-05 13:27:51,609 INFO src.pipeline.kaggle_collect_openalex_sri_lanka: Saved Sri Lankan-affiliated work number=72,186 progress=95.8% api_total=75,333
2026-08-05 13:27:51,609 INFO src.pipeline.kaggle_collect_openalex_sri_lanka: Saved Sri Lankan-affiliated work number=72,187 progress=95.8% api_total=75,333
2026-08-05 13:27:51,610 INFO src.pipeline.kaggle_collect_openalex_sri_lanka: Saved Sri Lankan-affiliated work number=72,188 progress=95.8% api_total=75,333
2026-08-05 13:27:51,610 INFO src.pipeline.kaggle_collect_openalex_sri_lanka: Saved Sri Lankan-affiliated work number=72,189 progress=95.8% api_total=75,333
2026-08-05 13:27:51,610 INFO src.pipeline.kaggle_collect_openalex_sri_lanka: Saved Sri Lankan-affiliated work number=72,190 progress=95.8% api_total=75,333
2026-08-05 13:27:51,611 INFO src.pipeline.kaggle_collect_openalex_sri_lanka: Saved Sri Lankan-affiliated work number=72,191 progress=95.8% api_total=75,333
2026-08-05 13:27:51,611 INFO src.pipeline.kaggle_collect_openalex_sri_lanka: Saved Sri Lankan-affiliated work number=72,192 progress=95.8% api_total=75,333
2026-08-05 13:27:51,611 INFO src.pipeline.kaggle_collect_openalex_sri_lanka: Saved Sri Lankan-affiliated work number=72,193 progress=95.8% api_total=75,333
2026-08-05 13:27:51,612 INFO src.pipeline.kaggle_collect_openalex_sri_lanka: Saved Sri Lankan-affiliated work number=72,194 progress=95.8% api_total=75,333
2026-08-05 13:27:51,612 INFO src.pipeline.kaggle_collect_openalex_sri_lanka: Saved Sri Lankan-affiliated work number=72,195 progress=95.8% api_total=75,333
2026-08-05 13:27:51,612 INFO src.pipeline.kaggle_collect_openalex_sri_lanka: Saved Sri Lankan-affiliated work number=72,196 progress=95.8% api_total=75,333
2026-08-05 13:27:51,613 INFO src.pipeline.kaggle_collect_openalex_sri_lanka: Saved Sri Lankan-affiliated work number=72,197 progress=95.8% api_total=75,333
2026-08-05 13:27:51,613 INFO src.pipeline.kaggle_collect_openalex_sri_lanka: Saved Sri Lankan-affiliated work number=72,198 progress=95.8% api_total=75,333
2026-08-05 13:27:51,614 INFO src.pipeline.kaggle_collect_openalex_sri_lanka: Saved Sri Lankan-affiliated work number=72,199 progress=95.8% api_total=75,333
2026-08-05 13:27:51,614 INFO src.pipeline.kaggle_collect_openalex_sri_lanka: Saved Sri Lankan-affiliated work number=72,200 progress=95.8% api_total=75,333
2026-08-05 13:27:51,615 INFO src.pipeline.kaggle_collect_openalex_sri_lanka: Saved Sri Lankan-affiliated work number=72,201 progress=95.8% api_total=75,333
2026-08-05 13:27:51,615 INFO src.pipeline.kaggle_collect_openalex_sri_lanka: Saved Sri Lankan-affiliated work number=72,202 progress=95.8% api_total=75,333
2026-08-05 13:27:51,616 INFO src.pipeline.kaggle_collect_openalex_sri_lanka: Saved Sri Lankan-affiliated work number=72,203 progress=95.8% api_total=75,333
2026-08-05 13:27:51,616 INFO src.pipeline.kaggle_collect_openalex_sri_lanka: Saved Sri Lankan-affiliated work number=72,204 progress=95.8% api_total=75,333
2026-08-05 13:27:51,617 INFO src.pipeline.kaggle_collect_openalex_sri_lanka: Saved Sri Lankan-affiliated work number=72,205 progress=95.8% api_total=75,333
2026-08-05 13:27:51,617 INFO src.pipeline.kaggle_collect_openalex_sri_lanka: Saved Sri Lankan-affiliated work number=72,206 progress=95.8% api_total=75,333
2026-08-05 13:27:51,617 INFO src.pipeline.kaggle_collect_openalex_sri_lanka: Saved Sri Lankan-affiliated work number=72,207 progress=95.9% api_total=75,333
2026-08-05 13:27:51,617 INFO src.pipeline.kaggle_collect_openalex_sri_lanka: Saved Sri Lankan-affiliated work number=72,208 progress=95.9% api_total=75,333
2026-08-05 13:27:51,618 INFO src.pipeline.kaggle_collect_openalex_sri_lanka: Saved Sri Lankan-affiliated work number=72,209 progress=95.9% api_total=75,333
2026-08-05 13:27:51,618 INFO src.pipeline.kaggle_collect_openalex_sri_lanka: Saved Sri Lankan-affiliated work number=72,210 progress=95.9% api_total=75,333
2026-08-05 13:27:51,618 INFO src.pipeline.kaggle_collect_openalex_sri_lanka: Saved Sri Lankan-affiliated work number=72,211 progress=95.9% api_total=75,333
2026-08-05 13:27:51,619 INFO src.pipeline.kaggle_collect_openalex_sri_lanka: Saved Sri Lankan-affiliated work number=72,212 progress=95.9% api_total=75,333
2026-08-05 13:27:51,619 INFO src.pipeline.kaggle_collect_openalex_sri_lanka: Saved Sri Lankan-affiliated work number=72,213 progress=95.9% api_total=75,333
2026-08-05 13:27:51,619 INFO src.pipeline.kaggle_collect_openalex_sri_lanka: Saved Sri Lankan-affiliated work number=72,214 progress=95.9% api_total=75,333
2026-08-05 13:27:51,620 INFO src.pipeline.kaggle_collect_openalex_sri_lanka: Saved Sri Lankan-affiliated work number=72,215 progress=95.9% api_total=75,333
2026-08-05 13:27:51,620 INFO src.pipeline.kaggle_collect_openalex_sri_lanka: Saved Sri Lankan-affiliated work number=72,216 progress=95.9% api_total=75,333
2026-08-05 13:27:51,620 INFO src.pipeline.kaggle_collect_openalex_sri_lanka: Saved Sri Lankan-affiliated work number=72,217 progress=95.9% api_total=75,333
2026-08-05 13:27:51,621 INFO src.pipeline.kaggle_collect_openalex_sri_lanka: Saved Sri Lankan-affiliated work number=72,218 progress=95.9% api_total=75,333
2026-08-05 13:27:51,621 INFO src.pipeline.kaggle_collect_openalex_sri_lanka: Saved Sri Lankan-affiliated work number=72,219 progress=95.9% api_total=75,333
2026-08-05 13:27:51,622 INFO src.pipeline.kaggle_collect_openalex_sri_lanka: Saved Sri Lankan-affiliated work number=72,220 progress=95.9% api_total=75,333
2026-08-05 13:27:51,622 INFO src.pipeline.kaggle_collect_openalex_sri_lanka: Saved Sri Lankan-affiliated work number=72,221 progress=95.9% api_total=75,333
2026-08-05 13:27:51,622 INFO src.pipeline.kaggle_collect_openalex_sri_lanka: Saved Sri Lankan-affiliated work number=72,222 progress=95.9% api_total=75,333
2026-08-05 13:27:51,623 INFO src.pipeline.kaggle_collect_openalex_sri_lanka: Saved Sri Lankan-affiliated work number=72,223 progress=95.9% api_total=75,333
2026-08-05 13:27:51,623 INFO src.pipeline.kaggle_collect_openalex_sri_lanka: Saved Sri Lankan-affiliated work number=72,224 progress=95.9% api_total=75,333
2026-08-05 13:27:51,623 INFO src.pipeline.kaggle_collect_openalex_sri_lanka: Saved Sri Lankan-affiliated work number=72,225 progress=95.9% api_total=75,333
2026-08-05 13:27:51,624 INFO src.pipeline.kaggle_collect_openalex_sri_lanka: Saved Sri Lankan-affiliated work number=72,226 progress=95.9% api_total=75,333
2026-08-05 13:27:51,624 INFO src.pipeline.kaggle_collect_openalex_sri_lanka: Saved Sri Lankan-affiliated work number=72,227 progress=95.9% api_total=75,333
2026-08-05 13:27:51,624 INFO src.pipeline.kaggle_collect_openalex_sri_lanka: Saved Sri Lankan-affiliated work number=72,228 progress=95.9% api_total=75,333
2026-08-05 13:27:51,625 INFO src.pipeline.kaggle_collect_openalex_sri_lanka: Saved Sri Lankan-affiliated work number=72,229 progress=95.9% api_total=75,333
2026-08-05 13:27:51,625 INFO src.pipeline.kaggle_collect_openalex_sri_lanka: Saved Sri Lankan-affiliated work number=72,230 progress=95.9% api_total=75,333
2026-08-05 13:27:51,625 INFO src.pipeline.kaggle_collect_openalex_sri_lanka: Saved Sri Lankan-affiliated work number=72,231 progress=95.9% api_total=75,333
2026-08-05 13:27:51,626 INFO src.pipeline.kaggle_collect_openalex_sri_lanka: Saved Sri Lankan-affiliated work number=72,232 progress=95.9% api_total=75,333
2026-08-05 13:27:51,626 INFO src.pipeline.kaggle_collect_openalex_sri_lanka: Saved Sri Lankan-affiliated work number=72,233 progress=95.9% api_total=75,333
2026-08-05 13:27:51,626 INFO src.pipeline.kaggle_collect_openalex_sri_lanka: Saved Sri Lankan-affiliated work number=72,234 progress=95.9% api_total=75,333
2026-08-05 13:27:51,627 INFO src.pipeline.kaggle_collect_openalex_sri_lanka: Saved Sri Lankan-affiliated work number=72,235 progress=95.9% api_total=75,333
2026-08-05 13:27:51,627 INFO src.pipeline.kaggle_collect_openalex_sri_lanka: Saved Sri Lankan-affiliated work number=72,236 progress=95.9% api_total=75,333
2026-08-05 13:27:51,627 INFO src.pipeline.kaggle_collect_openalex_sri_lanka: Saved Sri Lankan-affiliated work number=72,237 progress=95.9% api_total=75,333
2026-08-05 13:27:51,628 INFO src.pipeline.kaggle_collect_openalex_sri_lanka: Saved Sri Lankan-affiliated work number=72,238 progress=95.9% api_total=75,333
2026-08-05 13:27:51,628 INFO src.pipeline.kaggle_collect_openalex_sri_lanka: Saved Sri Lankan-affiliated work number=72,239 progress=95.9% api_total=75,333
2026-08-05 13:27:51,628 INFO src.pipeline.kaggle_collect_openalex_sri_lanka: Saved Sri Lankan-affiliated work number=72,240 progress=95.9% api_total=75,333
2026-08-05 13:27:51,629 INFO src.pipeline.kaggle_collect_openalex_sri_lanka: Saved Sri Lankan-affiliated work number=72,241 progress=95.9% api_total=75,333
2026-08-05 13:27:51,629 INFO src.pipeline.kaggle_collect_openalex_sri_lanka: Saved Sri Lankan-affiliated work number=72,242 progress=95.9% api_total=75,333
2026-08-05 13:27:51,630 INFO src.pipeline.kaggle_collect_openalex_sri_lanka: Saved Sri Lankan-affiliated work number=72,243 progress=95.9% api_total=75,333
2026-08-05 13:27:51,630 INFO src.pipeline.kaggle_collect_openalex_sri_lanka: Saved Sri Lankan-affiliated work number=72,244 progress=95.9% api_total=75,333
2026-08-05 13:27:51,631 INFO src.pipeline.kaggle_collect_openalex_sri_lanka: Saved Sri Lankan-affiliated work number=72,245 progress=95.9% api_total=75,333
2026-08-05 13:27:51,631 INFO src.pipeline.kaggle_collect_openalex_sri_lanka: Saved Sri Lankan-affiliated work number=72,246 progress=95.9% api_total=75,333
2026-08-05 13:27:51,631 INFO src.pipeline.kaggle_collect_openalex_sri_lanka: Saved Sri Lankan-affiliated work number=72,247 progress=95.9% api_total=75,333
2026-08-05 13:27:51,632 INFO src.pipeline.kaggle_collect_openalex_sri_lanka: Saved Sri Lankan-affiliated work number=72,248 progress=95.9% api_total=75,333
2026-08-05 13:28:01,037 INFO src.collectors.openalex_collector: Fetched OpenAlex page page=11/377 progress=2.9% fetched=200 kept=199 skipped=1 next_cursor=yes
2026-08-05 13:28:01,042 INFO src.pipeline.kaggle_collect_openalex_sri_lanka: Saved Sri Lankan-affiliated work number=72,249 progress=95.9% api_total=75,333
2026-08-05 13:28:01,042 INFO src.pipeline.kaggle_collect_openalex_sri_lanka: Saved Sri Lankan-affiliated work number=72,250 progress=95.9% api_total=75,333
2026-08-05 13:28:01,043 INFO src.pipeline.kaggle_collect_openalex_sri_lanka: Saved Sri Lankan-affiliated work number=72,251 progress=95.9% api_total=75,333
2026-08-05 13:28:01,043 INFO src.pipeline.kaggle_collect_openalex_sri_lanka: Saved Sri Lankan-affiliated work number=72,252 progress=95.9% api_total=75,333
2026-08-05 13:28:01,044 INFO src.pipeline.kaggle_collect_openalex_sri_lanka: Saved Sri Lankan-affiliated work number=72,253 progress=95.9% api_total=75,333
2026-08-05 13:28:01,045 INFO src.pipeline.kaggle_collect_openalex_sri_lanka: Saved Sri Lankan-affiliated work number=72,254 progress=95.9% api_total=75,333
2026-08-05 13:28:01,045 INFO src.pipeline.kaggle_collect_openalex_sri_lanka: Saved Sri Lankan-affiliated work number=72,255 progress=95.9% api_total=75,333
2026-08-05 13:28:01,045 INFO src.pipeline.kaggle_collect_openalex_sri_lanka: Saved Sri Lankan-affiliated work number=72,256 progress=95.9% api_total=75,333
2026-08-05 13:28:01,045 INFO src.pipeline.kaggle_collect_openalex_sri_lanka: Saved Sri Lankan-affiliated work number=72,257 progress=95.9% api_total=75,333
2026-08-05 13:28:01,046 INFO src.pipeline.kaggle_collect_openalex_sri_lanka: Saved Sri Lankan-affiliated work number=72,258 progress=95.9% api_total=75,333
2026-08-05 13:28:01,046 INFO src.pipeline.kaggle_collect_openalex_sri_lanka: Saved Sri Lankan-affiliated work number=72,259 progress=95.9% api_total=75,333
2026-08-05 13:28:01,046 INFO src.pipeline.kaggle_collect_openalex_sri_lanka: Saved Sri Lankan-affiliated work number=72,260 progress=95.9% api_total=75,333
2026-08-05 13:28:01,046 INFO src.pipeline.kaggle_collect_openalex_sri_lanka: Saved Sri Lankan-affiliated work number=72,261 progress=95.9% api_total=75,333
2026-08-05 13:28:01,047 INFO src.pipeline.kaggle_collect_openalex_sri_lanka: Saved Sri Lankan-affiliated work number=72,262 progress=95.9% api_total=75,333
2026-08-05 13:28:01,047 INFO src.pipeline.kaggle_collect_openalex_sri_lanka: Saved Sri Lankan-affiliated work number=72,263 progress=95.9% api_total=75,333
2026-08-05 13:28:01,047 INFO src.pipeline.kaggle_collect_openalex_sri_lanka: Saved Sri Lankan-affiliated work number=72,264 progress=95.9% api_total=75,333
2026-08-05 13:28:01,048 INFO src.pipeline.kaggle_collect_openalex_sri_lanka: Saved Sri Lankan-affiliated work number=72,265 progress=95.9% api_total=75,333
2026-08-05 13:28:01,048 INFO src.pipeline.kaggle_collect_openalex_sri_lanka: Saved Sri Lankan-affiliated work number=72,266 progress=95.9% api_total=75,333
2026-08-05 13:28:01,049 INFO src.pipeline.kaggle_collect_openalex_sri_lanka: Saved Sri Lankan-affiliated work number=72,267 progress=95.9% api_total=75,333
2026-08-05 13:28:01,049 INFO src.pipeline.kaggle_collect_openalex_sri_lanka: Saved Sri Lankan-affiliated work number=72,268 progress=95.9% api_total=75,333
2026-08-05 13:28:01,051 INFO src.pipeline.kaggle_collect_openalex_sri_lanka: Saved Sri Lankan-affiliated work number=72,269 progress=95.9% api_total=75,333
2026-08-05 13:28:01,052 INFO src.pipeline.kaggle_collect_openalex_sri_lanka: Saved Sri Lankan-affiliated work number=72,270 progress=95.9% api_total=75,333
2026-08-05 13:28:01,052 INFO src.pipeline.kaggle_collect_openalex_sri_lanka: Saved Sri Lankan-affiliated work number=72,271 progress=95.9% api_total=75,333
2026-08-05 13:28:01,052 INFO src.pipeline.kaggle_collect_openalex_sri_lanka: Saved Sri Lankan-affiliated work number=72,272 progress=95.9% api_total=75,333
2026-08-05 13:28:01,053 INFO src.pipeline.kaggle_collect_openalex_sri_lanka: Saved Sri Lankan-affiliated work number=72,273 progress=95.9% api_total=75,333
2026-08-05 13:28:01,053 INFO src.pipeline.kaggle_collect_openalex_sri_lanka: Saved Sri Lankan-affiliated work number=72,274 progress=95.9% api_total=75,333
2026-08-05 13:28:01,053 INFO src.pipeline.kaggle_collect_openalex_sri_lanka: Saved Sri Lankan-affiliated work number=72,275 progress=95.9% api_total=75,333
2026-08-05 13:28:01,053 INFO src.pipeline.kaggle_collect_openalex_sri_lanka: Saved Sri Lankan-affiliated work number=72,276 progress=95.9% api_total=75,333
2026-08-05 13:28:01,054 INFO src.pipeline.kaggle_collect_openalex_sri_lanka: Saved Sri Lankan-affiliated work number=72,277 progress=95.9% api_total=75,333
2026-08-05 13:28:01,054 INFO src.pipeline.kaggle_collect_openalex_sri_lanka: Saved Sri Lankan-affiliated work number=72,278 progress=95.9% api_total=75,333
2026-08-05 13:28:01,054 INFO src.pipeline.kaggle_collect_openalex_sri_lanka: Saved Sri Lankan-affiliated work number=72,279 progress=95.9% api_total=75,333
2026-08-05 13:28:01,055 INFO src.pipeline.kaggle_collect_openalex_sri_lanka: Saved Sri Lankan-affiliated work number=72,280 progress=95.9% api_total=75,333
2026-08-05 13:28:01,055 INFO src.pipeline.kaggle_collect_openalex_sri_lanka: Saved Sri Lankan-affiliated work number=72,281 progress=95.9% api_total=75,333
2026-08-05 13:28:01,055 INFO src.pipeline.kaggle_collect_openalex_sri_lanka: Saved Sri Lankan-affiliated work number=72,282 progress=95.9% api_total=75,333
2026-08-05 13:28:01,056 INFO src.pipeline.kaggle_collect_openalex_sri_lanka: Saved Sri Lankan-affiliated work number=72,283 progress=96.0% api_total=75,333
2026-08-05 13:28:01,056 INFO src.pipeline.kaggle_collect_openalex_sri_lanka: Saved Sri Lankan-affiliated work number=72,284 progress=96.0% api_total=75,333
2026-08-05 13:28:01,057 INFO src.pipeline.kaggle_collect_openalex_sri_lanka: Saved Sri Lankan-affiliated work number=72,285 progress=96.0% api_total=75,333
2026-08-05 13:28:01,057 INFO src.pipeline.kaggle_collect_openalex_sri_lanka: Saved Sri Lankan-affiliated work number=72,286 progress=96.0% api_total=75,333
2026-08-05 13:28:01,057 INFO src.pipeline.kaggle_collect_openalex_sri_lanka: Saved Sri Lankan-affiliated work number=72,287 progress=96.0% api_total=75,333
2026-08-05 13:28:01,058 INFO src.pipeline.kaggle_collect_openalex_sri_lanka: Saved Sri Lankan-affiliated work number=72,288 progress=96.0% api_total=75,333
2026-08-05 13:28:01,058 INFO src.pipeline.kaggle_collect_openalex_sri_lanka: Saved Sri Lankan-affiliated work number=72,289 progress=96.0% api_total=75,333
2026-08-05 13:28:01,059 INFO src.pipeline.kaggle_collect_openalex_sri_lanka: Saved Sri Lankan-affiliated work number=72,290 progress=96.0% api_total=75,333
2026-08-05 13:28:01,059 INFO src.pipeline.kaggle_collect_openalex_sri_lanka: Saved Sri Lankan-affiliated work number=72,291 progress=96.0% api_total=75,333
2026-08-05 13:28:01,059 INFO src.pipeline.kaggle_collect_openalex_sri_lanka: Saved Sri Lankan-affiliated work number=72,292 progress=96.0% api_total=75,333
2026-08-05 13:28:01,060 INFO src.pipeline.kaggle_collect_openalex_sri_lanka: Saved Sri Lankan-affiliated work number=72,293 progress=96.0% api_total=75,333
2026-08-05 13:28:01,060 INFO src.pipeline.kaggle_collect_openalex_sri_lanka: Saved Sri Lankan-affiliated work number=72,294 progress=96.0% api_total=75,333
2026-08-05 13:28:01,061 INFO src.pipeline.kaggle_collect_openalex_sri_lanka: Saved Sri Lankan-affiliated work number=72,295 progress=96.0% api_total=75,333
2026-08-05 13:28:01,061 INFO src.pipeline.kaggle_collect_openalex_sri_lanka: Saved Sri Lankan-affiliated work number=72,296 progress=96.0% api_total=75,333
2026-08-05 13:28:01,061 INFO src.pipeline.kaggle_collect_openalex_sri_lanka: Saved Sri Lankan-affiliated work number=72,297 progress=96.0% api_total=75,333
2026-08-05 13:28:01,062 INFO src.pipeline.kaggle_collect_openalex_sri_lanka: Saved Sri Lankan-affiliated work number=72,298 progress=96.0% api_total=75,333
2026-08-05 13:28:01,062 INFO src.pipeline.kaggle_collect_openalex_sri_lanka: Saved Sri Lankan-affiliated work number=72,299 progress=96.0% api_total=75,333
2026-08-05 13:28:01,062 INFO src.pipeline.kaggle_collect_openalex_sri_lanka: Saved Sri Lankan-affiliated work number=72,300 progress=96.0% api_total=75,333
2026-08-05 13:28:01,063 INFO src.pipeline.kaggle_collect_openalex_sri_lanka: Saved Sri Lankan-affiliated work number=72,301 progress=96.0% api_total=75,333
2026-08-05 13:28:01,063 INFO src.pipeline.kaggle_collect_openalex_sri_lanka: Saved Sri Lankan-affiliated work number=72,302 progress=96.0% api_total=75,333
2026-08-05 13:28:01,064 INFO src.pipeline.kaggle_collect_openalex_sri_lanka: Saved Sri Lankan-affiliated work number=72,303 progress=96.0% api_total=75,333
2026-08-05 13:28:01,064 INFO src.pipeline.kaggle_collect_openalex_sri_lanka: Saved Sri Lankan-affiliated work number=72,304 progress=96.0% api_total=75,333
2026-08-05 13:28:01,065 INFO src.pipeline.kaggle_collect_openalex_sri_lanka: Saved Sri Lankan-affiliated work number=72,305 progress=96.0% api_total=75,333
2026-08-05 13:28:01,065 INFO src.pipeline.kaggle_collect_openalex_sri_lanka: Saved Sri Lankan-affiliated work number=72,306 progress=96.0% api_total=75,333
2026-08-05 13:28:01,066 INFO src.pipeline.kaggle_collect_openalex_sri_lanka: Saved Sri Lankan-affiliated work number=72,307 progress=96.0% api_total=75,333
2026-08-05 13:28:01,066 INFO src.pipeline.kaggle_collect_openalex_sri_lanka: Saved Sri Lankan-affiliated work number=72,308 progress=96.0% api_total=75,333
2026-08-05 13:28:01,066 INFO src.pipeline.kaggle_collect_openalex_sri_lanka: Saved Sri Lankan-affiliated work number=72,309 progress=96.0% api_total=75,333
2026-08-05 13:28:01,067 INFO src.pipeline.kaggle_collect_openalex_sri_lanka: Saved Sri Lankan-affiliated work number=72,310 progress=96.0% api_total=75,333
2026-08-05 13:28:01,067 INFO src.pipeline.kaggle_collect_openalex_sri_lanka: Saved Sri Lankan-affiliated work number=72,311 progress=96.0% api_total=75,333
2026-08-05 13:28:01,067 INFO src.pipeline.kaggle_collect_openalex_sri_lanka: Saved Sri Lankan-affiliated work number=72,312 progress=96.0% api_total=75,333
2026-08-05 13:28:01,068 INFO src.pipeline.kaggle_collect_openalex_sri_lanka: Saved Sri Lankan-affiliated work number=72,313 progress=96.0% api_total=75,333
2026-08-05 13:28:01,068 INFO src.pipeline.kaggle_collect_openalex_sri_lanka: Saved Sri Lankan-affiliated work number=72,314 progress=96.0% api_total=75,333
2026-08-05 13:28:01,068 INFO src.pipeline.kaggle_collect_openalex_sri_lanka: Saved Sri Lankan-affiliated work number=72,315 progress=96.0% api_total=75,333
2026-08-05 13:28:01,069 INFO src.pipeline.kaggle_collect_openalex_sri_lanka: Saved Sri Lankan-affiliated work number=72,316 progress=96.0% api_total=75,333
2026-08-05 13:28:01,069 INFO src.pipeline.kaggle_collect_openalex_sri_lanka: Saved Sri Lankan-affiliated work number=72,317 progress=96.0% api_total=75,333
2026-08-05 13:28:01,069 INFO src.pipeline.kaggle_collect_openalex_sri_lanka: Saved Sri Lankan-affiliated work number=72,318 progress=96.0% api_total=75,333
2026-08-05 13:28:01,070 INFO src.pipeline.kaggle_collect_openalex_sri_lanka: Saved Sri Lankan-affiliated work number=72,319 progress=96.0% api_total=75,333
2026-08-05 13:28:01,070 INFO src.pipeline.kaggle_collect_openalex_sri_lanka: Saved Sri Lankan-affiliated work number=72,320 progress=96.0% api_total=75,333
2026-08-05 13:28:01,071 INFO src.pipeline.kaggle_collect_openalex_sri_lanka: Saved Sri Lankan-affiliated work number=72,321 progress=96.0% api_total=75,333
2026-08-05 13:28:01,071 INFO src.pipeline.kaggle_collect_openalex_sri_lanka: Saved Sri Lankan-affiliated work number=72,322 progress=96.0% api_total=75,333
2026-08-05 13:28:01,071 INFO src.pipeline.kaggle_collect_openalex_sri_lanka: Saved Sri Lankan-affiliated work number=72,323 progress=96.0% api_total=75,333
2026-08-05 13:28:01,072 INFO src.pipeline.kaggle_collect_openalex_sri_lanka: Saved Sri Lankan-affiliated work number=72,324 progress=96.0% api_total=75,333
2026-08-05 13:28:01,072 INFO src.pipeline.kaggle_collect_openalex_sri_lanka: Saved Sri Lankan-affiliated work number=72,325 progress=96.0% api_total=75,333
2026-08-05 13:28:01,072 INFO src.pipeline.kaggle_collect_openalex_sri_lanka: Saved Sri Lankan-affiliated work number=72,326 progress=96.0% api_total=75,333
2026-08-05 13:28:01,073 INFO src.pipeline.kaggle_collect_openalex_sri_lanka: Saved Sri Lankan-affiliated work number=72,327 progress=96.0% api_total=75,333
2026-08-05 13:28:01,073 INFO src.pipeline.kaggle_collect_openalex_sri_lanka: Saved Sri Lankan-affiliated work number=72,328 progress=96.0% api_total=75,333
2026-08-05 13:28:01,073 INFO src.pipeline.kaggle_collect_openalex_sri_lanka: Saved Sri Lankan-affiliated work number=72,329 progress=96.0% api_total=75,333
2026-08-05 13:28:01,074 INFO src.pipeline.kaggle_collect_openalex_sri_lanka: Saved Sri Lankan-affiliated work number=72,330 progress=96.0% api_total=75,333
2026-08-05 13:28:01,074 INFO src.pipeline.kaggle_collect_openalex_sri_lanka: Saved Sri Lankan-affiliated work number=72,331 progress=96.0% api_total=75,333
2026-08-05 13:28:01,075 INFO src.pipeline.kaggle_collect_openalex_sri_lanka: Saved Sri Lankan-affiliated work number=72,332 progress=96.0% api_total=75,333
2026-08-05 13:28:01,075 INFO src.pipeline.kaggle_collect_openalex_sri_lanka: Saved Sri Lankan-affiliated work number=72,333 progress=96.0% api_total=75,333
2026-08-05 13:28:01,076 INFO src.pipeline.kaggle_collect_openalex_sri_lanka: Saved Sri Lankan-affiliated work number=72,334 progress=96.0% api_total=75,333
2026-08-05 13:28:01,076 INFO src.pipeline.kaggle_collect_openalex_sri_lanka: Saved Sri Lankan-affiliated work number=72,335 progress=96.0% api_total=75,333
2026-08-05 13:28:01,077 INFO src.pipeline.kaggle_collect_openalex_sri_lanka: Saved Sri Lankan-affiliated work number=72,336 progress=96.0% api_total=75,333
2026-08-05 13:28:01,077 INFO src.pipeline.kaggle_collect_openalex_sri_lanka: Saved Sri Lankan-affiliated work number=72,337 progress=96.0% api_total=75,333
2026-08-05 13:28:01,077 INFO src.pipeline.kaggle_collect_openalex_sri_lanka: Saved Sri Lankan-affiliated work number=72,338 progress=96.0% api_total=75,333
2026-08-05 13:28:01,078 INFO src.pipeline.kaggle_collect_openalex_sri_lanka: Saved Sri Lankan-affiliated work number=72,339 progress=96.0% api_total=75,333
2026-08-05 13:28:01,078 INFO src.pipeline.kaggle_collect_openalex_sri_lanka: Saved Sri Lankan-affiliated work number=72,340 progress=96.0% api_total=75,333
2026-08-05 13:28:01,079 INFO src.pipeline.kaggle_collect_openalex_sri_lanka: Saved Sri Lankan-affiliated work number=72,341 progress=96.0% api_total=75,333
2026-08-05 13:28:01,079 INFO src.pipeline.kaggle_collect_openalex_sri_lanka: Saved Sri Lankan-affiliated work number=72,342 progress=96.0% api_total=75,333
2026-08-05 13:28:01,079 INFO src.pipeline.kaggle_collect_openalex_sri_lanka: Saved Sri Lankan-affiliated work number=72,343 progress=96.0% api_total=75,333
2026-08-05 13:28:01,080 INFO src.pipeline.kaggle_collect_openalex_sri_lanka: Saved Sri Lankan-affiliated work number=72,344 progress=96.0% api_total=75,333
2026-08-05 13:28:01,080 INFO src.pipeline.kaggle_collect_openalex_sri_lanka: Saved Sri Lankan-affiliated work number=72,345 progress=96.0% api_total=75,333
2026-08-05 13:28:01,080 INFO src.pipeline.kaggle_collect_openalex_sri_lanka: Saved Sri Lankan-affiliated work number=72,346 progress=96.0% api_total=75,333
2026-08-05 13:28:01,081 INFO src.pipeline.kaggle_collect_openalex_sri_lanka: Saved Sri Lankan-affiliated work number=72,347 progress=96.0% api_total=75,333
2026-08-05 13:28:01,081 INFO src.pipeline.kaggle_collect_openalex_sri_lanka: Saved Sri Lankan-affiliated work number=72,348 progress=96.0% api_total=75,333
2026-08-05 13:28:01,082 INFO src.pipeline.kaggle_collect_openalex_sri_lanka: Saved Sri Lankan-affiliated work number=72,349 progress=96.0% api_total=75,333
2026-08-05 13:28:01,082 INFO src.pipeline.kaggle_collect_openalex_sri_lanka: Saved Sri Lankan-affiliated work number=72,350 progress=96.0% api_total=75,333
2026-08-05 13:28:01,082 INFO src.pipeline.kaggle_collect_openalex_sri_lanka: Saved Sri Lankan-affiliated work number=72,351 progress=96.0% api_total=75,333
2026-08-05 13:28:01,083 INFO src.pipeline.kaggle_collect_openalex_sri_lanka: Saved Sri Lankan-affiliated work number=72,352 progress=96.0% api_total=75,333
2026-08-05 13:28:01,083 INFO src.pipeline.kaggle_collect_openalex_sri_lanka: Saved Sri Lankan-affiliated work number=72,353 progress=96.0% api_total=75,333
2026-08-05 13:28:01,083 INFO src.pipeline.kaggle_collect_openalex_sri_lanka: Saved Sri Lankan-affiliated work number=72,354 progress=96.0% api_total=75,333
2026-08-05 13:28:01,084 INFO src.pipeline.kaggle_collect_openalex_sri_lanka: Saved Sri Lankan-affiliated work number=72,355 progress=96.0% api_total=75,333
2026-08-05 13:28:01,085 INFO src.pipeline.kaggle_collect_openalex_sri_lanka: Saved Sri Lankan-affiliated work number=72,356 progress=96.0% api_total=75,333
2026-08-05 13:28:01,085 INFO src.pipeline.kaggle_collect_openalex_sri_lanka: Saved Sri Lankan-affiliated work number=72,357 progress=96.0% api_total=75,333
2026-08-05 13:28:01,085 INFO src.pipeline.kaggle_collect_openalex_sri_lanka: Saved Sri Lankan-affiliated work number=72,358 progress=96.1% api_total=75,333
2026-08-05 13:28:01,086 INFO src.pipeline.kaggle_collect_openalex_sri_lanka: Saved Sri Lankan-affiliated work number=72,359 progress=96.1% api_total=75,333
2026-08-05 13:28:01,086 INFO src.pipeline.kaggle_collect_openalex_sri_lanka: Saved Sri Lankan-affiliated work number=72,360 progress=96.1% api_total=75,333
2026-08-05 13:28:01,086 INFO src.pipeline.kaggle_collect_openalex_sri_lanka: Saved Sri Lankan-affiliated work number=72,361 progress=96.1% api_total=75,333
2026-08-05 13:28:01,087 INFO src.pipeline.kaggle_collect_openalex_sri_lanka: Saved Sri Lankan-affiliated work number=72,362 progress=96.1% api_total=75,333
2026-08-05 13:28:01,087 INFO src.pipeline.kaggle_collect_openalex_sri_lanka: Saved Sri Lankan-affiliated work number=72,363 progress=96.1% api_total=75,333
2026-08-05 13:28:01,087 INFO src.pipeline.kaggle_collect_openalex_sri_lanka: Saved Sri Lankan-affiliated work number=72,364 progress=96.1% api_total=75,333
2026-08-05 13:28:01,088 INFO src.pipeline.kaggle_collect_openalex_sri_lanka: Saved Sri Lankan-affiliated work number=72,365 progress=96.1% api_total=75,333
2026-08-05 13:28:01,088 INFO src.pipeline.kaggle_collect_openalex_sri_lanka: Saved Sri Lankan-affiliated work number=72,366 progress=96.1% api_total=75,333
2026-08-05 13:28:01,088 INFO src.pipeline.kaggle_collect_openalex_sri_lanka: Saved Sri Lankan-affiliated work number=72,367 progress=96.1% api_total=75,333
2026-08-05 13:28:01,089 INFO src.pipeline.kaggle_collect_openalex_sri_lanka: Saved Sri Lankan-affiliated work number=72,368 progress=96.1% api_total=75,333
2026-08-05 13:28:01,089 INFO src.pipeline.kaggle_collect_openalex_sri_lanka: Saved Sri Lankan-affiliated work number=72,369 progress=96.1% api_total=75,333
2026-08-05 13:28:01,090 INFO src.pipeline.kaggle_collect_openalex_sri_lanka: Saved Sri Lankan-affiliated work number=72,370 progress=96.1% api_total=75,333
2026-08-05 13:28:01,090 INFO src.pipeline.kaggle_collect_openalex_sri_lanka: Saved Sri Lankan-affiliated work number=72,371 progress=96.1% api_total=75,333
2026-08-05 13:28:01,090 INFO src.pipeline.kaggle_collect_openalex_sri_lanka: Saved Sri Lankan-affiliated work number=72,372 progress=96.1% api_total=75,333
2026-08-05 13:28:01,091 INFO src.pipeline.kaggle_collect_openalex_sri_lanka: Saved Sri Lankan-affiliated work number=72,373 progress=96.1% api_total=75,333
2026-08-05 13:28:01,091 INFO src.pipeline.kaggle_collect_openalex_sri_lanka: Saved Sri Lankan-affiliated work number=72,374 progress=96.1% api_total=75,333
2026-08-05 13:28:01,092 INFO src.pipeline.kaggle_collect_openalex_sri_lanka: Saved Sri Lankan-affiliated work number=72,375 progress=96.1% api_total=75,333
2026-08-05 13:28:01,092 INFO src.pipeline.kaggle_collect_openalex_sri_lanka: Saved Sri Lankan-affiliated work number=72,376 progress=96.1% api_total=75,333
2026-08-05 13:28:01,092 INFO src.pipeline.kaggle_collect_openalex_sri_lanka: Saved Sri Lankan-affiliated work number=72,377 progress=96.1% api_total=75,333
2026-08-05 13:28:01,093 INFO src.pipeline.kaggle_collect_openalex_sri_lanka: Saved Sri Lankan-affiliated work number=72,378 progress=96.1% api_total=75,333
2026-08-05 13:28:01,093 INFO src.pipeline.kaggle_collect_openalex_sri_lanka: Saved Sri Lankan-affiliated work number=72,379 progress=96.1% api_total=75,333
2026-08-05 13:28:01,094 INFO src.pipeline.kaggle_collect_openalex_sri_lanka: Saved Sri Lankan-affiliated work number=72,380 progress=96.1% api_total=75,333
2026-08-05 13:28:01,094 INFO src.pipeline.kaggle_collect_openalex_sri_lanka: Saved Sri Lankan-affiliated work number=72,381 progress=96.1% api_total=75,333
2026-08-05 13:28:01,095 INFO src.pipeline.kaggle_collect_openalex_sri_lanka: Saved Sri Lankan-affiliated work number=72,382 progress=96.1% api_total=75,333
2026-08-05 13:28:01,095 INFO src.pipeline.kaggle_collect_openalex_sri_lanka: Saved Sri Lankan-affiliated work number=72,383 progress=96.1% api_total=75,333
2026-08-05 13:28:01,095 INFO src.pipeline.kaggle_collect_openalex_sri_lanka: Saved Sri Lankan-affiliated work number=72,384 progress=96.1% api_total=75,333
2026-08-05 13:28:01,096 INFO src.pipeline.kaggle_collect_openalex_sri_lanka: Saved Sri Lankan-affiliated work number=72,385 progress=96.1% api_total=75,333
2026-08-05 13:28:01,096 INFO src.pipeline.kaggle_collect_openalex_sri_lanka: Saved Sri Lankan-affiliated work number=72,386 progress=96.1% api_total=75,333
2026-08-05 13:28:01,096 INFO src.pipeline.kaggle_collect_openalex_sri_lanka: Saved Sri Lankan-affiliated work number=72,387 progress=96.1% api_total=75,333
2026-08-05 13:28:01,097 INFO src.pipeline.kaggle_collect_openalex_sri_lanka: Saved Sri Lankan-affiliated work number=72,388 progress=96.1% api_total=75,333
2026-08-05 13:28:01,097 INFO src.pipeline.kaggle_collect_openalex_sri_lanka: Saved Sri Lankan-affiliated work number=72,389 progress=96.1% api_total=75,333
2026-08-05 13:28:01,097 INFO src.pipeline.kaggle_collect_openalex_sri_lanka: Saved Sri Lankan-affiliated work number=72,390 progress=96.1% api_total=75,333
2026-08-05 13:28:01,098 INFO src.pipeline.kaggle_collect_openalex_sri_lanka: Saved Sri Lankan-affiliated work number=72,391 progress=96.1% api_total=75,333
2026-08-05 13:28:01,098 INFO src.pipeline.kaggle_collect_openalex_sri_lanka: Saved Sri Lankan-affiliated work number=72,392 progress=96.1% api_total=75,333
2026-08-05 13:28:01,099 INFO src.pipeline.kaggle_collect_openalex_sri_lanka: Saved Sri Lankan-affiliated work number=72,393 progress=96.1% api_total=75,333
2026-08-05 13:28:01,099 INFO src.pipeline.kaggle_collect_openalex_sri_lanka: Saved Sri Lankan-affiliated work number=72,394 progress=96.1% api_total=75,333
2026-08-05 13:28:01,099 INFO src.pipeline.kaggle_collect_openalex_sri_lanka: Saved Sri Lankan-affiliated work number=72,395 progress=96.1% api_total=75,333
2026-08-05 13:28:01,100 INFO src.pipeline.kaggle_collect_openalex_sri_lanka: Saved Sri Lankan-affiliated work number=72,396 progress=96.1% api_total=75,333
2026-08-05 13:28:01,100 INFO src.pipeline.kaggle_collect_openalex_sri_lanka: Saved Sri Lankan-affiliated work number=72,397 progress=96.1% api_total=75,333
2026-08-05 13:28:01,101 INFO src.pipeline.kaggle_collect_openalex_sri_lanka: Saved Sri Lankan-affiliated work number=72,398 progress=96.1% api_total=75,333
2026-08-05 13:28:01,101 INFO src.pipeline.kaggle_collect_openalex_sri_lanka: Saved Sri Lankan-affiliated work number=72,399 progress=96.1% api_total=75,333
2026-08-05 13:28:01,101 INFO src.pipeline.kaggle_collect_openalex_sri_lanka: Saved Sri Lankan-affiliated work number=72,400 progress=96.1% api_total=75,333
2026-08-05 13:28:01,102 INFO src.pipeline.kaggle_collect_openalex_sri_lanka: Saved Sri Lankan-affiliated work number=72,401 progress=96.1% api_total=75,333
2026-08-05 13:28:01,102 INFO src.pipeline.kaggle_collect_openalex_sri_lanka: Saved Sri Lankan-affiliated work number=72,402 progress=96.1% api_total=75,333
2026-08-05 13:28:01,102 INFO src.pipeline.kaggle_collect_openalex_sri_lanka: Saved Sri Lankan-affiliated work number=72,403 progress=96.1% api_total=75,333
2026-08-05 13:28:01,103 INFO src.pipeline.kaggle_collect_openalex_sri_lanka: Saved Sri Lankan-affiliated work number=72,404 progress=96.1% api_total=75,333
2026-08-05 13:28:01,103 INFO src.pipeline.kaggle_collect_openalex_sri_lanka: Saved Sri Lankan-affiliated work number=72,405 progress=96.1% api_total=75,333
2026-08-05 13:28:01,103 INFO src.pipeline.kaggle_collect_openalex_sri_lanka: Saved Sri Lankan-affiliated work number=72,406 progress=96.1% api_total=75,333
2026-08-05 13:28:01,104 INFO src.pipeline.kaggle_collect_openalex_sri_lanka: Saved Sri Lankan-affiliated work number=72,407 progress=96.1% api_total=75,333
2026-08-05 13:28:01,104 INFO src.pipeline.kaggle_collect_openalex_sri_lanka: Saved Sri Lankan-affiliated work number=72,408 progress=96.1% api_total=75,333
2026-08-05 13:28:01,104 INFO src.pipeline.kaggle_collect_openalex_sri_lanka: Saved Sri Lankan-affiliated work number=72,409 progress=96.1% api_total=75,333
2026-08-05 13:28:01,105 INFO src.pipeline.kaggle_collect_openalex_sri_lanka: Saved Sri Lankan-affiliated work number=72,410 progress=96.1% api_total=75,333
2026-08-05 13:28:01,105 INFO src.pipeline.kaggle_collect_openalex_sri_lanka: Saved Sri Lankan-affiliated work number=72,411 progress=96.1% api_total=75,333
2026-08-05 13:28:01,106 INFO src.pipeline.kaggle_collect_openalex_sri_lanka: Saved Sri Lankan-affiliated work number=72,412 progress=96.1% api_total=75,333
2026-08-05 13:28:01,106 INFO src.pipeline.kaggle_collect_openalex_sri_lanka: Saved Sri Lankan-affiliated work number=72,413 progress=96.1% api_total=75,333
2026-08-05 13:28:01,106 INFO src.pipeline.kaggle_collect_openalex_sri_lanka: Saved Sri Lankan-affiliated work number=72,414 progress=96.1% api_total=75,333
2026-08-05 13:28:01,106 INFO src.pipeline.kaggle_collect_openalex_sri_lanka: Saved Sri Lankan-affiliated work number=72,415 progress=96.1% api_total=75,333
2026-08-05 13:28:01,107 INFO src.pipeline.kaggle_collect_openalex_sri_lanka: Saved Sri Lankan-affiliated work number=72,416 progress=96.1% api_total=75,333
2026-08-05 13:28:01,107 INFO src.pipeline.kaggle_collect_openalex_sri_lanka: Saved Sri Lankan-affiliated work number=72,417 progress=96.1% api_total=75,333
2026-08-05 13:28:01,108 INFO src.pipeline.kaggle_collect_openalex_sri_lanka: Saved Sri Lankan-affiliated work number=72,418 progress=96.1% api_total=75,333
2026-08-05 13:28:01,108 INFO src.pipeline.kaggle_collect_openalex_sri_lanka: Saved Sri Lankan-affiliated work number=72,419 progress=96.1% api_total=75,333
2026-08-05 13:28:01,109 INFO src.pipeline.kaggle_collect_openalex_sri_lanka: Saved Sri Lankan-affiliated work number=72,420 progress=96.1% api_total=75,333
2026-08-05 13:28:01,109 INFO src.pipeline.kaggle_collect_openalex_sri_lanka: Saved Sri Lankan-affiliated work number=72,421 progress=96.1% api_total=75,333
2026-08-05 13:28:01,109 INFO src.pipeline.kaggle_collect_openalex_sri_lanka: Saved Sri Lankan-affiliated work number=72,422 progress=96.1% api_total=75,333
2026-08-05 13:28:01,109 INFO src.pipeline.kaggle_collect_openalex_sri_lanka: Saved Sri Lankan-affiliated work number=72,423 progress=96.1% api_total=75,333
2026-08-05 13:28:01,110 INFO src.pipeline.kaggle_collect_openalex_sri_lanka: Saved Sri Lankan-affiliated work number=72,424 progress=96.1% api_total=75,333
2026-08-05 13:28:01,110 INFO src.pipeline.kaggle_collect_openalex_sri_lanka: Saved Sri Lankan-affiliated work number=72,425 progress=96.1% api_total=75,333
2026-08-05 13:28:01,111 INFO src.pipeline.kaggle_collect_openalex_sri_lanka: Saved Sri Lankan-affiliated work number=72,426 progress=96.1% api_total=75,333
2026-08-05 13:28:01,111 INFO src.pipeline.kaggle_collect_openalex_sri_lanka: Saved Sri Lankan-affiliated work number=72,427 progress=96.1% api_total=75,333
2026-08-05 13:28:01,111 INFO src.pipeline.kaggle_collect_openalex_sri_lanka: Saved Sri Lankan-affiliated work number=72,428 progress=96.1% api_total=75,333
2026-08-05 13:28:01,111 INFO src.pipeline.kaggle_collect_openalex_sri_lanka: Saved Sri Lankan-affiliated work number=72,429 progress=96.1% api_total=75,333
2026-08-05 13:28:01,112 INFO src.pipeline.kaggle_collect_openalex_sri_lanka: Saved Sri Lankan-affiliated work number=72,430 progress=96.1% api_total=75,333
2026-08-05 13:28:01,112 INFO src.pipeline.kaggle_collect_openalex_sri_lanka: Saved Sri Lankan-affiliated work number=72,431 progress=96.1% api_total=75,333
2026-08-05 13:28:01,112 INFO src.pipeline.kaggle_collect_openalex_sri_lanka: Saved Sri Lankan-affiliated work number=72,432 progress=96.1% api_total=75,333
2026-08-05 13:28:01,113 INFO src.pipeline.kaggle_collect_openalex_sri_lanka: Saved Sri Lankan-affiliated work number=72,433 progress=96.2% api_total=75,333
2026-08-05 13:28:01,113 INFO src.pipeline.kaggle_collect_openalex_sri_lanka: Saved Sri Lankan-affiliated work number=72,434 progress=96.2% api_total=75,333
2026-08-05 13:28:01,113 INFO src.pipeline.kaggle_collect_openalex_sri_lanka: Saved Sri Lankan-affiliated work number=72,435 progress=96.2% api_total=75,333
2026-08-05 13:28:01,114 INFO src.pipeline.kaggle_collect_openalex_sri_lanka: Saved Sri Lankan-affiliated work number=72,436 progress=96.2% api_total=75,333
2026-08-05 13:28:01,114 INFO src.pipeline.kaggle_collect_openalex_sri_lanka: Saved Sri Lankan-affiliated work number=72,437 progress=96.2% api_total=75,333
2026-08-05 13:28:01,115 INFO src.pipeline.kaggle_collect_openalex_sri_lanka: Saved Sri Lankan-affiliated work number=72,438 progress=96.2% api_total=75,333
2026-08-05 13:28:01,115 INFO src.pipeline.kaggle_collect_openalex_sri_lanka: Saved Sri Lankan-affiliated work number=72,439 progress=96.2% api_total=75,333
2026-08-05 13:28:01,115 INFO src.pipeline.kaggle_collect_openalex_sri_lanka: Saved Sri Lankan-affiliated work number=72,440 progress=96.2% api_total=75,333
2026-08-05 13:28:01,116 INFO src.pipeline.kaggle_collect_openalex_sri_lanka: Saved Sri Lankan-affiliated work number=72,441 progress=96.2% api_total=75,333
2026-08-05 13:28:01,116 INFO src.pipeline.kaggle_collect_openalex_sri_lanka: Saved Sri Lankan-affiliated work number=72,442 progress=96.2% api_total=75,333
2026-08-05 13:28:01,116 INFO src.pipeline.kaggle_collect_openalex_sri_lanka: Saved Sri Lankan-affiliated work number=72,443 progress=96.2% api_total=75,333
2026-08-05 13:28:01,117 INFO src.pipeline.kaggle_collect_openalex_sri_lanka: Saved Sri Lankan-affiliated work number=72,444 progress=96.2% api_total=75,333
2026-08-05 13:28:01,117 INFO src.pipeline.kaggle_collect_openalex_sri_lanka: Saved Sri Lankan-affiliated work number=72,445 progress=96.2% api_total=75,333
2026-08-05 13:28:01,117 INFO src.pipeline.kaggle_collect_openalex_sri_lanka: Saved Sri Lankan-affiliated work number=72,446 progress=96.2% api_total=75,333
2026-08-05 13:28:01,118 INFO src.pipeline.kaggle_collect_openalex_sri_lanka: Saved Sri Lankan-affiliated work number=72,447 progress=96.2% api_total=75,333
2026-08-05 13:28:25,749 INFO src.collectors.openalex_collector: Fetched OpenAlex page page=12/377 progress=3.2% fetched=200 kept=200 skipped=0 next_cursor=yes
2026-08-05 13:28:25,756 INFO src.pipeline.kaggle_collect_openalex_sri_lanka: Saved Sri Lankan-affiliated work number=72,448 progress=96.2% api_total=75,333
2026-08-05 13:28:25,756 INFO src.pipeline.kaggle_collect_openalex_sri_lanka: Saved Sri Lankan-affiliated work number=72,449 progress=96.2% api_total=75,333
2026-08-05 13:28:25,757 INFO src.pipeline.kaggle_collect_openalex_sri_lanka: Saved Sri Lankan-affiliated work number=72,450 progress=96.2% api_total=75,333
2026-08-05 13:28:25,757 INFO src.pipeline.kaggle_collect_openalex_sri_lanka: Saved Sri Lankan-affiliated work number=72,451 progress=96.2% api_total=75,333
2026-08-05 13:28:25,758 INFO src.pipeline.kaggle_collect_openalex_sri_lanka: Saved Sri Lankan-affiliated work number=72,452 progress=96.2% api_total=75,333
2026-08-05 13:28:25,758 INFO src.pipeline.kaggle_collect_openalex_sri_lanka: Saved Sri Lankan-affiliated work number=72,453 progress=96.2% api_total=75,333
2026-08-05 13:28:25,758 INFO src.pipeline.kaggle_collect_openalex_sri_lanka: Saved Sri Lankan-affiliated work number=72,454 progress=96.2% api_total=75,333
2026-08-05 13:28:25,759 INFO src.pipeline.kaggle_collect_openalex_sri_lanka: Saved Sri Lankan-affiliated work number=72,455 progress=96.2% api_total=75,333
2026-08-05 13:28:25,759 INFO src.pipeline.kaggle_collect_openalex_sri_lanka: Saved Sri Lankan-affiliated work number=72,456 progress=96.2% api_total=75,333
2026-08-05 13:28:25,759 INFO src.pipeline.kaggle_collect_openalex_sri_lanka: Saved Sri Lankan-affiliated work number=72,457 progress=96.2% api_total=75,333
2026-08-05 13:28:25,760 INFO src.pipeline.kaggle_collect_openalex_sri_lanka: Saved Sri Lankan-affiliated work number=72,458 progress=96.2% api_total=75,333
2026-08-05 13:28:25,760 INFO src.pipeline.kaggle_collect_openalex_sri_lanka: Saved Sri Lankan-affiliated work number=72,459 progress=96.2% api_total=75,333
2026-08-05 13:28:25,760 INFO src.pipeline.kaggle_collect_openalex_sri_lanka: Saved Sri Lankan-affiliated work number=72,460 progress=96.2% api_total=75,333
2026-08-05 13:28:25,761 INFO src.pipeline.kaggle_collect_openalex_sri_lanka: Saved Sri Lankan-affiliated work number=72,461 progress=96.2% api_total=75,333
2026-08-05 13:28:25,761 INFO src.pipeline.kaggle_collect_openalex_sri_lanka: Saved Sri Lankan-affiliated work number=72,462 progress=96.2% api_total=75,333
2026-08-05 13:28:25,761 INFO src.pipeline.kaggle_collect_openalex_sri_lanka: Saved Sri Lankan-affiliated work number=72,463 progress=96.2% api_total=75,333
2026-08-05 13:28:25,762 INFO src.pipeline.kaggle_collect_openalex_sri_lanka: Saved Sri Lankan-affiliated work number=72,464 progress=96.2% api_total=75,333
2026-08-05 13:28:25,762 INFO src.pipeline.kaggle_collect_openalex_sri_lanka: Saved Sri Lankan-affiliated work number=72,465 progress=96.2% api_total=75,333
2026-08-05 13:28:25,762 INFO src.pipeline.kaggle_collect_openalex_sri_lanka: Saved Sri Lankan-affiliated work number=72,466 progress=96.2% api_total=75,333
2026-08-05 13:28:25,763 INFO src.pipeline.kaggle_collect_openalex_sri_lanka: Saved Sri Lankan-affiliated work number=72,467 progress=96.2% api_total=75,333
2026-08-05 13:28:25,763 INFO src.pipeline.kaggle_collect_openalex_sri_lanka: Saved Sri Lankan-affiliated work number=72,468 progress=96.2% api_total=75,333
2026-08-05 13:28:25,764 INFO src.pipeline.kaggle_collect_openalex_sri_lanka: Saved Sri Lankan-affiliated work number=72,469 progress=96.2% api_total=75,333
2026-08-05 13:28:25,764 INFO src.pipeline.kaggle_collect_openalex_sri_lanka: Saved Sri Lankan-affiliated work number=72,470 progress=96.2% api_total=75,333
2026-08-05 13:28:25,764 INFO src.pipeline.kaggle_collect_openalex_sri_lanka: Saved Sri Lankan-affiliated work number=72,471 progress=96.2% api_total=75,333
2026-08-05 13:28:25,765 INFO src.pipeline.kaggle_collect_openalex_sri_lanka: Saved Sri Lankan-affiliated work number=72,472 progress=96.2% api_total=75,333
2026-08-05 13:28:25,765 INFO src.pipeline.kaggle_collect_openalex_sri_lanka: Saved Sri Lankan-affiliated work number=72,473 progress=96.2% api_total=75,333
2026-08-05 13:28:25,765 INFO src.pipeline.kaggle_collect_openalex_sri_lanka: Saved Sri Lankan-affiliated work number=72,474 progress=96.2% api_total=75,333
2026-08-05 13:28:25,766 INFO src.pipeline.kaggle_collect_openalex_sri_lanka: Saved Sri Lankan-affiliated work number=72,475 progress=96.2% api_total=75,333
2026-08-05 13:28:25,766 INFO src.pipeline.kaggle_collect_openalex_sri_lanka: Saved Sri Lankan-affiliated work number=72,476 progress=96.2% api_total=75,333
2026-08-05 13:28:25,766 INFO src.pipeline.kaggle_collect_openalex_sri_lanka: Saved Sri Lankan-affiliated work number=72,477 progress=96.2% api_total=75,333
2026-08-05 13:28:25,767 INFO src.pipeline.kaggle_collect_openalex_sri_lanka: Saved Sri Lankan-affiliated work number=72,478 progress=96.2% api_total=75,333
2026-08-05 13:28:25,767 INFO src.pipeline.kaggle_collect_openalex_sri_lanka: Saved Sri Lankan-affiliated work number=72,479 progress=96.2% api_total=75,333
2026-08-05 13:28:25,767 INFO src.pipeline.kaggle_collect_openalex_sri_lanka: Saved Sri Lankan-affiliated work number=72,480 progress=96.2% api_total=75,333
2026-08-05 13:28:25,768 INFO src.pipeline.kaggle_collect_openalex_sri_lanka: Saved Sri Lankan-affiliated work number=72,481 progress=96.2% api_total=75,333
2026-08-05 13:28:25,768 INFO src.pipeline.kaggle_collect_openalex_sri_lanka: Saved Sri Lankan-affiliated work number=72,482 progress=96.2% api_total=75,333
2026-08-05 13:28:25,769 INFO src.pipeline.kaggle_collect_openalex_sri_lanka: Saved Sri Lankan-affiliated work number=72,483 progress=96.2% api_total=75,333
2026-08-05 13:28:25,769 INFO src.pipeline.kaggle_collect_openalex_sri_lanka: Saved Sri Lankan-affiliated work number=72,484 progress=96.2% api_total=75,333
2026-08-05 13:28:25,769 INFO src.pipeline.kaggle_collect_openalex_sri_lanka: Saved Sri Lankan-affiliated work number=72,485 progress=96.2% api_total=75,333
2026-08-05 13:28:25,770 INFO src.pipeline.kaggle_collect_openalex_sri_lanka: Saved Sri Lankan-affiliated work number=72,486 progress=96.2% api_total=75,333
2026-08-05 13:28:25,770 INFO src.pipeline.kaggle_collect_openalex_sri_lanka: Saved Sri Lankan-affiliated work number=72,487 progress=96.2% api_total=75,333
2026-08-05 13:28:25,770 INFO src.pipeline.kaggle_collect_openalex_sri_lanka: Saved Sri Lankan-affiliated work number=72,488 progress=96.2% api_total=75,333
2026-08-05 13:28:25,771 INFO src.pipeline.kaggle_collect_openalex_sri_lanka: Saved Sri Lankan-affiliated work number=72,489 progress=96.2% api_total=75,333
2026-08-05 13:28:25,771 INFO src.pipeline.kaggle_collect_openalex_sri_lanka: Saved Sri Lankan-affiliated work number=72,490 progress=96.2% api_total=75,333
2026-08-05 13:28:25,771 INFO src.pipeline.kaggle_collect_openalex_sri_lanka: Saved Sri Lankan-affiliated work number=72,491 progress=96.2% api_total=75,333
2026-08-05 13:28:25,772 INFO src.pipeline.kaggle_collect_openalex_sri_lanka: Saved Sri Lankan-affiliated work number=72,492 progress=96.2% api_total=75,333
2026-08-05 13:28:25,772 INFO src.pipeline.kaggle_collect_openalex_sri_lanka: Saved Sri Lankan-affiliated work number=72,493 progress=96.2% api_total=75,333
2026-08-05 13:28:25,772 INFO src.pipeline.kaggle_collect_openalex_sri_lanka: Saved Sri Lankan-affiliated work number=72,494 progress=96.2% api_total=75,333
2026-08-05 13:28:25,773 INFO src.pipeline.kaggle_collect_openalex_sri_lanka: Saved Sri Lankan-affiliated work number=72,495 progress=96.2% api_total=75,333
2026-08-05 13:28:25,773 INFO src.pipeline.kaggle_collect_openalex_sri_lanka: Saved Sri Lankan-affiliated work number=72,496 progress=96.2% api_total=75,333
2026-08-05 13:28:25,774 INFO src.pipeline.kaggle_collect_openalex_sri_lanka: Saved Sri Lankan-affiliated work number=72,497 progress=96.2% api_total=75,333
2026-08-05 13:28:25,774 INFO src.pipeline.kaggle_collect_openalex_sri_lanka: Saved Sri Lankan-affiliated work number=72,498 progress=96.2% api_total=75,333
2026-08-05 13:28:25,774 INFO src.pipeline.kaggle_collect_openalex_sri_lanka: Saved Sri Lankan-affiliated work number=72,499 progress=96.2% api_total=75,333
2026-08-05 13:28:25,775 INFO src.pipeline.kaggle_collect_openalex_sri_lanka: Saved Sri Lankan-affiliated work number=72,500 progress=96.2% api_total=75,333
2026-08-05 13:28:25,775 INFO src.pipeline.kaggle_collect_openalex_sri_lanka: Saved Sri Lankan-affiliated work number=72,501 progress=96.2% api_total=75,333
2026-08-05 13:28:25,775 INFO src.pipeline.kaggle_collect_openalex_sri_lanka: Saved Sri Lankan-affiliated work number=72,502 progress=96.2% api_total=75,333
2026-08-05 13:28:25,776 INFO src.pipeline.kaggle_collect_openalex_sri_lanka: Saved Sri Lankan-affiliated work number=72,503 progress=96.2% api_total=75,333
2026-08-05 13:28:25,776 INFO src.pipeline.kaggle_collect_openalex_sri_lanka: Saved Sri Lankan-affiliated work number=72,504 progress=96.2% api_total=75,333
2026-08-05 13:28:25,776 INFO src.pipeline.kaggle_collect_openalex_sri_lanka: Saved Sri Lankan-affiliated work number=72,505 progress=96.2% api_total=75,333
2026-08-05 13:28:25,777 INFO src.pipeline.kaggle_collect_openalex_sri_lanka: Saved Sri Lankan-affiliated work number=72,506 progress=96.2% api_total=75,333
2026-08-05 13:28:25,777 INFO src.pipeline.kaggle_collect_openalex_sri_lanka: Saved Sri Lankan-affiliated work number=72,507 progress=96.2% api_total=75,333
2026-08-05 13:28:25,777 INFO src.pipeline.kaggle_collect_openalex_sri_lanka: Saved Sri Lankan-affiliated work number=72,508 progress=96.2% api_total=75,333
2026-08-05 13:28:25,778 INFO src.pipeline.kaggle_collect_openalex_sri_lanka: Saved Sri Lankan-affiliated work number=72,509 progress=96.3% api_total=75,333
2026-08-05 13:28:25,778 INFO src.pipeline.kaggle_collect_openalex_sri_lanka: Saved Sri Lankan-affiliated work number=72,510 progress=96.3% api_total=75,333
2026-08-05 13:28:25,778 INFO src.pipeline.kaggle_collect_openalex_sri_lanka: Saved Sri Lankan-affiliated work number=72,511 progress=96.3% api_total=75,333
2026-08-05 13:28:25,779 INFO src.pipeline.kaggle_collect_openalex_sri_lanka: Saved Sri Lankan-affiliated work number=72,512 progress=96.3% api_total=75,333
2026-08-05 13:28:25,779 INFO src.pipeline.kaggle_collect_openalex_sri_lanka: Saved Sri Lankan-affiliated work number=72,513 progress=96.3% api_total=75,333
2026-08-05 13:28:25,780 INFO src.pipeline.kaggle_collect_openalex_sri_lanka: Saved Sri Lankan-affiliated work number=72,514 progress=96.3% api_total=75,333
2026-08-05 13:28:25,780 INFO src.pipeline.kaggle_collect_openalex_sri_lanka: Saved Sri Lankan-affiliated work number=72,515 progress=96.3% api_total=75,333
2026-08-05 13:28:25,781 INFO src.pipeline.kaggle_collect_openalex_sri_lanka: Saved Sri Lankan-affiliated work number=72,516 progress=96.3% api_total=75,333
2026-08-05 13:28:25,781 INFO src.pipeline.kaggle_collect_openalex_sri_lanka: Saved Sri Lankan-affiliated work number=72,517 progress=96.3% api_total=75,333
2026-08-05 13:28:25,782 INFO src.pipeline.kaggle_collect_openalex_sri_lanka: Saved Sri Lankan-affiliated work number=72,518 progress=96.3% api_total=75,333
2026-08-05 13:28:25,782 INFO src.pipeline.kaggle_collect_openalex_sri_lanka: Saved Sri Lankan-affiliated work number=72,519 progress=96.3% api_total=75,333
2026-08-05 13:28:25,783 INFO src.pipeline.kaggle_collect_openalex_sri_lanka: Saved Sri Lankan-affiliated work number=72,520 progress=96.3% api_total=75,333
2026-08-05 13:28:25,783 INFO src.pipeline.kaggle_collect_openalex_sri_lanka: Saved Sri Lankan-affiliated work number=72,521 progress=96.3% api_total=75,333
2026-08-05 13:28:25,784 INFO src.pipeline.kaggle_collect_openalex_sri_lanka: Saved Sri Lankan-affiliated work number=72,522 progress=96.3% api_total=75,333
2026-08-05 13:28:25,784 INFO src.pipeline.kaggle_collect_openalex_sri_lanka: Saved Sri Lankan-affiliated work number=72,523 progress=96.3% api_total=75,333
2026-08-05 13:28:25,784 INFO src.pipeline.kaggle_collect_openalex_sri_lanka: Saved Sri Lankan-affiliated work number=72,524 progress=96.3% api_total=75,333
2026-08-05 13:28:25,785 INFO src.pipeline.kaggle_collect_openalex_sri_lanka: Saved Sri Lankan-affiliated work number=72,525 progress=96.3% api_total=75,333
2026-08-05 13:28:25,785 INFO src.pipeline.kaggle_collect_openalex_sri_lanka: Saved Sri Lankan-affiliated work number=72,526 progress=96.3% api_total=75,333
2026-08-05 13:28:25,786 INFO src.pipeline.kaggle_collect_openalex_sri_lanka: Saved Sri Lankan-affiliated work number=72,527 progress=96.3% api_total=75,333
2026-08-05 13:28:25,786 INFO src.pipeline.kaggle_collect_openalex_sri_lanka: Saved Sri Lankan-affiliated work number=72,528 progress=96.3% api_total=75,333
2026-08-05 13:28:25,787 INFO src.pipeline.kaggle_collect_openalex_sri_lanka: Saved Sri Lankan-affiliated work number=72,529 progress=96.3% api_total=75,333
2026-08-05 13:28:25,787 INFO src.pipeline.kaggle_collect_openalex_sri_lanka: Saved Sri Lankan-affiliated work number=72,530 progress=96.3% api_total=75,333
2026-08-05 13:28:25,787 INFO src.pipeline.kaggle_collect_openalex_sri_lanka: Saved Sri Lankan-affiliated work number=72,531 progress=96.3% api_total=75,333
2026-08-05 13:28:25,788 INFO src.pipeline.kaggle_collect_openalex_sri_lanka: Saved Sri Lankan-affiliated work number=72,532 progress=96.3% api_total=75,333
2026-08-05 13:28:25,788 INFO src.pipeline.kaggle_collect_openalex_sri_lanka: Saved Sri Lankan-affiliated work number=72,533 progress=96.3% api_total=75,333
2026-08-05 13:28:25,788 INFO src.pipeline.kaggle_collect_openalex_sri_lanka: Saved Sri Lankan-affiliated work number=72,534 progress=96.3% api_total=75,333
2026-08-05 13:28:25,789 INFO src.pipeline.kaggle_collect_openalex_sri_lanka: Saved Sri Lankan-affiliated work number=72,535 progress=96.3% api_total=75,333
2026-08-05 13:28:25,790 INFO src.pipeline.kaggle_collect_openalex_sri_lanka: Saved Sri Lankan-affiliated work number=72,536 progress=96.3% api_total=75,333
2026-08-05 13:28:25,790 INFO src.pipeline.kaggle_collect_openalex_sri_lanka: Saved Sri Lankan-affiliated work number=72,537 progress=96.3% api_total=75,333
2026-08-05 13:28:25,790 INFO src.pipeline.kaggle_collect_openalex_sri_lanka: Saved Sri Lankan-affiliated work number=72,538 progress=96.3% api_total=75,333
2026-08-05 13:28:25,791 INFO src.pipeline.kaggle_collect_openalex_sri_lanka: Saved Sri Lankan-affiliated work number=72,539 progress=96.3% api_total=75,333
2026-08-05 13:28:25,791 INFO src.pipeline.kaggle_collect_openalex_sri_lanka: Saved Sri Lankan-affiliated work number=72,540 progress=96.3% api_total=75,333
2026-08-05 13:28:25,791 INFO src.pipeline.kaggle_collect_openalex_sri_lanka: Saved Sri Lankan-affiliated work number=72,541 progress=96.3% api_total=75,333
2026-08-05 13:28:25,792 INFO src.pipeline.kaggle_collect_openalex_sri_lanka: Saved Sri Lankan-affiliated work number=72,542 progress=96.3% api_total=75,333
2026-08-05 13:28:25,792 INFO src.pipeline.kaggle_collect_openalex_sri_lanka: Saved Sri Lankan-affiliated work number=72,543 progress=96.3% api_total=75,333
2026-08-05 13:28:25,793 INFO src.pipeline.kaggle_collect_openalex_sri_lanka: Saved Sri Lankan-affiliated work number=72,544 progress=96.3% api_total=75,333
2026-08-05 13:28:25,793 INFO src.pipeline.kaggle_collect_openalex_sri_lanka: Saved Sri Lankan-affiliated work number=72,545 progress=96.3% api_total=75,333
2026-08-05 13:28:25,793 INFO src.pipeline.kaggle_collect_openalex_sri_lanka: Saved Sri Lankan-affiliated work number=72,546 progress=96.3% api_total=75,333
2026-08-05 13:28:25,794 INFO src.pipeline.kaggle_collect_openalex_sri_lanka: Saved Sri Lankan-affiliated work number=72,547 progress=96.3% api_total=75,333
2026-08-05 13:28:25,794 INFO src.pipeline.kaggle_collect_openalex_sri_lanka: Saved Sri Lankan-affiliated work number=72,548 progress=96.3% api_total=75,333
2026-08-05 13:28:25,794 INFO src.pipeline.kaggle_collect_openalex_sri_lanka: Saved Sri Lankan-affiliated work number=72,549 progress=96.3% api_total=75,333
2026-08-05 13:28:25,795 INFO src.pipeline.kaggle_collect_openalex_sri_lanka: Saved Sri Lankan-affiliated work number=72,550 progress=96.3% api_total=75,333
2026-08-05 13:28:25,795 INFO src.pipeline.kaggle_collect_openalex_sri_lanka: Saved Sri Lankan-affiliated work number=72,551 progress=96.3% api_total=75,333
2026-08-05 13:28:25,795 INFO src.pipeline.kaggle_collect_openalex_sri_lanka: Saved Sri Lankan-affiliated work number=72,552 progress=96.3% api_total=75,333
2026-08-05 13:28:25,796 INFO src.pipeline.kaggle_collect_openalex_sri_lanka: Saved Sri Lankan-affiliated work number=72,553 progress=96.3% api_total=75,333
2026-08-05 13:28:25,796 INFO src.pipeline.kaggle_collect_openalex_sri_lanka: Saved Sri Lankan-affiliated work number=72,554 progress=96.3% api_total=75,333
2026-08-05 13:28:25,797 INFO src.pipeline.kaggle_collect_openalex_sri_lanka: Saved Sri Lankan-affiliated work number=72,555 progress=96.3% api_total=75,333
2026-08-05 13:28:25,797 INFO src.pipeline.kaggle_collect_openalex_sri_lanka: Saved Sri Lankan-affiliated work number=72,556 progress=96.3% api_total=75,333
2026-08-05 13:28:25,797 INFO src.pipeline.kaggle_collect_openalex_sri_lanka: Saved Sri Lankan-affiliated work number=72,557 progress=96.3% api_total=75,333
2026-08-05 13:28:25,798 INFO src.pipeline.kaggle_collect_openalex_sri_lanka: Saved Sri Lankan-affiliated work number=72,558 progress=96.3% api_total=75,333
2026-08-05 13:28:25,798 INFO src.pipeline.kaggle_collect_openalex_sri_lanka: Saved Sri Lankan-affiliated work number=72,559 progress=96.3% api_total=75,333
2026-08-05 13:28:25,798 INFO src.pipeline.kaggle_collect_openalex_sri_lanka: Saved Sri Lankan-affiliated work number=72,560 progress=96.3% api_total=75,333
2026-08-05 13:28:25,799 INFO src.pipeline.kaggle_collect_openalex_sri_lanka: Saved Sri Lankan-affiliated work number=72,561 progress=96.3% api_total=75,333
2026-08-05 13:28:25,799 INFO src.pipeline.kaggle_collect_openalex_sri_lanka: Saved Sri Lankan-affiliated work number=72,562 progress=96.3% api_total=75,333
2026-08-05 13:28:25,799 INFO src.pipeline.kaggle_collect_openalex_sri_lanka: Saved Sri Lankan-affiliated work number=72,563 progress=96.3% api_total=75,333
2026-08-05 13:28:25,800 INFO src.pipeline.kaggle_collect_openalex_sri_lanka: Saved Sri Lankan-affiliated work number=72,564 progress=96.3% api_total=75,333
2026-08-05 13:28:25,800 INFO src.pipeline.kaggle_collect_openalex_sri_lanka: Saved Sri Lankan-affiliated work number=72,565 progress=96.3% api_total=75,333
2026-08-05 13:28:25,801 INFO src.pipeline.kaggle_collect_openalex_sri_lanka: Saved Sri Lankan-affiliated work number=72,566 progress=96.3% api_total=75,333
2026-08-05 13:28:25,801 INFO src.pipeline.kaggle_collect_openalex_sri_lanka: Saved Sri Lankan-affiliated work number=72,567 progress=96.3% api_total=75,333
2026-08-05 13:28:25,801 INFO src.pipeline.kaggle_collect_openalex_sri_lanka: Saved Sri Lankan-affiliated work number=72,568 progress=96.3% api_total=75,333
2026-08-05 13:28:25,802 INFO src.pipeline.kaggle_collect_openalex_sri_lanka: Saved Sri Lankan-affiliated work number=72,569 progress=96.3% api_total=75,333
2026-08-05 13:28:25,802 INFO src.pipeline.kaggle_collect_openalex_sri_lanka: Saved Sri Lankan-affiliated work number=72,570 progress=96.3% api_total=75,333
2026-08-05 13:28:25,802 INFO src.pipeline.kaggle_collect_openalex_sri_lanka: Saved Sri Lankan-affiliated work number=72,571 progress=96.3% api_total=75,333
2026-08-05 13:28:25,803 INFO src.pipeline.kaggle_collect_openalex_sri_lanka: Saved Sri Lankan-affiliated work number=72,572 progress=96.3% api_total=75,333
2026-08-05 13:28:25,803 INFO src.pipeline.kaggle_collect_openalex_sri_lanka: Saved Sri Lankan-affiliated work number=72,573 progress=96.3% api_total=75,333
2026-08-05 13:28:25,804 INFO src.pipeline.kaggle_collect_openalex_sri_lanka: Saved Sri Lankan-affiliated work number=72,574 progress=96.3% api_total=75,333
2026-08-05 13:28:25,804 INFO src.pipeline.kaggle_collect_openalex_sri_lanka: Saved Sri Lankan-affiliated work number=72,575 progress=96.3% api_total=75,333
2026-08-05 13:28:25,804 INFO src.pipeline.kaggle_collect_openalex_sri_lanka: Saved Sri Lankan-affiliated work number=72,576 progress=96.3% api_total=75,333
2026-08-05 13:28:25,805 INFO src.pipeline.kaggle_collect_openalex_sri_lanka: Saved Sri Lankan-affiliated work number=72,577 progress=96.3% api_total=75,333
2026-08-05 13:28:25,805 INFO src.pipeline.kaggle_collect_openalex_sri_lanka: Saved Sri Lankan-affiliated work number=72,578 progress=96.3% api_total=75,333
2026-08-05 13:28:25,805 INFO src.pipeline.kaggle_collect_openalex_sri_lanka: Saved Sri Lankan-affiliated work number=72,579 progress=96.3% api_total=75,333
2026-08-05 13:28:25,806 INFO src.pipeline.kaggle_collect_openalex_sri_lanka: Saved Sri Lankan-affiliated work number=72,580 progress=96.3% api_total=75,333
2026-08-05 13:28:25,806 INFO src.pipeline.kaggle_collect_openalex_sri_lanka: Saved Sri Lankan-affiliated work number=72,581 progress=96.3% api_total=75,333
2026-08-05 13:28:25,806 INFO src.pipeline.kaggle_collect_openalex_sri_lanka: Saved Sri Lankan-affiliated work number=72,582 progress=96.3% api_total=75,333
2026-08-05 13:28:25,806 INFO src.pipeline.kaggle_collect_openalex_sri_lanka: Saved Sri Lankan-affiliated work number=72,583 progress=96.3% api_total=75,333
2026-08-05 13:28:25,807 INFO src.pipeline.kaggle_collect_openalex_sri_lanka: Saved Sri Lankan-affiliated work number=72,584 progress=96.4% api_total=75,333
2026-08-05 13:28:25,807 INFO src.pipeline.kaggle_collect_openalex_sri_lanka: Saved Sri Lankan-affiliated work number=72,585 progress=96.4% api_total=75,333
2026-08-05 13:28:25,808 INFO src.pipeline.kaggle_collect_openalex_sri_lanka: Saved Sri Lankan-affiliated work number=72,586 progress=96.4% api_total=75,333
2026-08-05 13:28:25,808 INFO src.pipeline.kaggle_collect_openalex_sri_lanka: Saved Sri Lankan-affiliated work number=72,587 progress=96.4% api_total=75,333
2026-08-05 13:28:25,808 INFO src.pipeline.kaggle_collect_openalex_sri_lanka: Saved Sri Lankan-affiliated work number=72,588 progress=96.4% api_total=75,333
2026-08-05 13:28:25,808 INFO src.pipeline.kaggle_collect_openalex_sri_lanka: Saved Sri Lankan-affiliated work number=72,589 progress=96.4% api_total=75,333
2026-08-05 13:28:25,809 INFO src.pipeline.kaggle_collect_openalex_sri_lanka: Saved Sri Lankan-affiliated work number=72,590 progress=96.4% api_total=75,333
2026-08-05 13:28:25,809 INFO src.pipeline.kaggle_collect_openalex_sri_lanka: Saved Sri Lankan-affiliated work number=72,591 progress=96.4% api_total=75,333
2026-08-05 13:28:25,809 INFO src.pipeline.kaggle_collect_openalex_sri_lanka: Saved Sri Lankan-affiliated work number=72,592 progress=96.4% api_total=75,333
2026-08-05 13:28:25,810 INFO src.pipeline.kaggle_collect_openalex_sri_lanka: Saved Sri Lankan-affiliated work number=72,593 progress=96.4% api_total=75,333
2026-08-05 13:28:25,810 INFO src.pipeline.kaggle_collect_openalex_sri_lanka: Saved Sri Lankan-affiliated work number=72,594 progress=96.4% api_total=75,333
2026-08-05 13:28:25,811 INFO src.pipeline.kaggle_collect_openalex_sri_lanka: Saved Sri Lankan-affiliated work number=72,595 progress=96.4% api_total=75,333
2026-08-05 13:28:25,811 INFO src.pipeline.kaggle_collect_openalex_sri_lanka: Saved Sri Lankan-affiliated work number=72,596 progress=96.4% api_total=75,333
2026-08-05 13:28:25,811 INFO src.pipeline.kaggle_collect_openalex_sri_lanka: Saved Sri Lankan-affiliated work number=72,597 progress=96.4% api_total=75,333
2026-08-05 13:28:25,812 INFO src.pipeline.kaggle_collect_openalex_sri_lanka: Saved Sri Lankan-affiliated work number=72,598 progress=96.4% api_total=75,333
2026-08-05 13:28:25,812 INFO src.pipeline.kaggle_collect_openalex_sri_lanka: Saved Sri Lankan-affiliated work number=72,599 progress=96.4% api_total=75,333
2026-08-05 13:28:25,813 INFO src.pipeline.kaggle_collect_openalex_sri_lanka: Saved Sri Lankan-affiliated work number=72,600 progress=96.4% api_total=75,333
2026-08-05 13:28:25,813 INFO src.pipeline.kaggle_collect_openalex_sri_lanka: Saved Sri Lankan-affiliated work number=72,601 progress=96.4% api_total=75,333
2026-08-05 13:28:25,814 INFO src.pipeline.kaggle_collect_openalex_sri_lanka: Saved Sri Lankan-affiliated work number=72,602 progress=96.4% api_total=75,333
2026-08-05 13:28:25,814 INFO src.pipeline.kaggle_collect_openalex_sri_lanka: Saved Sri Lankan-affiliated work number=72,603 progress=96.4% api_total=75,333
2026-08-05 13:28:25,814 INFO src.pipeline.kaggle_collect_openalex_sri_lanka: Saved Sri Lankan-affiliated work number=72,604 progress=96.4% api_total=75,333
2026-08-05 13:28:25,816 INFO src.pipeline.kaggle_collect_openalex_sri_lanka: Saved Sri Lankan-affiliated work number=72,605 progress=96.4% api_total=75,333
2026-08-05 13:28:25,817 INFO src.pipeline.kaggle_collect_openalex_sri_lanka: Saved Sri Lankan-affiliated work number=72,606 progress=96.4% api_total=75,333
2026-08-05 13:28:25,817 INFO src.pipeline.kaggle_collect_openalex_sri_lanka: Saved Sri Lankan-affiliated work number=72,607 progress=96.4% api_total=75,333
2026-08-05 13:28:25,817 INFO src.pipeline.kaggle_collect_openalex_sri_lanka: Saved Sri Lankan-affiliated work number=72,608 progress=96.4% api_total=75,333
2026-08-05 13:28:25,818 INFO src.pipeline.kaggle_collect_openalex_sri_lanka: Saved Sri Lankan-affiliated work number=72,609 progress=96.4% api_total=75,333
2026-08-05 13:28:25,818 INFO src.pipeline.kaggle_collect_openalex_sri_lanka: Saved Sri Lankan-affiliated work number=72,610 progress=96.4% api_total=75,333
2026-08-05 13:28:25,819 INFO src.pipeline.kaggle_collect_openalex_sri_lanka: Saved Sri Lankan-affiliated work number=72,611 progress=96.4% api_total=75,333
2026-08-05 13:28:25,819 INFO src.pipeline.kaggle_collect_openalex_sri_lanka: Saved Sri Lankan-affiliated work number=72,612 progress=96.4% api_total=75,333
2026-08-05 13:28:25,819 INFO src.pipeline.kaggle_collect_openalex_sri_lanka: Saved Sri Lankan-affiliated work number=72,613 progress=96.4% api_total=75,333
2026-08-05 13:28:25,820 INFO src.pipeline.kaggle_collect_openalex_sri_lanka: Saved Sri Lankan-affiliated work number=72,614 progress=96.4% api_total=75,333
2026-08-05 13:28:25,820 INFO src.pipeline.kaggle_collect_openalex_sri_lanka: Saved Sri Lankan-affiliated work number=72,615 progress=96.4% api_total=75,333
2026-08-05 13:28:25,820 INFO src.pipeline.kaggle_collect_openalex_sri_lanka: Saved Sri Lankan-affiliated work number=72,616 progress=96.4% api_total=75,333
2026-08-05 13:28:25,821 INFO src.pipeline.kaggle_collect_openalex_sri_lanka: Saved Sri Lankan-affiliated work number=72,617 progress=96.4% api_total=75,333
2026-08-05 13:28:25,821 INFO src.pipeline.kaggle_collect_openalex_sri_lanka: Saved Sri Lankan-affiliated work number=72,618 progress=96.4% api_total=75,333
2026-08-05 13:28:25,821 INFO src.pipeline.kaggle_collect_openalex_sri_lanka: Saved Sri Lankan-affiliated work number=72,619 progress=96.4% api_total=75,333
2026-08-05 13:28:25,822 INFO src.pipeline.kaggle_collect_openalex_sri_lanka: Saved Sri Lankan-affiliated work number=72,620 progress=96.4% api_total=75,333
2026-08-05 13:28:25,822 INFO src.pipeline.kaggle_collect_openalex_sri_lanka: Saved Sri Lankan-affiliated work number=72,621 progress=96.4% api_total=75,333
2026-08-05 13:28:25,822 INFO src.pipeline.kaggle_collect_openalex_sri_lanka: Saved Sri Lankan-affiliated work number=72,622 progress=96.4% api_total=75,333
2026-08-05 13:28:25,823 INFO src.pipeline.kaggle_collect_openalex_sri_lanka: Saved Sri Lankan-affiliated work number=72,623 progress=96.4% api_total=75,333
2026-08-05 13:28:25,823 INFO src.pipeline.kaggle_collect_openalex_sri_lanka: Saved Sri Lankan-affiliated work number=72,624 progress=96.4% api_total=75,333
2026-08-05 13:28:25,823 INFO src.pipeline.kaggle_collect_openalex_sri_lanka: Saved Sri Lankan-affiliated work number=72,625 progress=96.4% api_total=75,333
2026-08-05 13:28:25,824 INFO src.pipeline.kaggle_collect_openalex_sri_lanka: Saved Sri Lankan-affiliated work number=72,626 progress=96.4% api_total=75,333
2026-08-05 13:28:25,824 INFO src.pipeline.kaggle_collect_openalex_sri_lanka: Saved Sri Lankan-affiliated work number=72,627 progress=96.4% api_total=75,333
2026-08-05 13:28:25,824 INFO src.pipeline.kaggle_collect_openalex_sri_lanka: Saved Sri Lankan-affiliated work number=72,628 progress=96.4% api_total=75,333
2026-08-05 13:28:25,825 INFO src.pipeline.kaggle_collect_openalex_sri_lanka: Saved Sri Lankan-affiliated work number=72,629 progress=96.4% api_total=75,333
2026-08-05 13:28:25,825 INFO src.pipeline.kaggle_collect_openalex_sri_lanka: Saved Sri Lankan-affiliated work number=72,630 progress=96.4% api_total=75,333
2026-08-05 13:28:25,825 INFO src.pipeline.kaggle_collect_openalex_sri_lanka: Saved Sri Lankan-affiliated work number=72,631 progress=96.4% api_total=75,333
2026-08-05 13:28:25,826 INFO src.pipeline.kaggle_collect_openalex_sri_lanka: Saved Sri Lankan-affiliated work number=72,632 progress=96.4% api_total=75,333
2026-08-05 13:28:25,826 INFO src.pipeline.kaggle_collect_openalex_sri_lanka: Saved Sri Lankan-affiliated work number=72,633 progress=96.4% api_total=75,333
2026-08-05 13:28:25,827 INFO src.pipeline.kaggle_collect_openalex_sri_lanka: Saved Sri Lankan-affiliated work number=72,634 progress=96.4% api_total=75,333
2026-08-05 13:28:25,827 INFO src.pipeline.kaggle_collect_openalex_sri_lanka: Saved Sri Lankan-affiliated work number=72,635 progress=96.4% api_total=75,333
2026-08-05 13:28:25,827 INFO src.pipeline.kaggle_collect_openalex_sri_lanka: Saved Sri Lankan-affiliated work number=72,636 progress=96.4% api_total=75,333
2026-08-05 13:28:25,828 INFO src.pipeline.kaggle_collect_openalex_sri_lanka: Saved Sri Lankan-affiliated work number=72,637 progress=96.4% api_total=75,333
2026-08-05 13:28:25,828 INFO src.pipeline.kaggle_collect_openalex_sri_lanka: Saved Sri Lankan-affiliated work number=72,638 progress=96.4% api_total=75,333
2026-08-05 13:28:25,829 INFO src.pipeline.kaggle_collect_openalex_sri_lanka: Saved Sri Lankan-affiliated work number=72,639 progress=96.4% api_total=75,333
2026-08-05 13:28:25,829 INFO src.pipeline.kaggle_collect_openalex_sri_lanka: Saved Sri Lankan-affiliated work number=72,640 progress=96.4% api_total=75,333
2026-08-05 13:28:25,829 INFO src.pipeline.kaggle_collect_openalex_sri_lanka: Saved Sri Lankan-affiliated work number=72,641 progress=96.4% api_total=75,333
2026-08-05 13:28:25,830 INFO src.pipeline.kaggle_collect_openalex_sri_lanka: Saved Sri Lankan-affiliated work number=72,642 progress=96.4% api_total=75,333
2026-08-05 13:28:25,830 INFO src.pipeline.kaggle_collect_openalex_sri_lanka: Saved Sri Lankan-affiliated work number=72,643 progress=96.4% api_total=75,333
2026-08-05 13:28:25,831 INFO src.pipeline.kaggle_collect_openalex_sri_lanka: Saved Sri Lankan-affiliated work number=72,644 progress=96.4% api_total=75,333
2026-08-05 13:28:25,831 INFO src.pipeline.kaggle_collect_openalex_sri_lanka: Saved Sri Lankan-affiliated work number=72,645 progress=96.4% api_total=75,333
2026-08-05 13:28:25,832 INFO src.pipeline.kaggle_collect_openalex_sri_lanka: Saved Sri Lankan-affiliated work number=72,646 progress=96.4% api_total=75,333
2026-08-05 13:28:25,832 INFO src.pipeline.kaggle_collect_openalex_sri_lanka: Saved Sri Lankan-affiliated work number=72,647 progress=96.4% api_total=75,333
2026-08-05 13:28:31,094 INFO src.collectors.openalex_collector: Fetched OpenAlex page page=13/377 progress=3.4% fetched=200 kept=200 skipped=0 next_cursor=yes
2026-08-05 13:28:31,101 INFO src.pipeline.kaggle_collect_openalex_sri_lanka: Saved Sri Lankan-affiliated work number=72,648 progress=96.4% api_total=75,333
2026-08-05 13:28:31,101 INFO src.pipeline.kaggle_collect_openalex_sri_lanka: Saved Sri Lankan-affiliated work number=72,649 progress=96.4% api_total=75,333
2026-08-05 13:28:31,101 INFO src.pipeline.kaggle_collect_openalex_sri_lanka: Saved Sri Lankan-affiliated work number=72,650 progress=96.4% api_total=75,333
2026-08-05 13:28:31,102 INFO src.pipeline.kaggle_collect_openalex_sri_lanka: Saved Sri Lankan-affiliated work number=72,651 progress=96.4% api_total=75,333
2026-08-05 13:28:31,102 INFO src.pipeline.kaggle_collect_openalex_sri_lanka: Saved Sri Lankan-affiliated work number=72,652 progress=96.4% api_total=75,333
2026-08-05 13:28:31,103 INFO src.pipeline.kaggle_collect_openalex_sri_lanka: Saved Sri Lankan-affiliated work number=72,653 progress=96.4% api_total=75,333
2026-08-05 13:28:31,103 INFO src.pipeline.kaggle_collect_openalex_sri_lanka: Saved Sri Lankan-affiliated work number=72,654 progress=96.4% api_total=75,333
2026-08-05 13:28:31,103 INFO src.pipeline.kaggle_collect_openalex_sri_lanka: Saved Sri Lankan-affiliated work number=72,655 progress=96.4% api_total=75,333
2026-08-05 13:28:31,104 INFO src.pipeline.kaggle_collect_openalex_sri_lanka: Saved Sri Lankan-affiliated work number=72,656 progress=96.4% api_total=75,333
2026-08-05 13:28:31,104 INFO src.pipeline.kaggle_collect_openalex_sri_lanka: Saved Sri Lankan-affiliated work number=72,657 progress=96.4% api_total=75,333
2026-08-05 13:28:31,104 INFO src.pipeline.kaggle_collect_openalex_sri_lanka: Saved Sri Lankan-affiliated work number=72,658 progress=96.4% api_total=75,333
2026-08-05 13:28:31,104 INFO src.pipeline.kaggle_collect_openalex_sri_lanka: Saved Sri Lankan-affiliated work number=72,659 progress=96.5% api_total=75,333
2026-08-05 13:28:31,105 INFO src.pipeline.kaggle_collect_openalex_sri_lanka: Saved Sri Lankan-affiliated work number=72,660 progress=96.5% api_total=75,333
2026-08-05 13:28:31,105 INFO src.pipeline.kaggle_collect_openalex_sri_lanka: Saved Sri Lankan-affiliated work number=72,661 progress=96.5% api_total=75,333
2026-08-05 13:28:31,105 INFO src.pipeline.kaggle_collect_openalex_sri_lanka: Saved Sri Lankan-affiliated work number=72,662 progress=96.5% api_total=75,333
2026-08-05 13:28:31,106 INFO src.pipeline.kaggle_collect_openalex_sri_lanka: Saved Sri Lankan-affiliated work number=72,663 progress=96.5% api_total=75,333
2026-08-05 13:28:31,106 INFO src.pipeline.kaggle_collect_openalex_sri_lanka: Saved Sri Lankan-affiliated work number=72,664 progress=96.5% api_total=75,333
2026-08-05 13:28:31,106 INFO src.pipeline.kaggle_collect_openalex_sri_lanka: Saved Sri Lankan-affiliated work number=72,665 progress=96.5% api_total=75,333
2026-08-05 13:28:31,107 INFO src.pipeline.kaggle_collect_openalex_sri_lanka: Saved Sri Lankan-affiliated work number=72,666 progress=96.5% api_total=75,333
2026-08-05 13:28:31,107 INFO src.pipeline.kaggle_collect_openalex_sri_lanka: Saved Sri Lankan-affiliated work number=72,667 progress=96.5% api_total=75,333
2026-08-05 13:28:31,107 INFO src.pipeline.kaggle_collect_openalex_sri_lanka: Saved Sri Lankan-affiliated work number=72,668 progress=96.5% api_total=75,333
2026-08-05 13:28:31,108 INFO src.pipeline.kaggle_collect_openalex_sri_lanka: Saved Sri Lankan-affiliated work number=72,669 progress=96.5% api_total=75,333
2026-08-05 13:28:31,108 INFO src.pipeline.kaggle_collect_openalex_sri_lanka: Saved Sri Lankan-affiliated work number=72,670 progress=96.5% api_total=75,333
2026-08-05 13:28:31,109 INFO src.pipeline.kaggle_collect_openalex_sri_lanka: Saved Sri Lankan-affiliated work number=72,671 progress=96.5% api_total=75,333
2026-08-05 13:28:31,109 INFO src.pipeline.kaggle_collect_openalex_sri_lanka: Saved Sri Lankan-affiliated work number=72,672 progress=96.5% api_total=75,333
2026-08-05 13:28:31,109 INFO src.pipeline.kaggle_collect_openalex_sri_lanka: Saved Sri Lankan-affiliated work number=72,673 progress=96.5% api_total=75,333
2026-08-05 13:28:31,111 INFO src.pipeline.kaggle_collect_openalex_sri_lanka: Saved Sri Lankan-affiliated work number=72,674 progress=96.5% api_total=75,333
2026-08-05 13:28:31,112 INFO src.pipeline.kaggle_collect_openalex_sri_lanka: Saved Sri Lankan-affiliated work number=72,675 progress=96.5% api_total=75,333
2026-08-05 13:28:31,112 INFO src.pipeline.kaggle_collect_openalex_sri_lanka: Saved Sri Lankan-affiliated work number=72,676 progress=96.5% api_total=75,333
2026-08-05 13:28:31,113 INFO src.pipeline.kaggle_collect_openalex_sri_lanka: Saved Sri Lankan-affiliated work number=72,677 progress=96.5% api_total=75,333
2026-08-05 13:28:31,113 INFO src.pipeline.kaggle_collect_openalex_sri_lanka: Saved Sri Lankan-affiliated work number=72,678 progress=96.5% api_total=75,333
2026-08-05 13:28:31,113 INFO src.pipeline.kaggle_collect_openalex_sri_lanka: Saved Sri Lankan-affiliated work number=72,679 progress=96.5% api_total=75,333
2026-08-05 13:28:31,114 INFO src.pipeline.kaggle_collect_openalex_sri_lanka: Saved Sri Lankan-affiliated work number=72,680 progress=96.5% api_total=75,333
2026-08-05 13:28:31,114 INFO src.pipeline.kaggle_collect_openalex_sri_lanka: Saved Sri Lankan-affiliated work number=72,681 progress=96.5% api_total=75,333
2026-08-05 13:28:31,114 INFO src.pipeline.kaggle_collect_openalex_sri_lanka: Saved Sri Lankan-affiliated work number=72,682 progress=96.5% api_total=75,333
2026-08-05 13:28:31,115 INFO src.pipeline.kaggle_collect_openalex_sri_lanka: Saved Sri Lankan-affiliated work number=72,683 progress=96.5% api_total=75,333
2026-08-05 13:28:31,115 INFO src.pipeline.kaggle_collect_openalex_sri_lanka: Saved Sri Lankan-affiliated work number=72,684 progress=96.5% api_total=75,333
2026-08-05 13:28:31,115 INFO src.pipeline.kaggle_collect_openalex_sri_lanka: Saved Sri Lankan-affiliated work number=72,685 progress=96.5% api_total=75,333
2026-08-05 13:28:31,116 INFO src.pipeline.kaggle_collect_openalex_sri_lanka: Saved Sri Lankan-affiliated work number=72,686 progress=96.5% api_total=75,333
2026-08-05 13:28:31,116 INFO src.pipeline.kaggle_collect_openalex_sri_lanka: Saved Sri Lankan-affiliated work number=72,687 progress=96.5% api_total=75,333
2026-08-05 13:28:31,117 INFO src.pipeline.kaggle_collect_openalex_sri_lanka: Saved Sri Lankan-affiliated work number=72,688 progress=96.5% api_total=75,333
2026-08-05 13:28:31,117 INFO src.pipeline.kaggle_collect_openalex_sri_lanka: Saved Sri Lankan-affiliated work number=72,689 progress=96.5% api_total=75,333
2026-08-05 13:28:31,118 INFO src.pipeline.kaggle_collect_openalex_sri_lanka: Saved Sri Lankan-affiliated work number=72,690 progress=96.5% api_total=75,333
2026-08-05 13:28:31,118 INFO src.pipeline.kaggle_collect_openalex_sri_lanka: Saved Sri Lankan-affiliated work number=72,691 progress=96.5% api_total=75,333
2026-08-05 13:28:31,119 INFO src.pipeline.kaggle_collect_openalex_sri_lanka: Saved Sri Lankan-affiliated work number=72,692 progress=96.5% api_total=75,333
2026-08-05 13:28:31,119 INFO src.pipeline.kaggle_collect_openalex_sri_lanka: Saved Sri Lankan-affiliated work number=72,693 progress=96.5% api_total=75,333
2026-08-05 13:28:31,119 INFO src.pipeline.kaggle_collect_openalex_sri_lanka: Saved Sri Lankan-affiliated work number=72,694 progress=96.5% api_total=75,333
2026-08-05 13:28:31,119 INFO src.pipeline.kaggle_collect_openalex_sri_lanka: Saved Sri Lankan-affiliated work number=72,695 progress=96.5% api_total=75,333
2026-08-05 13:28:31,120 INFO src.pipeline.kaggle_collect_openalex_sri_lanka: Saved Sri Lankan-affiliated work number=72,696 progress=96.5% api_total=75,333
2026-08-05 13:28:31,121 INFO src.pipeline.kaggle_collect_openalex_sri_lanka: Saved Sri Lankan-affiliated work number=72,697 progress=96.5% api_total=75,333
2026-08-05 13:28:31,121 INFO src.pipeline.kaggle_collect_openalex_sri_lanka: Saved Sri Lankan-affiliated work number=72,698 progress=96.5% api_total=75,333
2026-08-05 13:28:31,121 INFO src.pipeline.kaggle_collect_openalex_sri_lanka: Saved Sri Lankan-affiliated work number=72,699 progress=96.5% api_total=75,333
2026-08-05 13:28:31,122 INFO src.pipeline.kaggle_collect_openalex_sri_lanka: Saved Sri Lankan-affiliated work number=72,700 progress=96.5% api_total=75,333
2026-08-05 13:28:31,122 INFO src.pipeline.kaggle_collect_openalex_sri_lanka: Saved Sri Lankan-affiliated work number=72,701 progress=96.5% api_total=75,333
2026-08-05 13:28:31,123 INFO src.pipeline.kaggle_collect_openalex_sri_lanka: Saved Sri Lankan-affiliated work number=72,702 progress=96.5% api_total=75,333
2026-08-05 13:28:31,123 INFO src.pipeline.kaggle_collect_openalex_sri_lanka: Saved Sri Lankan-affiliated work number=72,703 progress=96.5% api_total=75,333
2026-08-05 13:28:31,123 INFO src.pipeline.kaggle_collect_openalex_sri_lanka: Saved Sri Lankan-affiliated work number=72,704 progress=96.5% api_total=75,333
2026-08-05 13:28:31,123 INFO src.pipeline.kaggle_collect_openalex_sri_lanka: Saved Sri Lankan-affiliated work number=72,705 progress=96.5% api_total=75,333
2026-08-05 13:28:31,124 INFO src.pipeline.kaggle_collect_openalex_sri_lanka: Saved Sri Lankan-affiliated work number=72,706 progress=96.5% api_total=75,333
2026-08-05 13:28:31,124 INFO src.pipeline.kaggle_collect_openalex_sri_lanka: Saved Sri Lankan-affiliated work number=72,707 progress=96.5% api_total=75,333
2026-08-05 13:28:31,124 INFO src.pipeline.kaggle_collect_openalex_sri_lanka: Saved Sri Lankan-affiliated work number=72,708 progress=96.5% api_total=75,333
2026-08-05 13:28:31,125 INFO src.pipeline.kaggle_collect_openalex_sri_lanka: Saved Sri Lankan-affiliated work number=72,709 progress=96.5% api_total=75,333
2026-08-05 13:28:31,125 INFO src.pipeline.kaggle_collect_openalex_sri_lanka: Saved Sri Lankan-affiliated work number=72,710 progress=96.5% api_total=75,333
2026-08-05 13:28:31,126 INFO src.pipeline.kaggle_collect_openalex_sri_lanka: Saved Sri Lankan-affiliated work number=72,711 progress=96.5% api_total=75,333
2026-08-05 13:28:31,126 INFO src.pipeline.kaggle_collect_openalex_sri_lanka: Saved Sri Lankan-affiliated work number=72,712 progress=96.5% api_total=75,333
2026-08-05 13:28:31,126 INFO src.pipeline.kaggle_collect_openalex_sri_lanka: Saved Sri Lankan-affiliated work number=72,713 progress=96.5% api_total=75,333
2026-08-05 13:28:31,126 INFO src.pipeline.kaggle_collect_openalex_sri_lanka: Saved Sri Lankan-affiliated work number=72,714 progress=96.5% api_total=75,333
2026-08-05 13:28:31,127 INFO src.pipeline.kaggle_collect_openalex_sri_lanka: Saved Sri Lankan-affiliated work number=72,715 progress=96.5% api_total=75,333
2026-08-05 13:28:31,127 INFO src.pipeline.kaggle_collect_openalex_sri_lanka: Saved Sri Lankan-affiliated work number=72,716 progress=96.5% api_total=75,333
2026-08-05 13:28:31,128 INFO src.pipeline.kaggle_collect_openalex_sri_lanka: Saved Sri Lankan-affiliated work number=72,717 progress=96.5% api_total=75,333
2026-08-05 13:28:31,128 INFO src.pipeline.kaggle_collect_openalex_sri_lanka: Saved Sri Lankan-affiliated work number=72,718 progress=96.5% api_total=75,333
2026-08-05 13:28:31,129 INFO src.pipeline.kaggle_collect_openalex_sri_lanka: Saved Sri Lankan-affiliated work number=72,719 progress=96.5% api_total=75,333
2026-08-05 13:28:31,129 INFO src.pipeline.kaggle_collect_openalex_sri_lanka: Saved Sri Lankan-affiliated work number=72,720 progress=96.5% api_total=75,333
2026-08-05 13:28:31,129 INFO src.pipeline.kaggle_collect_openalex_sri_lanka: Saved Sri Lankan-affiliated work number=72,721 progress=96.5% api_total=75,333
2026-08-05 13:28:31,130 INFO src.pipeline.kaggle_collect_openalex_sri_lanka: Saved Sri Lankan-affiliated work number=72,722 progress=96.5% api_total=75,333
2026-08-05 13:28:31,130 INFO src.pipeline.kaggle_collect_openalex_sri_lanka: Saved Sri Lankan-affiliated work number=72,723 progress=96.5% api_total=75,333
2026-08-05 13:28:31,130 INFO src.pipeline.kaggle_collect_openalex_sri_lanka: Saved Sri Lankan-affiliated work number=72,724 progress=96.5% api_total=75,333
2026-08-05 13:28:31,130 INFO src.pipeline.kaggle_collect_openalex_sri_lanka: Saved Sri Lankan-affiliated work number=72,725 progress=96.5% api_total=75,333
2026-08-05 13:28:31,131 INFO src.pipeline.kaggle_collect_openalex_sri_lanka: Saved Sri Lankan-affiliated work number=72,726 progress=96.5% api_total=75,333
2026-08-05 13:28:31,131 INFO src.pipeline.kaggle_collect_openalex_sri_lanka: Saved Sri Lankan-affiliated work number=72,727 progress=96.5% api_total=75,333
2026-08-05 13:28:31,131 INFO src.pipeline.kaggle_collect_openalex_sri_lanka: Saved Sri Lankan-affiliated work number=72,728 progress=96.5% api_total=75,333
2026-08-05 13:28:31,132 INFO src.pipeline.kaggle_collect_openalex_sri_lanka: Saved Sri Lankan-affiliated work number=72,729 progress=96.5% api_total=75,333
2026-08-05 13:28:31,132 INFO src.pipeline.kaggle_collect_openalex_sri_lanka: Saved Sri Lankan-affiliated work number=72,730 progress=96.5% api_total=75,333
2026-08-05 13:28:31,132 INFO src.pipeline.kaggle_collect_openalex_sri_lanka: Saved Sri Lankan-affiliated work number=72,731 progress=96.5% api_total=75,333
2026-08-05 13:28:31,133 INFO src.pipeline.kaggle_collect_openalex_sri_lanka: Saved Sri Lankan-affiliated work number=72,732 progress=96.5% api_total=75,333
2026-08-05 13:28:31,133 INFO src.pipeline.kaggle_collect_openalex_sri_lanka: Saved Sri Lankan-affiliated work number=72,733 progress=96.5% api_total=75,333
2026-08-05 13:28:31,133 INFO src.pipeline.kaggle_collect_openalex_sri_lanka: Saved Sri Lankan-affiliated work number=72,734 progress=96.5% api_total=75,333
2026-08-05 13:28:31,134 INFO src.pipeline.kaggle_collect_openalex_sri_lanka: Saved Sri Lankan-affiliated work number=72,735 progress=96.6% api_total=75,333
2026-08-05 13:28:31,134 INFO src.pipeline.kaggle_collect_openalex_sri_lanka: Saved Sri Lankan-affiliated work number=72,736 progress=96.6% api_total=75,333
2026-08-05 13:28:31,134 INFO src.pipeline.kaggle_collect_openalex_sri_lanka: Saved Sri Lankan-affiliated work number=72,737 progress=96.6% api_total=75,333
2026-08-05 13:28:31,135 INFO src.pipeline.kaggle_collect_openalex_sri_lanka: Saved Sri Lankan-affiliated work number=72,738 progress=96.6% api_total=75,333
2026-08-05 13:28:31,135 INFO src.pipeline.kaggle_collect_openalex_sri_lanka: Saved Sri Lankan-affiliated work number=72,739 progress=96.6% api_total=75,333
2026-08-05 13:28:31,136 INFO src.pipeline.kaggle_collect_openalex_sri_lanka: Saved Sri Lankan-affiliated work number=72,740 progress=96.6% api_total=75,333
2026-08-05 13:28:31,136 INFO src.pipeline.kaggle_collect_openalex_sri_lanka: Saved Sri Lankan-affiliated work number=72,741 progress=96.6% api_total=75,333
2026-08-05 13:28:31,136 INFO src.pipeline.kaggle_collect_openalex_sri_lanka: Saved Sri Lankan-affiliated work number=72,742 progress=96.6% api_total=75,333
2026-08-05 13:28:31,136 INFO src.pipeline.kaggle_collect_openalex_sri_lanka: Saved Sri Lankan-affiliated work number=72,743 progress=96.6% api_total=75,333
2026-08-05 13:28:31,137 INFO src.pipeline.kaggle_collect_openalex_sri_lanka: Saved Sri Lankan-affiliated work number=72,744 progress=96.6% api_total=75,333
2026-08-05 13:28:31,137 INFO src.pipeline.kaggle_collect_openalex_sri_lanka: Saved Sri Lankan-affiliated work number=72,745 progress=96.6% api_total=75,333
2026-08-05 13:28:31,137 INFO src.pipeline.kaggle_collect_openalex_sri_lanka: Saved Sri Lankan-affiliated work number=72,746 progress=96.6% api_total=75,333
2026-08-05 13:28:31,138 INFO src.pipeline.kaggle_collect_openalex_sri_lanka: Saved Sri Lankan-affiliated work number=72,747 progress=96.6% api_total=75,333
2026-08-05 13:28:31,138 INFO src.pipeline.kaggle_collect_openalex_sri_lanka: Saved Sri Lankan-affiliated work number=72,748 progress=96.6% api_total=75,333
2026-08-05 13:28:31,138 INFO src.pipeline.kaggle_collect_openalex_sri_lanka: Saved Sri Lankan-affiliated work number=72,749 progress=96.6% api_total=75,333
2026-08-05 13:28:31,138 INFO src.pipeline.kaggle_collect_openalex_sri_lanka: Saved Sri Lankan-affiliated work number=72,750 progress=96.6% api_total=75,333
2026-08-05 13:28:31,139 INFO src.pipeline.kaggle_collect_openalex_sri_lanka: Saved Sri Lankan-affiliated work number=72,751 progress=96.6% api_total=75,333
2026-08-05 13:28:31,139 INFO src.pipeline.kaggle_collect_openalex_sri_lanka: Saved Sri Lankan-affiliated work number=72,752 progress=96.6% api_total=75,333
2026-08-05 13:28:31,139 INFO src.pipeline.kaggle_collect_openalex_sri_lanka: Saved Sri Lankan-affiliated work number=72,753 progress=96.6% api_total=75,333
2026-08-05 13:28:31,140 INFO src.pipeline.kaggle_collect_openalex_sri_lanka: Saved Sri Lankan-affiliated work number=72,754 progress=96.6% api_total=75,333
2026-08-05 13:28:31,140 INFO src.pipeline.kaggle_collect_openalex_sri_lanka: Saved Sri Lankan-affiliated work number=72,755 progress=96.6% api_total=75,333
2026-08-05 13:28:31,140 INFO src.pipeline.kaggle_collect_openalex_sri_lanka: Saved Sri Lankan-affiliated work number=72,756 progress=96.6% api_total=75,333
2026-08-05 13:28:31,141 INFO src.pipeline.kaggle_collect_openalex_sri_lanka: Saved Sri Lankan-affiliated work number=72,757 progress=96.6% api_total=75,333
2026-08-05 13:28:31,141 INFO src.pipeline.kaggle_collect_openalex_sri_lanka: Saved Sri Lankan-affiliated work number=72,758 progress=96.6% api_total=75,333
2026-08-05 13:28:31,141 INFO src.pipeline.kaggle_collect_openalex_sri_lanka: Saved Sri Lankan-affiliated work number=72,759 progress=96.6% api_total=75,333
2026-08-05 13:28:31,142 INFO src.pipeline.kaggle_collect_openalex_sri_lanka: Saved Sri Lankan-affiliated work number=72,760 progress=96.6% api_total=75,333
2026-08-05 13:28:31,142 INFO src.pipeline.kaggle_collect_openalex_sri_lanka: Saved Sri Lankan-affiliated work number=72,761 progress=96.6% api_total=75,333
2026-08-05 13:28:31,142 INFO src.pipeline.kaggle_collect_openalex_sri_lanka: Saved Sri Lankan-affiliated work number=72,762 progress=96.6% api_total=75,333
2026-08-05 13:28:31,143 INFO src.pipeline.kaggle_collect_openalex_sri_lanka: Saved Sri Lankan-affiliated work number=72,763 progress=96.6% api_total=75,333
2026-08-05 13:28:31,143 INFO src.pipeline.kaggle_collect_openalex_sri_lanka: Saved Sri Lankan-affiliated work number=72,764 progress=96.6% api_total=75,333
2026-08-05 13:28:31,144 INFO src.pipeline.kaggle_collect_openalex_sri_lanka: Saved Sri Lankan-affiliated work number=72,765 progress=96.6% api_total=75,333
2026-08-05 13:28:31,144 INFO src.pipeline.kaggle_collect_openalex_sri_lanka: Saved Sri Lankan-affiliated work number=72,766 progress=96.6% api_total=75,333
2026-08-05 13:28:31,145 INFO src.pipeline.kaggle_collect_openalex_sri_lanka: Saved Sri Lankan-affiliated work number=72,767 progress=96.6% api_total=75,333
2026-08-05 13:28:31,145 INFO src.pipeline.kaggle_collect_openalex_sri_lanka: Saved Sri Lankan-affiliated work number=72,768 progress=96.6% api_total=75,333
2026-08-05 13:28:31,145 INFO src.pipeline.kaggle_collect_openalex_sri_lanka: Saved Sri Lankan-affiliated work number=72,769 progress=96.6% api_total=75,333
2026-08-05 13:28:31,146 INFO src.pipeline.kaggle_collect_openalex_sri_lanka: Saved Sri Lankan-affiliated work number=72,770 progress=96.6% api_total=75,333
2026-08-05 13:28:31,146 INFO src.pipeline.kaggle_collect_openalex_sri_lanka: Saved Sri Lankan-affiliated work number=72,771 progress=96.6% api_total=75,333
2026-08-05 13:28:31,146 INFO src.pipeline.kaggle_collect_openalex_sri_lanka: Saved Sri Lankan-affiliated work number=72,772 progress=96.6% api_total=75,333
2026-08-05 13:28:31,147 INFO src.pipeline.kaggle_collect_openalex_sri_lanka: Saved Sri Lankan-affiliated work number=72,773 progress=96.6% api_total=75,333
2026-08-05 13:28:31,147 INFO src.pipeline.kaggle_collect_openalex_sri_lanka: Saved Sri Lankan-affiliated work number=72,774 progress=96.6% api_total=75,333
2026-08-05 13:28:31,147 INFO src.pipeline.kaggle_collect_openalex_sri_lanka: Saved Sri Lankan-affiliated work number=72,775 progress=96.6% api_total=75,333
2026-08-05 13:28:31,148 INFO src.pipeline.kaggle_collect_openalex_sri_lanka: Saved Sri Lankan-affiliated work number=72,776 progress=96.6% api_total=75,333
2026-08-05 13:28:31,148 INFO src.pipeline.kaggle_collect_openalex_sri_lanka: Saved Sri Lankan-affiliated work number=72,777 progress=96.6% api_total=75,333
2026-08-05 13:28:31,149 INFO src.pipeline.kaggle_collect_openalex_sri_lanka: Saved Sri Lankan-affiliated work number=72,778 progress=96.6% api_total=75,333
2026-08-05 13:28:31,149 INFO src.pipeline.kaggle_collect_openalex_sri_lanka: Saved Sri Lankan-affiliated work number=72,779 progress=96.6% api_total=75,333
2026-08-05 13:28:31,149 INFO src.pipeline.kaggle_collect_openalex_sri_lanka: Saved Sri Lankan-affiliated work number=72,780 progress=96.6% api_total=75,333
2026-08-05 13:28:31,150 INFO src.pipeline.kaggle_collect_openalex_sri_lanka: Saved Sri Lankan-affiliated work number=72,781 progress=96.6% api_total=75,333
2026-08-05 13:28:31,150 INFO src.pipeline.kaggle_collect_openalex_sri_lanka: Saved Sri Lankan-affiliated work number=72,782 progress=96.6% api_total=75,333
2026-08-05 13:28:31,151 INFO src.pipeline.kaggle_collect_openalex_sri_lanka: Saved Sri Lankan-affiliated work number=72,783 progress=96.6% api_total=75,333
2026-08-05 13:28:31,151 INFO src.pipeline.kaggle_collect_openalex_sri_lanka: Saved Sri Lankan-affiliated work number=72,784 progress=96.6% api_total=75,333
2026-08-05 13:28:31,151 INFO src.pipeline.kaggle_collect_openalex_sri_lanka: Saved Sri Lankan-affiliated work number=72,785 progress=96.6% api_total=75,333
2026-08-05 13:28:31,152 INFO src.pipeline.kaggle_collect_openalex_sri_lanka: Saved Sri Lankan-affiliated work number=72,786 progress=96.6% api_total=75,333
2026-08-05 13:28:31,152 INFO src.pipeline.kaggle_collect_openalex_sri_lanka: Saved Sri Lankan-affiliated work number=72,787 progress=96.6% api_total=75,333
2026-08-05 13:28:31,152 INFO src.pipeline.kaggle_collect_openalex_sri_lanka: Saved Sri Lankan-affiliated work number=72,788 progress=96.6% api_total=75,333
2026-08-05 13:28:31,153 INFO src.pipeline.kaggle_collect_openalex_sri_lanka: Saved Sri Lankan-affiliated work number=72,789 progress=96.6% api_total=75,333
2026-08-05 13:28:31,153 INFO src.pipeline.kaggle_collect_openalex_sri_lanka: Saved Sri Lankan-affiliated work number=72,790 progress=96.6% api_total=75,333
2026-08-05 13:28:31,153 INFO src.pipeline.kaggle_collect_openalex_sri_lanka: Saved Sri Lankan-affiliated work number=72,791 progress=96.6% api_total=75,333
2026-08-05 13:28:31,154 INFO src.pipeline.kaggle_collect_openalex_sri_lanka: Saved Sri Lankan-affiliated work number=72,792 progress=96.6% api_total=75,333
2026-08-05 13:28:31,154 INFO src.pipeline.kaggle_collect_openalex_sri_lanka: Saved Sri Lankan-affiliated work number=72,793 progress=96.6% api_total=75,333
2026-08-05 13:28:31,154 INFO src.pipeline.kaggle_collect_openalex_sri_lanka: Saved Sri Lankan-affiliated work number=72,794 progress=96.6% api_total=75,333
2026-08-05 13:28:31,155 INFO src.pipeline.kaggle_collect_openalex_sri_lanka: Saved Sri Lankan-affiliated work number=72,795 progress=96.6% api_total=75,333
2026-08-05 13:28:31,155 INFO src.pipeline.kaggle_collect_openalex_sri_lanka: Saved Sri Lankan-affiliated work number=72,796 progress=96.6% api_total=75,333
2026-08-05 13:28:31,156 INFO src.pipeline.kaggle_collect_openalex_sri_lanka: Saved Sri Lankan-affiliated work number=72,797 progress=96.6% api_total=75,333
2026-08-05 13:28:31,156 INFO src.pipeline.kaggle_collect_openalex_sri_lanka: Saved Sri Lankan-affiliated work number=72,798 progress=96.6% api_total=75,333
2026-08-05 13:28:31,157 INFO src.pipeline.kaggle_collect_openalex_sri_lanka: Saved Sri Lankan-affiliated work number=72,799 progress=96.6% api_total=75,333
2026-08-05 13:28:31,157 INFO src.pipeline.kaggle_collect_openalex_sri_lanka: Saved Sri Lankan-affiliated work number=72,800 progress=96.6% api_total=75,333
2026-08-05 13:28:31,157 INFO src.pipeline.kaggle_collect_openalex_sri_lanka: Saved Sri Lankan-affiliated work number=72,801 progress=96.6% api_total=75,333
2026-08-05 13:28:31,158 INFO src.pipeline.kaggle_collect_openalex_sri_lanka: Saved Sri Lankan-affiliated work number=72,802 progress=96.6% api_total=75,333
2026-08-05 13:28:31,158 INFO src.pipeline.kaggle_collect_openalex_sri_lanka: Saved Sri Lankan-affiliated work number=72,803 progress=96.6% api_total=75,333
2026-08-05 13:28:31,158 INFO src.pipeline.kaggle_collect_openalex_sri_lanka: Saved Sri Lankan-affiliated work number=72,804 progress=96.6% api_total=75,333
2026-08-05 13:28:31,158 INFO src.pipeline.kaggle_collect_openalex_sri_lanka: Saved Sri Lankan-affiliated work number=72,805 progress=96.6% api_total=75,333
2026-08-05 13:28:31,159 INFO src.pipeline.kaggle_collect_openalex_sri_lanka: Saved Sri Lankan-affiliated work number=72,806 progress=96.6% api_total=75,333
2026-08-05 13:28:31,159 INFO src.pipeline.kaggle_collect_openalex_sri_lanka: Saved Sri Lankan-affiliated work number=72,807 progress=96.6% api_total=75,333
2026-08-05 13:28:31,159 INFO src.pipeline.kaggle_collect_openalex_sri_lanka: Saved Sri Lankan-affiliated work number=72,808 progress=96.6% api_total=75,333
2026-08-05 13:28:31,160 INFO src.pipeline.kaggle_collect_openalex_sri_lanka: Saved Sri Lankan-affiliated work number=72,809 progress=96.6% api_total=75,333
2026-08-05 13:28:31,160 INFO src.pipeline.kaggle_collect_openalex_sri_lanka: Saved Sri Lankan-affiliated work number=72,810 progress=96.7% api_total=75,333
2026-08-05 13:28:31,160 INFO src.pipeline.kaggle_collect_openalex_sri_lanka: Saved Sri Lankan-affiliated work number=72,811 progress=96.7% api_total=75,333
2026-08-05 13:28:31,161 INFO src.pipeline.kaggle_collect_openalex_sri_lanka: Saved Sri Lankan-affiliated work number=72,812 progress=96.7% api_total=75,333
2026-08-05 13:28:31,161 INFO src.pipeline.kaggle_collect_openalex_sri_lanka: Saved Sri Lankan-affiliated work number=72,813 progress=96.7% api_total=75,333
2026-08-05 13:28:31,161 INFO src.pipeline.kaggle_collect_openalex_sri_lanka: Saved Sri Lankan-affiliated work number=72,814 progress=96.7% api_total=75,333
2026-08-05 13:28:31,162 INFO src.pipeline.kaggle_collect_openalex_sri_lanka: Saved Sri Lankan-affiliated work number=72,815 progress=96.7% api_total=75,333
2026-08-05 13:28:31,162 INFO src.pipeline.kaggle_collect_openalex_sri_lanka: Saved Sri Lankan-affiliated work number=72,816 progress=96.7% api_total=75,333
2026-08-05 13:28:31,162 INFO src.pipeline.kaggle_collect_openalex_sri_lanka: Saved Sri Lankan-affiliated work number=72,817 progress=96.7% api_total=75,333
2026-08-05 13:28:31,163 INFO src.pipeline.kaggle_collect_openalex_sri_lanka: Saved Sri Lankan-affiliated work number=72,818 progress=96.7% api_total=75,333
2026-08-05 13:28:31,163 INFO src.pipeline.kaggle_collect_openalex_sri_lanka: Saved Sri Lankan-affiliated work number=72,819 progress=96.7% api_total=75,333
2026-08-05 13:28:31,163 INFO src.pipeline.kaggle_collect_openalex_sri_lanka: Saved Sri Lankan-affiliated work number=72,820 progress=96.7% api_total=75,333
2026-08-05 13:28:31,163 INFO src.pipeline.kaggle_collect_openalex_sri_lanka: Saved Sri Lankan-affiliated work number=72,821 progress=96.7% api_total=75,333
2026-08-05 13:28:31,164 INFO src.pipeline.kaggle_collect_openalex_sri_lanka: Saved Sri Lankan-affiliated work number=72,822 progress=96.7% api_total=75,333
2026-08-05 13:28:31,164 INFO src.pipeline.kaggle_collect_openalex_sri_lanka: Saved Sri Lankan-affiliated work number=72,823 progress=96.7% api_total=75,333
2026-08-05 13:28:31,165 INFO src.pipeline.kaggle_collect_openalex_sri_lanka: Saved Sri Lankan-affiliated work number=72,824 progress=96.7% api_total=75,333
2026-08-05 13:28:31,165 INFO src.pipeline.kaggle_collect_openalex_sri_lanka: Saved Sri Lankan-affiliated work number=72,825 progress=96.7% api_total=75,333
2026-08-05 13:28:31,166 INFO src.pipeline.kaggle_collect_openalex_sri_lanka: Saved Sri Lankan-affiliated work number=72,826 progress=96.7% api_total=75,333
2026-08-05 13:28:31,166 INFO src.pipeline.kaggle_collect_openalex_sri_lanka: Saved Sri Lankan-affiliated work number=72,827 progress=96.7% api_total=75,333
2026-08-05 13:28:31,167 INFO src.pipeline.kaggle_collect_openalex_sri_lanka: Saved Sri Lankan-affiliated work number=72,828 progress=96.7% api_total=75,333
2026-08-05 13:28:31,167 INFO src.pipeline.kaggle_collect_openalex_sri_lanka: Saved Sri Lankan-affiliated work number=72,829 progress=96.7% api_total=75,333
2026-08-05 13:28:31,167 INFO src.pipeline.kaggle_collect_openalex_sri_lanka: Saved Sri Lankan-affiliated work number=72,830 progress=96.7% api_total=75,333
2026-08-05 13:28:31,168 INFO src.pipeline.kaggle_collect_openalex_sri_lanka: Saved Sri Lankan-affiliated work number=72,831 progress=96.7% api_total=75,333
2026-08-05 13:28:31,168 INFO src.pipeline.kaggle_collect_openalex_sri_lanka: Saved Sri Lankan-affiliated work number=72,832 progress=96.7% api_total=75,333
2026-08-05 13:28:31,169 INFO src.pipeline.kaggle_collect_openalex_sri_lanka: Saved Sri Lankan-affiliated work number=72,833 progress=96.7% api_total=75,333
2026-08-05 13:28:31,169 INFO src.pipeline.kaggle_collect_openalex_sri_lanka: Saved Sri Lankan-affiliated work number=72,834 progress=96.7% api_total=75,333
2026-08-05 13:28:31,170 INFO src.pipeline.kaggle_collect_openalex_sri_lanka: Saved Sri Lankan-affiliated work number=72,835 progress=96.7% api_total=75,333
2026-08-05 13:28:31,170 INFO src.pipeline.kaggle_collect_openalex_sri_lanka: Saved Sri Lankan-affiliated work number=72,836 progress=96.7% api_total=75,333
2026-08-05 13:28:31,170 INFO src.pipeline.kaggle_collect_openalex_sri_lanka: Saved Sri Lankan-affiliated work number=72,837 progress=96.7% api_total=75,333
2026-08-05 13:28:31,170 INFO src.pipeline.kaggle_collect_openalex_sri_lanka: Saved Sri Lankan-affiliated work number=72,838 progress=96.7% api_total=75,333
2026-08-05 13:28:31,171 INFO src.pipeline.kaggle_collect_openalex_sri_lanka: Saved Sri Lankan-affiliated work number=72,839 progress=96.7% api_total=75,333
2026-08-05 13:28:31,171 INFO src.pipeline.kaggle_collect_openalex_sri_lanka: Saved Sri Lankan-affiliated work number=72,840 progress=96.7% api_total=75,333
2026-08-05 13:28:31,171 INFO src.pipeline.kaggle_collect_openalex_sri_lanka: Saved Sri Lankan-affiliated work number=72,841 progress=96.7% api_total=75,333
2026-08-05 13:28:31,172 INFO src.pipeline.kaggle_collect_openalex_sri_lanka: Saved Sri Lankan-affiliated work number=72,842 progress=96.7% api_total=75,333
2026-08-05 13:28:31,172 INFO src.pipeline.kaggle_collect_openalex_sri_lanka: Saved Sri Lankan-affiliated work number=72,843 progress=96.7% api_total=75,333
2026-08-05 13:28:31,172 INFO src.pipeline.kaggle_collect_openalex_sri_lanka: Saved Sri Lankan-affiliated work number=72,844 progress=96.7% api_total=75,333
2026-08-05 13:28:31,173 INFO src.pipeline.kaggle_collect_openalex_sri_lanka: Saved Sri Lankan-affiliated work number=72,845 progress=96.7% api_total=75,333
2026-08-05 13:28:31,173 INFO src.pipeline.kaggle_collect_openalex_sri_lanka: Saved Sri Lankan-affiliated work number=72,846 progress=96.7% api_total=75,333
2026-08-05 13:28:31,173 INFO src.pipeline.kaggle_collect_openalex_sri_lanka: Saved Sri Lankan-affiliated work number=72,847 progress=96.7% api_total=75,333
2026-08-05 13:28:37,802 INFO src.collectors.openalex_collector: Fetched OpenAlex page page=14/377 progress=3.7% fetched=200 kept=199 skipped=1 next_cursor=yes
2026-08-05 13:28:37,810 INFO src.pipeline.kaggle_collect_openalex_sri_lanka: Saved Sri Lankan-affiliated work number=72,848 progress=96.7% api_total=75,333
2026-08-05 13:28:37,810 INFO src.pipeline.kaggle_collect_openalex_sri_lanka: Saved Sri Lankan-affiliated work number=72,849 progress=96.7% api_total=75,333
2026-08-05 13:28:37,810 INFO src.pipeline.kaggle_collect_openalex_sri_lanka: Saved Sri Lankan-affiliated work number=72,850 progress=96.7% api_total=75,333
2026-08-05 13:28:37,811 INFO src.pipeline.kaggle_collect_openalex_sri_lanka: Saved Sri Lankan-affiliated work number=72,851 progress=96.7% api_total=75,333
2026-08-05 13:28:37,811 INFO src.pipeline.kaggle_collect_openalex_sri_lanka: Saved Sri Lankan-affiliated work number=72,852 progress=96.7% api_total=75,333
2026-08-05 13:28:37,812 INFO src.pipeline.kaggle_collect_openalex_sri_lanka: Saved Sri Lankan-affiliated work number=72,853 progress=96.7% api_total=75,333
2026-08-05 13:28:37,812 INFO src.pipeline.kaggle_collect_openalex_sri_lanka: Saved Sri Lankan-affiliated work number=72,854 progress=96.7% api_total=75,333
2026-08-05 13:28:37,812 INFO src.pipeline.kaggle_collect_openalex_sri_lanka: Saved Sri Lankan-affiliated work number=72,855 progress=96.7% api_total=75,333
2026-08-05 13:28:37,813 INFO src.pipeline.kaggle_collect_openalex_sri_lanka: Saved Sri Lankan-affiliated work number=72,856 progress=96.7% api_total=75,333
2026-08-05 13:28:37,813 INFO src.pipeline.kaggle_collect_openalex_sri_lanka: Saved Sri Lankan-affiliated work number=72,857 progress=96.7% api_total=75,333
2026-08-05 13:28:37,813 INFO src.pipeline.kaggle_collect_openalex_sri_lanka: Saved Sri Lankan-affiliated work number=72,858 progress=96.7% api_total=75,333
2026-08-05 13:28:37,814 INFO src.pipeline.kaggle_collect_openalex_sri_lanka: Saved Sri Lankan-affiliated work number=72,859 progress=96.7% api_total=75,333
2026-08-05 13:28:37,814 INFO src.pipeline.kaggle_collect_openalex_sri_lanka: Saved Sri Lankan-affiliated work number=72,860 progress=96.7% api_total=75,333
2026-08-05 13:28:37,814 INFO src.pipeline.kaggle_collect_openalex_sri_lanka: Saved Sri Lankan-affiliated work number=72,861 progress=96.7% api_total=75,333
2026-08-05 13:28:37,815 INFO src.pipeline.kaggle_collect_openalex_sri_lanka: Saved Sri Lankan-affiliated work number=72,862 progress=96.7% api_total=75,333
2026-08-05 13:28:37,815 INFO src.pipeline.kaggle_collect_openalex_sri_lanka: Saved Sri Lankan-affiliated work number=72,863 progress=96.7% api_total=75,333
2026-08-05 13:28:37,816 INFO src.pipeline.kaggle_collect_openalex_sri_lanka: Saved Sri Lankan-affiliated work number=72,864 progress=96.7% api_total=75,333
2026-08-05 13:28:37,816 INFO src.pipeline.kaggle_collect_openalex_sri_lanka: Saved Sri Lankan-affiliated work number=72,865 progress=96.7% api_total=75,333
2026-08-05 13:28:37,816 INFO src.pipeline.kaggle_collect_openalex_sri_lanka: Saved Sri Lankan-affiliated work number=72,866 progress=96.7% api_total=75,333
2026-08-05 13:28:37,816 INFO src.pipeline.kaggle_collect_openalex_sri_lanka: Saved Sri Lankan-affiliated work number=72,867 progress=96.7% api_total=75,333
2026-08-05 13:28:37,817 INFO src.pipeline.kaggle_collect_openalex_sri_lanka: Saved Sri Lankan-affiliated work number=72,868 progress=96.7% api_total=75,333
2026-08-05 13:28:37,817 INFO src.pipeline.kaggle_collect_openalex_sri_lanka: Saved Sri Lankan-affiliated work number=72,869 progress=96.7% api_total=75,333
2026-08-05 13:28:37,818 INFO src.pipeline.kaggle_collect_openalex_sri_lanka: Saved Sri Lankan-affiliated work number=72,870 progress=96.7% api_total=75,333
2026-08-05 13:28:37,818 INFO src.pipeline.kaggle_collect_openalex_sri_lanka: Saved Sri Lankan-affiliated work number=72,871 progress=96.7% api_total=75,333
2026-08-05 13:28:37,818 INFO src.pipeline.kaggle_collect_openalex_sri_lanka: Saved Sri Lankan-affiliated work number=72,872 progress=96.7% api_total=75,333
2026-08-05 13:28:37,819 INFO src.pipeline.kaggle_collect_openalex_sri_lanka: Saved Sri Lankan-affiliated work number=72,873 progress=96.7% api_total=75,333
2026-08-05 13:28:37,819 INFO src.pipeline.kaggle_collect_openalex_sri_lanka: Saved Sri Lankan-affiliated work number=72,874 progress=96.7% api_total=75,333
2026-08-05 13:28:37,820 INFO src.pipeline.kaggle_collect_openalex_sri_lanka: Saved Sri Lankan-affiliated work number=72,875 progress=96.7% api_total=75,333
2026-08-05 13:28:37,821 INFO src.pipeline.kaggle_collect_openalex_sri_lanka: Saved Sri Lankan-affiliated work number=72,876 progress=96.7% api_total=75,333
2026-08-05 13:28:37,821 INFO src.pipeline.kaggle_collect_openalex_sri_lanka: Saved Sri Lankan-affiliated work number=72,877 progress=96.7% api_total=75,333
2026-08-05 13:28:37,821 INFO src.pipeline.kaggle_collect_openalex_sri_lanka: Saved Sri Lankan-affiliated work number=72,878 progress=96.7% api_total=75,333
2026-08-05 13:28:37,822 INFO src.pipeline.kaggle_collect_openalex_sri_lanka: Saved Sri Lankan-affiliated work number=72,879 progress=96.7% api_total=75,333
2026-08-05 13:28:37,822 INFO src.pipeline.kaggle_collect_openalex_sri_lanka: Saved Sri Lankan-affiliated work number=72,880 progress=96.7% api_total=75,333
2026-08-05 13:28:37,822 INFO src.pipeline.kaggle_collect_openalex_sri_lanka: Saved Sri Lankan-affiliated work number=72,881 progress=96.7% api_total=75,333
2026-08-05 13:28:37,823 INFO src.pipeline.kaggle_collect_openalex_sri_lanka: Saved Sri Lankan-affiliated work number=72,882 progress=96.7% api_total=75,333
2026-08-05 13:28:37,823 INFO src.pipeline.kaggle_collect_openalex_sri_lanka: Saved Sri Lankan-affiliated work number=72,883 progress=96.7% api_total=75,333
2026-08-05 13:28:37,823 INFO src.pipeline.kaggle_collect_openalex_sri_lanka: Saved Sri Lankan-affiliated work number=72,884 progress=96.7% api_total=75,333
2026-08-05 13:28:37,824 INFO src.pipeline.kaggle_collect_openalex_sri_lanka: Saved Sri Lankan-affiliated work number=72,885 progress=96.8% api_total=75,333
2026-08-05 13:28:37,824 INFO src.pipeline.kaggle_collect_openalex_sri_lanka: Saved Sri Lankan-affiliated work number=72,886 progress=96.8% api_total=75,333
2026-08-05 13:28:37,825 INFO src.pipeline.kaggle_collect_openalex_sri_lanka: Saved Sri Lankan-affiliated work number=72,887 progress=96.8% api_total=75,333
2026-08-05 13:28:37,825 INFO src.pipeline.kaggle_collect_openalex_sri_lanka: Saved Sri Lankan-affiliated work number=72,888 progress=96.8% api_total=75,333
2026-08-05 13:28:37,826 INFO src.pipeline.kaggle_collect_openalex_sri_lanka: Saved Sri Lankan-affiliated work number=72,889 progress=96.8% api_total=75,333
2026-08-05 13:28:37,826 INFO src.pipeline.kaggle_collect_openalex_sri_lanka: Saved Sri Lankan-affiliated work number=72,890 progress=96.8% api_total=75,333
2026-08-05 13:28:37,827 INFO src.pipeline.kaggle_collect_openalex_sri_lanka: Saved Sri Lankan-affiliated work number=72,891 progress=96.8% api_total=75,333
2026-08-05 13:28:37,827 INFO src.pipeline.kaggle_collect_openalex_sri_lanka: Saved Sri Lankan-affiliated work number=72,892 progress=96.8% api_total=75,333
2026-08-05 13:28:37,828 INFO src.pipeline.kaggle_collect_openalex_sri_lanka: Saved Sri Lankan-affiliated work number=72,893 progress=96.8% api_total=75,333
2026-08-05 13:28:37,828 INFO src.pipeline.kaggle_collect_openalex_sri_lanka: Saved Sri Lankan-affiliated work number=72,894 progress=96.8% api_total=75,333
2026-08-05 13:28:37,829 INFO src.pipeline.kaggle_collect_openalex_sri_lanka: Saved Sri Lankan-affiliated work number=72,895 progress=96.8% api_total=75,333
2026-08-05 13:28:37,830 INFO src.pipeline.kaggle_collect_openalex_sri_lanka: Saved Sri Lankan-affiliated work number=72,896 progress=96.8% api_total=75,333
2026-08-05 13:28:37,831 INFO src.pipeline.kaggle_collect_openalex_sri_lanka: Saved Sri Lankan-affiliated work number=72,897 progress=96.8% api_total=75,333
2026-08-05 13:28:37,831 INFO src.pipeline.kaggle_collect_openalex_sri_lanka: Saved Sri Lankan-affiliated work number=72,898 progress=96.8% api_total=75,333
2026-08-05 13:28:37,832 INFO src.pipeline.kaggle_collect_openalex_sri_lanka: Saved Sri Lankan-affiliated work number=72,899 progress=96.8% api_total=75,333
2026-08-05 13:28:37,833 INFO src.pipeline.kaggle_collect_openalex_sri_lanka: Saved Sri Lankan-affiliated work number=72,900 progress=96.8% api_total=75,333
2026-08-05 13:28:37,833 INFO src.pipeline.kaggle_collect_openalex_sri_lanka: Saved Sri Lankan-affiliated work number=72,901 progress=96.8% api_total=75,333
2026-08-05 13:28:37,834 INFO src.pipeline.kaggle_collect_openalex_sri_lanka: Saved Sri Lankan-affiliated work number=72,902 progress=96.8% api_total=75,333
2026-08-05 13:28:37,834 INFO src.pipeline.kaggle_collect_openalex_sri_lanka: Saved Sri Lankan-affiliated work number=72,903 progress=96.8% api_total=75,333
2026-08-05 13:28:37,835 INFO src.pipeline.kaggle_collect_openalex_sri_lanka: Saved Sri Lankan-affiliated work number=72,904 progress=96.8% api_total=75,333
2026-08-05 13:28:37,835 INFO src.pipeline.kaggle_collect_openalex_sri_lanka: Saved Sri Lankan-affiliated work number=72,905 progress=96.8% api_total=75,333
2026-08-05 13:28:37,835 INFO src.pipeline.kaggle_collect_openalex_sri_lanka: Saved Sri Lankan-affiliated work number=72,906 progress=96.8% api_total=75,333
2026-08-05 13:28:37,836 INFO src.pipeline.kaggle_collect_openalex_sri_lanka: Saved Sri Lankan-affiliated work number=72,907 progress=96.8% api_total=75,333
2026-08-05 13:28:37,836 INFO src.pipeline.kaggle_collect_openalex_sri_lanka: Saved Sri Lankan-affiliated work number=72,908 progress=96.8% api_total=75,333
2026-08-05 13:28:37,837 INFO src.pipeline.kaggle_collect_openalex_sri_lanka: Saved Sri Lankan-affiliated work number=72,909 progress=96.8% api_total=75,333
2026-08-05 13:28:37,837 INFO src.pipeline.kaggle_collect_openalex_sri_lanka: Saved Sri Lankan-affiliated work number=72,910 progress=96.8% api_total=75,333
2026-08-05 13:28:37,837 INFO src.pipeline.kaggle_collect_openalex_sri_lanka: Saved Sri Lankan-affiliated work number=72,911 progress=96.8% api_total=75,333
2026-08-05 13:28:37,838 INFO src.pipeline.kaggle_collect_openalex_sri_lanka: Saved Sri Lankan-affiliated work number=72,912 progress=96.8% api_total=75,333
2026-08-05 13:28:37,838 INFO src.pipeline.kaggle_collect_openalex_sri_lanka: Saved Sri Lankan-affiliated work number=72,913 progress=96.8% api_total=75,333
2026-08-05 13:28:37,839 INFO src.pipeline.kaggle_collect_openalex_sri_lanka: Saved Sri Lankan-affiliated work number=72,914 progress=96.8% api_total=75,333
2026-08-05 13:28:37,839 INFO src.pipeline.kaggle_collect_openalex_sri_lanka: Saved Sri Lankan-affiliated work number=72,915 progress=96.8% api_total=75,333
2026-08-05 13:28:37,840 INFO src.pipeline.kaggle_collect_openalex_sri_lanka: Saved Sri Lankan-affiliated work number=72,916 progress=96.8% api_total=75,333
2026-08-05 13:28:37,840 INFO src.pipeline.kaggle_collect_openalex_sri_lanka: Saved Sri Lankan-affiliated work number=72,917 progress=96.8% api_total=75,333
2026-08-05 13:28:37,840 INFO src.pipeline.kaggle_collect_openalex_sri_lanka: Saved Sri Lankan-affiliated work number=72,918 progress=96.8% api_total=75,333
2026-08-05 13:28:37,841 INFO src.pipeline.kaggle_collect_openalex_sri_lanka: Saved Sri Lankan-affiliated work number=72,919 progress=96.8% api_total=75,333
2026-08-05 13:28:37,841 INFO src.pipeline.kaggle_collect_openalex_sri_lanka: Saved Sri Lankan-affiliated work number=72,920 progress=96.8% api_total=75,333
2026-08-05 13:28:37,842 INFO src.pipeline.kaggle_collect_openalex_sri_lanka: Saved Sri Lankan-affiliated work number=72,921 progress=96.8% api_total=75,333
2026-08-05 13:28:37,842 INFO src.pipeline.kaggle_collect_openalex_sri_lanka: Saved Sri Lankan-affiliated work number=72,922 progress=96.8% api_total=75,333
2026-08-05 13:28:37,842 INFO src.pipeline.kaggle_collect_openalex_sri_lanka: Saved Sri Lankan-affiliated work number=72,923 progress=96.8% api_total=75,333
2026-08-05 13:28:37,843 INFO src.pipeline.kaggle_collect_openalex_sri_lanka: Saved Sri Lankan-affiliated work number=72,924 progress=96.8% api_total=75,333
2026-08-05 13:28:37,843 INFO src.pipeline.kaggle_collect_openalex_sri_lanka: Saved Sri Lankan-affiliated work number=72,925 progress=96.8% api_total=75,333
2026-08-05 13:28:37,844 INFO src.pipeline.kaggle_collect_openalex_sri_lanka: Saved Sri Lankan-affiliated work number=72,926 progress=96.8% api_total=75,333
2026-08-05 13:28:37,844 INFO src.pipeline.kaggle_collect_openalex_sri_lanka: Saved Sri Lankan-affiliated work number=72,927 progress=96.8% api_total=75,333
2026-08-05 13:28:37,844 INFO src.pipeline.kaggle_collect_openalex_sri_lanka: Saved Sri Lankan-affiliated work number=72,928 progress=96.8% api_total=75,333
2026-08-05 13:28:37,845 INFO src.pipeline.kaggle_collect_openalex_sri_lanka: Saved Sri Lankan-affiliated work number=72,929 progress=96.8% api_total=75,333
2026-08-05 13:28:37,845 INFO src.pipeline.kaggle_collect_openalex_sri_lanka: Saved Sri Lankan-affiliated work number=72,930 progress=96.8% api_total=75,333
2026-08-05 13:28:37,845 INFO src.pipeline.kaggle_collect_openalex_sri_lanka: Saved Sri Lankan-affiliated work number=72,931 progress=96.8% api_total=75,333
2026-08-05 13:28:37,846 INFO src.pipeline.kaggle_collect_openalex_sri_lanka: Saved Sri Lankan-affiliated work number=72,932 progress=96.8% api_total=75,333
2026-08-05 13:28:37,846 INFO src.pipeline.kaggle_collect_openalex_sri_lanka: Saved Sri Lankan-affiliated work number=72,933 progress=96.8% api_total=75,333
2026-08-05 13:28:37,847 INFO src.pipeline.kaggle_collect_openalex_sri_lanka: Saved Sri Lankan-affiliated work number=72,934 progress=96.8% api_total=75,333
2026-08-05 13:28:37,847 INFO src.pipeline.kaggle_collect_openalex_sri_lanka: Saved Sri Lankan-affiliated work number=72,935 progress=96.8% api_total=75,333
2026-08-05 13:28:37,847 INFO src.pipeline.kaggle_collect_openalex_sri_lanka: Saved Sri Lankan-affiliated work number=72,936 progress=96.8% api_total=75,333
2026-08-05 13:28:37,848 INFO src.pipeline.kaggle_collect_openalex_sri_lanka: Saved Sri Lankan-affiliated work number=72,937 progress=96.8% api_total=75,333
2026-08-05 13:28:37,848 INFO src.pipeline.kaggle_collect_openalex_sri_lanka: Saved Sri Lankan-affiliated work number=72,938 progress=96.8% api_total=75,333
2026-08-05 13:28:37,848 INFO src.pipeline.kaggle_collect_openalex_sri_lanka: Saved Sri Lankan-affiliated work number=72,939 progress=96.8% api_total=75,333
2026-08-05 13:28:37,849 INFO src.pipeline.kaggle_collect_openalex_sri_lanka: Saved Sri Lankan-affiliated work number=72,940 progress=96.8% api_total=75,333
2026-08-05 13:28:37,849 INFO src.pipeline.kaggle_collect_openalex_sri_lanka: Saved Sri Lankan-affiliated work number=72,941 progress=96.8% api_total=75,333
2026-08-05 13:28:37,849 INFO src.pipeline.kaggle_collect_openalex_sri_lanka: Saved Sri Lankan-affiliated work number=72,942 progress=96.8% api_total=75,333
2026-08-05 13:28:37,850 INFO src.pipeline.kaggle_collect_openalex_sri_lanka: Saved Sri Lankan-affiliated work number=72,943 progress=96.8% api_total=75,333
2026-08-05 13:28:37,850 INFO src.pipeline.kaggle_collect_openalex_sri_lanka: Saved Sri Lankan-affiliated work number=72,944 progress=96.8% api_total=75,333
2026-08-05 13:28:37,850 INFO src.pipeline.kaggle_collect_openalex_sri_lanka: Saved Sri Lankan-affiliated work number=72,945 progress=96.8% api_total=75,333
2026-08-05 13:28:37,850 INFO src.pipeline.kaggle_collect_openalex_sri_lanka: Saved Sri Lankan-affiliated work number=72,946 progress=96.8% api_total=75,333
2026-08-05 13:28:37,851 INFO src.pipeline.kaggle_collect_openalex_sri_lanka: Saved Sri Lankan-affiliated work number=72,947 progress=96.8% api_total=75,333
2026-08-05 13:28:37,851 INFO src.pipeline.kaggle_collect_openalex_sri_lanka: Saved Sri Lankan-affiliated work number=72,948 progress=96.8% api_total=75,333
2026-08-05 13:28:37,851 INFO src.pipeline.kaggle_collect_openalex_sri_lanka: Saved Sri Lankan-affiliated work number=72,949 progress=96.8% api_total=75,333
2026-08-05 13:28:37,852 INFO src.pipeline.kaggle_collect_openalex_sri_lanka: Saved Sri Lankan-affiliated work number=72,950 progress=96.8% api_total=75,333
2026-08-05 13:28:37,853 INFO src.pipeline.kaggle_collect_openalex_sri_lanka: Saved Sri Lankan-affiliated work number=72,951 progress=96.8% api_total=75,333
2026-08-05 13:28:37,853 INFO src.pipeline.kaggle_collect_openalex_sri_lanka: Saved Sri Lankan-affiliated work number=72,952 progress=96.8% api_total=75,333
2026-08-05 13:28:37,854 INFO src.pipeline.kaggle_collect_openalex_sri_lanka: Saved Sri Lankan-affiliated work number=72,953 progress=96.8% api_total=75,333
2026-08-05 13:28:37,854 INFO src.pipeline.kaggle_collect_openalex_sri_lanka: Saved Sri Lankan-affiliated work number=72,954 progress=96.8% api_total=75,333
2026-08-05 13:28:37,855 INFO src.pipeline.kaggle_collect_openalex_sri_lanka: Saved Sri Lankan-affiliated work number=72,955 progress=96.8% api_total=75,333
2026-08-05 13:28:37,855 INFO src.pipeline.kaggle_collect_openalex_sri_lanka: Saved Sri Lankan-affiliated work number=72,956 progress=96.8% api_total=75,333
2026-08-05 13:28:37,856 INFO src.pipeline.kaggle_collect_openalex_sri_lanka: Saved Sri Lankan-affiliated work number=72,957 progress=96.8% api_total=75,333
2026-08-05 13:28:37,856 INFO src.pipeline.kaggle_collect_openalex_sri_lanka: Saved Sri Lankan-affiliated work number=72,958 progress=96.8% api_total=75,333
2026-08-05 13:28:37,857 INFO src.pipeline.kaggle_collect_openalex_sri_lanka: Saved Sri Lankan-affiliated work number=72,959 progress=96.8% api_total=75,333
2026-08-05 13:28:37,857 INFO src.pipeline.kaggle_collect_openalex_sri_lanka: Saved Sri Lankan-affiliated work number=72,960 progress=96.8% api_total=75,333
2026-08-05 13:28:37,857 INFO src.pipeline.kaggle_collect_openalex_sri_lanka: Saved Sri Lankan-affiliated work number=72,961 progress=96.9% api_total=75,333
2026-08-05 13:28:37,858 INFO src.pipeline.kaggle_collect_openalex_sri_lanka: Saved Sri Lankan-affiliated work number=72,962 progress=96.9% api_total=75,333
2026-08-05 13:28:37,858 INFO src.pipeline.kaggle_collect_openalex_sri_lanka: Saved Sri Lankan-affiliated work number=72,963 progress=96.9% api_total=75,333
2026-08-05 13:28:37,859 INFO src.pipeline.kaggle_collect_openalex_sri_lanka: Saved Sri Lankan-affiliated work number=72,964 progress=96.9% api_total=75,333
2026-08-05 13:28:37,859 INFO src.pipeline.kaggle_collect_openalex_sri_lanka: Saved Sri Lankan-affiliated work number=72,965 progress=96.9% api_total=75,333
2026-08-05 13:28:37,860 INFO src.pipeline.kaggle_collect_openalex_sri_lanka: Saved Sri Lankan-affiliated work number=72,966 progress=96.9% api_total=75,333
2026-08-05 13:28:37,861 INFO src.pipeline.kaggle_collect_openalex_sri_lanka: Saved Sri Lankan-affiliated work number=72,967 progress=96.9% api_total=75,333
2026-08-05 13:28:37,862 INFO src.pipeline.kaggle_collect_openalex_sri_lanka: Saved Sri Lankan-affiliated work number=72,968 progress=96.9% api_total=75,333
2026-08-05 13:28:37,862 INFO src.pipeline.kaggle_collect_openalex_sri_lanka: Saved Sri Lankan-affiliated work number=72,969 progress=96.9% api_total=75,333
2026-08-05 13:28:37,862 INFO src.pipeline.kaggle_collect_openalex_sri_lanka: Saved Sri Lankan-affiliated work number=72,970 progress=96.9% api_total=75,333
2026-08-05 13:28:37,863 INFO src.pipeline.kaggle_collect_openalex_sri_lanka: Saved Sri Lankan-affiliated work number=72,971 progress=96.9% api_total=75,333
2026-08-05 13:28:37,863 INFO src.pipeline.kaggle_collect_openalex_sri_lanka: Saved Sri Lankan-affiliated work number=72,972 progress=96.9% api_total=75,333
2026-08-05 13:28:37,864 INFO src.pipeline.kaggle_collect_openalex_sri_lanka: Saved Sri Lankan-affiliated work number=72,973 progress=96.9% api_total=75,333
2026-08-05 13:28:37,864 INFO src.pipeline.kaggle_collect_openalex_sri_lanka: Saved Sri Lankan-affiliated work number=72,974 progress=96.9% api_total=75,333
2026-08-05 13:28:37,864 INFO src.pipeline.kaggle_collect_openalex_sri_lanka: Saved Sri Lankan-affiliated work number=72,975 progress=96.9% api_total=75,333
2026-08-05 13:28:37,865 INFO src.pipeline.kaggle_collect_openalex_sri_lanka: Saved Sri Lankan-affiliated work number=72,976 progress=96.9% api_total=75,333
2026-08-05 13:28:37,865 INFO src.pipeline.kaggle_collect_openalex_sri_lanka: Saved Sri Lankan-affiliated work number=72,977 progress=96.9% api_total=75,333
2026-08-05 13:28:37,865 INFO src.pipeline.kaggle_collect_openalex_sri_lanka: Saved Sri Lankan-affiliated work number=72,978 progress=96.9% api_total=75,333
2026-08-05 13:28:37,866 INFO src.pipeline.kaggle_collect_openalex_sri_lanka: Saved Sri Lankan-affiliated work number=72,979 progress=96.9% api_total=75,333
2026-08-05 13:28:37,866 INFO src.pipeline.kaggle_collect_openalex_sri_lanka: Saved Sri Lankan-affiliated work number=72,980 progress=96.9% api_total=75,333
2026-08-05 13:28:37,867 INFO src.pipeline.kaggle_collect_openalex_sri_lanka: Saved Sri Lankan-affiliated work number=72,981 progress=96.9% api_total=75,333
2026-08-05 13:28:37,867 INFO src.pipeline.kaggle_collect_openalex_sri_lanka: Saved Sri Lankan-affiliated work number=72,982 progress=96.9% api_total=75,333
2026-08-05 13:28:37,868 INFO src.pipeline.kaggle_collect_openalex_sri_lanka: Saved Sri Lankan-affiliated work number=72,983 progress=96.9% api_total=75,333
2026-08-05 13:28:37,868 INFO src.pipeline.kaggle_collect_openalex_sri_lanka: Saved Sri Lankan-affiliated work number=72,984 progress=96.9% api_total=75,333
2026-08-05 13:28:37,868 INFO src.pipeline.kaggle_collect_openalex_sri_lanka: Saved Sri Lankan-affiliated work number=72,985 progress=96.9% api_total=75,333
2026-08-05 13:28:37,869 INFO src.pipeline.kaggle_collect_openalex_sri_lanka: Saved Sri Lankan-affiliated work number=72,986 progress=96.9% api_total=75,333
2026-08-05 13:28:37,869 INFO src.pipeline.kaggle_collect_openalex_sri_lanka: Saved Sri Lankan-affiliated work number=72,987 progress=96.9% api_total=75,333
2026-08-05 13:28:37,870 INFO src.pipeline.kaggle_collect_openalex_sri_lanka: Saved Sri Lankan-affiliated work number=72,988 progress=96.9% api_total=75,333
2026-08-05 13:28:37,870 INFO src.pipeline.kaggle_collect_openalex_sri_lanka: Saved Sri Lankan-affiliated work number=72,989 progress=96.9% api_total=75,333
2026-08-05 13:28:37,871 INFO src.pipeline.kaggle_collect_openalex_sri_lanka: Saved Sri Lankan-affiliated work number=72,990 progress=96.9% api_total=75,333
2026-08-05 13:28:37,871 INFO src.pipeline.kaggle_collect_openalex_sri_lanka: Saved Sri Lankan-affiliated work number=72,991 progress=96.9% api_total=75,333
2026-08-05 13:28:37,872 INFO src.pipeline.kaggle_collect_openalex_sri_lanka: Saved Sri Lankan-affiliated work number=72,992 progress=96.9% api_total=75,333
2026-08-05 13:28:37,872 INFO src.pipeline.kaggle_collect_openalex_sri_lanka: Saved Sri Lankan-affiliated work number=72,993 progress=96.9% api_total=75,333
2026-08-05 13:28:37,873 INFO src.pipeline.kaggle_collect_openalex_sri_lanka: Saved Sri Lankan-affiliated work number=72,994 progress=96.9% api_total=75,333
2026-08-05 13:28:37,873 INFO src.pipeline.kaggle_collect_openalex_sri_lanka: Saved Sri Lankan-affiliated work number=72,995 progress=96.9% api_total=75,333
2026-08-05 13:28:37,874 INFO src.pipeline.kaggle_collect_openalex_sri_lanka: Saved Sri Lankan-affiliated work number=72,996 progress=96.9% api_total=75,333
2026-08-05 13:28:37,875 INFO src.pipeline.kaggle_collect_openalex_sri_lanka: Saved Sri Lankan-affiliated work number=72,997 progress=96.9% api_total=75,333
2026-08-05 13:28:37,875 INFO src.pipeline.kaggle_collect_openalex_sri_lanka: Saved Sri Lankan-affiliated work number=72,998 progress=96.9% api_total=75,333
2026-08-05 13:28:37,875 INFO src.pipeline.kaggle_collect_openalex_sri_lanka: Saved Sri Lankan-affiliated work number=72,999 progress=96.9% api_total=75,333
2026-08-05 13:28:37,876 INFO src.pipeline.kaggle_collect_openalex_sri_lanka: Saved Sri Lankan-affiliated work number=73,000 progress=96.9% api_total=75,333
2026-08-05 13:28:37,876 INFO src.pipeline.kaggle_collect_openalex_sri_lanka: Saved Sri Lankan-affiliated work number=73,001 progress=96.9% api_total=75,333
2026-08-05 13:28:37,877 INFO src.pipeline.kaggle_collect_openalex_sri_lanka: Saved Sri Lankan-affiliated work number=73,002 progress=96.9% api_total=75,333
2026-08-05 13:28:37,877 INFO src.pipeline.kaggle_collect_openalex_sri_lanka: Saved Sri Lankan-affiliated work number=73,003 progress=96.9% api_total=75,333
2026-08-05 13:28:37,877 INFO src.pipeline.kaggle_collect_openalex_sri_lanka: Saved Sri Lankan-affiliated work number=73,004 progress=96.9% api_total=75,333
2026-08-05 13:28:37,878 INFO src.pipeline.kaggle_collect_openalex_sri_lanka: Saved Sri Lankan-affiliated work number=73,005 progress=96.9% api_total=75,333
2026-08-05 13:28:37,878 INFO src.pipeline.kaggle_collect_openalex_sri_lanka: Saved Sri Lankan-affiliated work number=73,006 progress=96.9% api_total=75,333
2026-08-05 13:28:37,879 INFO src.pipeline.kaggle_collect_openalex_sri_lanka: Saved Sri Lankan-affiliated work number=73,007 progress=96.9% api_total=75,333
2026-08-05 13:28:37,879 INFO src.pipeline.kaggle_collect_openalex_sri_lanka: Saved Sri Lankan-affiliated work number=73,008 progress=96.9% api_total=75,333
2026-08-05 13:28:37,880 INFO src.pipeline.kaggle_collect_openalex_sri_lanka: Saved Sri Lankan-affiliated work number=73,009 progress=96.9% api_total=75,333
2026-08-05 13:28:37,880 INFO src.pipeline.kaggle_collect_openalex_sri_lanka: Saved Sri Lankan-affiliated work number=73,010 progress=96.9% api_total=75,333
2026-08-05 13:28:37,881 INFO src.pipeline.kaggle_collect_openalex_sri_lanka: Saved Sri Lankan-affiliated work number=73,011 progress=96.9% api_total=75,333
2026-08-05 13:28:37,881 INFO src.pipeline.kaggle_collect_openalex_sri_lanka: Saved Sri Lankan-affiliated work number=73,012 progress=96.9% api_total=75,333
2026-08-05 13:28:37,881 INFO src.pipeline.kaggle_collect_openalex_sri_lanka: Saved Sri Lankan-affiliated work number=73,013 progress=96.9% api_total=75,333
2026-08-05 13:28:37,882 INFO src.pipeline.kaggle_collect_openalex_sri_lanka: Saved Sri Lankan-affiliated work number=73,014 progress=96.9% api_total=75,333
2026-08-05 13:28:37,882 INFO src.pipeline.kaggle_collect_openalex_sri_lanka: Saved Sri Lankan-affiliated work number=73,015 progress=96.9% api_total=75,333
2026-08-05 13:28:37,882 INFO src.pipeline.kaggle_collect_openalex_sri_lanka: Saved Sri Lankan-affiliated work number=73,016 progress=96.9% api_total=75,333
2026-08-05 13:28:37,883 INFO src.pipeline.kaggle_collect_openalex_sri_lanka: Saved Sri Lankan-affiliated work number=73,017 progress=96.9% api_total=75,333
2026-08-05 13:28:37,883 INFO src.pipeline.kaggle_collect_openalex_sri_lanka: Saved Sri Lankan-affiliated work number=73,018 progress=96.9% api_total=75,333
2026-08-05 13:28:37,883 INFO src.pipeline.kaggle_collect_openalex_sri_lanka: Saved Sri Lankan-affiliated work number=73,019 progress=96.9% api_total=75,333
2026-08-05 13:28:37,884 INFO src.pipeline.kaggle_collect_openalex_sri_lanka: Saved Sri Lankan-affiliated work number=73,020 progress=96.9% api_total=75,333
2026-08-05 13:28:37,884 INFO src.pipeline.kaggle_collect_openalex_sri_lanka: Saved Sri Lankan-affiliated work number=73,021 progress=96.9% api_total=75,333
2026-08-05 13:28:37,884 INFO src.pipeline.kaggle_collect_openalex_sri_lanka: Saved Sri Lankan-affiliated work number=73,022 progress=96.9% api_total=75,333
2026-08-05 13:28:37,885 INFO src.pipeline.kaggle_collect_openalex_sri_lanka: Saved Sri Lankan-affiliated work number=73,023 progress=96.9% api_total=75,333
2026-08-05 13:28:37,885 INFO src.pipeline.kaggle_collect_openalex_sri_lanka: Saved Sri Lankan-affiliated work number=73,024 progress=96.9% api_total=75,333
2026-08-05 13:28:37,886 INFO src.pipeline.kaggle_collect_openalex_sri_lanka: Saved Sri Lankan-affiliated work number=73,025 progress=96.9% api_total=75,333
2026-08-05 13:28:37,886 INFO src.pipeline.kaggle_collect_openalex_sri_lanka: Saved Sri Lankan-affiliated work number=73,026 progress=96.9% api_total=75,333
2026-08-05 13:28:37,887 INFO src.pipeline.kaggle_collect_openalex_sri_lanka: Saved Sri Lankan-affiliated work number=73,027 progress=96.9% api_total=75,333
2026-08-05 13:28:37,887 INFO src.pipeline.kaggle_collect_openalex_sri_lanka: Saved Sri Lankan-affiliated work number=73,028 progress=96.9% api_total=75,333
2026-08-05 13:28:37,888 INFO src.pipeline.kaggle_collect_openalex_sri_lanka: Saved Sri Lankan-affiliated work number=73,029 progress=96.9% api_total=75,333
2026-08-05 13:28:37,888 INFO src.pipeline.kaggle_collect_openalex_sri_lanka: Saved Sri Lankan-affiliated work number=73,030 progress=96.9% api_total=75,333
2026-08-05 13:28:37,888 INFO src.pipeline.kaggle_collect_openalex_sri_lanka: Saved Sri Lankan-affiliated work number=73,031 progress=96.9% api_total=75,333
2026-08-05 13:28:37,889 INFO src.pipeline.kaggle_collect_openalex_sri_lanka: Saved Sri Lankan-affiliated work number=73,032 progress=96.9% api_total=75,333
2026-08-05 13:28:37,889 INFO src.pipeline.kaggle_collect_openalex_sri_lanka: Saved Sri Lankan-affiliated work number=73,033 progress=96.9% api_total=75,333
2026-08-05 13:28:37,890 INFO src.pipeline.kaggle_collect_openalex_sri_lanka: Saved Sri Lankan-affiliated work number=73,034 progress=96.9% api_total=75,333
2026-08-05 13:28:37,890 INFO src.pipeline.kaggle_collect_openalex_sri_lanka: Saved Sri Lankan-affiliated work number=73,035 progress=96.9% api_total=75,333
2026-08-05 13:28:37,890 INFO src.pipeline.kaggle_collect_openalex_sri_lanka: Saved Sri Lankan-affiliated work number=73,036 progress=97.0% api_total=75,333
2026-08-05 13:28:37,892 INFO src.pipeline.kaggle_collect_openalex_sri_lanka: Saved Sri Lankan-affiliated work number=73,037 progress=97.0% api_total=75,333
2026-08-05 13:28:37,892 INFO src.pipeline.kaggle_collect_openalex_sri_lanka: Saved Sri Lankan-affiliated work number=73,038 progress=97.0% api_total=75,333
2026-08-05 13:28:37,893 INFO src.pipeline.kaggle_collect_openalex_sri_lanka: Saved Sri Lankan-affiliated work number=73,039 progress=97.0% api_total=75,333
2026-08-05 13:28:37,893 INFO src.pipeline.kaggle_collect_openalex_sri_lanka: Saved Sri Lankan-affiliated work number=73,040 progress=97.0% api_total=75,333
2026-08-05 13:28:37,893 INFO src.pipeline.kaggle_collect_openalex_sri_lanka: Saved Sri Lankan-affiliated work number=73,041 progress=97.0% api_total=75,333
2026-08-05 13:28:37,894 INFO src.pipeline.kaggle_collect_openalex_sri_lanka: Saved Sri Lankan-affiliated work number=73,042 progress=97.0% api_total=75,333
2026-08-05 13:28:37,894 INFO src.pipeline.kaggle_collect_openalex_sri_lanka: Saved Sri Lankan-affiliated work number=73,043 progress=97.0% api_total=75,333
2026-08-05 13:28:37,894 INFO src.pipeline.kaggle_collect_openalex_sri_lanka: Saved Sri Lankan-affiliated work number=73,044 progress=97.0% api_total=75,333
2026-08-05 13:28:37,895 INFO src.pipeline.kaggle_collect_openalex_sri_lanka: Saved Sri Lankan-affiliated work number=73,045 progress=97.0% api_total=75,333
2026-08-05 13:28:37,895 INFO src.pipeline.kaggle_collect_openalex_sri_lanka: Saved Sri Lankan-affiliated work number=73,046 progress=97.0% api_total=75,333
2026-08-05 13:28:44,874 INFO src.collectors.openalex_collector: Fetched OpenAlex page page=15/377 progress=4.0% fetched=200 kept=200 skipped=0 next_cursor=yes
2026-08-05 13:28:44,880 INFO src.pipeline.kaggle_collect_openalex_sri_lanka: Saved Sri Lankan-affiliated work number=73,047 progress=97.0% api_total=75,333
2026-08-05 13:28:44,880 INFO src.pipeline.kaggle_collect_openalex_sri_lanka: Saved Sri Lankan-affiliated work number=73,048 progress=97.0% api_total=75,333
2026-08-05 13:28:44,881 INFO src.pipeline.kaggle_collect_openalex_sri_lanka: Saved Sri Lankan-affiliated work number=73,049 progress=97.0% api_total=75,333
2026-08-05 13:28:44,881 INFO src.pipeline.kaggle_collect_openalex_sri_lanka: Saved Sri Lankan-affiliated work number=73,050 progress=97.0% api_total=75,333
2026-08-05 13:28:44,881 INFO src.pipeline.kaggle_collect_openalex_sri_lanka: Saved Sri Lankan-affiliated work number=73,051 progress=97.0% api_total=75,333
2026-08-05 13:28:44,882 INFO src.pipeline.kaggle_collect_openalex_sri_lanka: Saved Sri Lankan-affiliated work number=73,052 progress=97.0% api_total=75,333
2026-08-05 13:28:44,882 INFO src.pipeline.kaggle_collect_openalex_sri_lanka: Saved Sri Lankan-affiliated work number=73,053 progress=97.0% api_total=75,333
2026-08-05 13:28:44,883 INFO src.pipeline.kaggle_collect_openalex_sri_lanka: Saved Sri Lankan-affiliated work number=73,054 progress=97.0% api_total=75,333
2026-08-05 13:28:44,883 INFO src.pipeline.kaggle_collect_openalex_sri_lanka: Saved Sri Lankan-affiliated work number=73,055 progress=97.0% api_total=75,333
2026-08-05 13:28:44,883 INFO src.pipeline.kaggle_collect_openalex_sri_lanka: Saved Sri Lankan-affiliated work number=73,056 progress=97.0% api_total=75,333
2026-08-05 13:28:44,884 INFO src.pipeline.kaggle_collect_openalex_sri_lanka: Saved Sri Lankan-affiliated work number=73,057 progress=97.0% api_total=75,333
2026-08-05 13:28:44,884 INFO src.pipeline.kaggle_collect_openalex_sri_lanka: Saved Sri Lankan-affiliated work number=73,058 progress=97.0% api_total=75,333
2026-08-05 13:28:44,884 INFO src.pipeline.kaggle_collect_openalex_sri_lanka: Saved Sri Lankan-affiliated work number=73,059 progress=97.0% api_total=75,333
2026-08-05 13:28:44,885 INFO src.pipeline.kaggle_collect_openalex_sri_lanka: Saved Sri Lankan-affiliated work number=73,060 progress=97.0% api_total=75,333
2026-08-05 13:28:44,885 INFO src.pipeline.kaggle_collect_openalex_sri_lanka: Saved Sri Lankan-affiliated work number=73,061 progress=97.0% api_total=75,333
2026-08-05 13:28:44,886 INFO src.pipeline.kaggle_collect_openalex_sri_lanka: Saved Sri Lankan-affiliated work number=73,062 progress=97.0% api_total=75,333
2026-08-05 13:28:44,886 INFO src.pipeline.kaggle_collect_openalex_sri_lanka: Saved Sri Lankan-affiliated work number=73,063 progress=97.0% api_total=75,333
2026-08-05 13:28:44,886 INFO src.pipeline.kaggle_collect_openalex_sri_lanka: Saved Sri Lankan-affiliated work number=73,064 progress=97.0% api_total=75,333
2026-08-05 13:28:44,887 INFO src.pipeline.kaggle_collect_openalex_sri_lanka: Saved Sri Lankan-affiliated work number=73,065 progress=97.0% api_total=75,333
2026-08-05 13:28:44,887 INFO src.pipeline.kaggle_collect_openalex_sri_lanka: Saved Sri Lankan-affiliated work number=73,066 progress=97.0% api_total=75,333
2026-08-05 13:28:44,887 INFO src.pipeline.kaggle_collect_openalex_sri_lanka: Saved Sri Lankan-affiliated work number=73,067 progress=97.0% api_total=75,333
2026-08-05 13:28:44,888 INFO src.pipeline.kaggle_collect_openalex_sri_lanka: Saved Sri Lankan-affiliated work number=73,068 progress=97.0% api_total=75,333
2026-08-05 13:28:44,888 INFO src.pipeline.kaggle_collect_openalex_sri_lanka: Saved Sri Lankan-affiliated work number=73,069 progress=97.0% api_total=75,333
2026-08-05 13:28:44,889 INFO src.pipeline.kaggle_collect_openalex_sri_lanka: Saved Sri Lankan-affiliated work number=73,070 progress=97.0% api_total=75,333
2026-08-05 13:28:44,889 INFO src.pipeline.kaggle_collect_openalex_sri_lanka: Saved Sri Lankan-affiliated work number=73,071 progress=97.0% api_total=75,333
2026-08-05 13:28:44,889 INFO src.pipeline.kaggle_collect_openalex_sri_lanka: Saved Sri Lankan-affiliated work number=73,072 progress=97.0% api_total=75,333
2026-08-05 13:28:44,890 INFO src.pipeline.kaggle_collect_openalex_sri_lanka: Saved Sri Lankan-affiliated work number=73,073 progress=97.0% api_total=75,333
2026-08-05 13:28:44,890 INFO src.pipeline.kaggle_collect_openalex_sri_lanka: Saved Sri Lankan-affiliated work number=73,074 progress=97.0% api_total=75,333
2026-08-05 13:28:44,890 INFO src.pipeline.kaggle_collect_openalex_sri_lanka: Saved Sri Lankan-affiliated work number=73,075 progress=97.0% api_total=75,333
2026-08-05 13:28:44,891 INFO src.pipeline.kaggle_collect_openalex_sri_lanka: Saved Sri Lankan-affiliated work number=73,076 progress=97.0% api_total=75,333
2026-08-05 13:28:44,891 INFO src.pipeline.kaggle_collect_openalex_sri_lanka: Saved Sri Lankan-affiliated work number=73,077 progress=97.0% api_total=75,333
2026-08-05 13:28:44,891 INFO src.pipeline.kaggle_collect_openalex_sri_lanka: Saved Sri Lankan-affiliated work number=73,078 progress=97.0% api_total=75,333
2026-08-05 13:28:44,892 INFO src.pipeline.kaggle_collect_openalex_sri_lanka: Saved Sri Lankan-affiliated work number=73,079 progress=97.0% api_total=75,333
2026-08-05 13:28:44,893 INFO src.pipeline.kaggle_collect_openalex_sri_lanka: Saved Sri Lankan-affiliated work number=73,080 progress=97.0% api_total=75,333
2026-08-05 13:28:44,893 INFO src.pipeline.kaggle_collect_openalex_sri_lanka: Saved Sri Lankan-affiliated work number=73,081 progress=97.0% api_total=75,333
2026-08-05 13:28:44,894 INFO src.pipeline.kaggle_collect_openalex_sri_lanka: Saved Sri Lankan-affiliated work number=73,082 progress=97.0% api_total=75,333
2026-08-05 13:28:44,894 INFO src.pipeline.kaggle_collect_openalex_sri_lanka: Saved Sri Lankan-affiliated work number=73,083 progress=97.0% api_total=75,333
2026-08-05 13:28:44,894 INFO src.pipeline.kaggle_collect_openalex_sri_lanka: Saved Sri Lankan-affiliated work number=73,084 progress=97.0% api_total=75,333
2026-08-05 13:28:44,895 INFO src.pipeline.kaggle_collect_openalex_sri_lanka: Saved Sri Lankan-affiliated work number=73,085 progress=97.0% api_total=75,333
2026-08-05 13:28:44,895 INFO src.pipeline.kaggle_collect_openalex_sri_lanka: Saved Sri Lankan-affiliated work number=73,086 progress=97.0% api_total=75,333
2026-08-05 13:28:44,896 INFO src.pipeline.kaggle_collect_openalex_sri_lanka: Saved Sri Lankan-affiliated work number=73,087 progress=97.0% api_total=75,333
2026-08-05 13:28:44,897 INFO src.pipeline.kaggle_collect_openalex_sri_lanka: Saved Sri Lankan-affiliated work number=73,088 progress=97.0% api_total=75,333
2026-08-05 13:28:44,897 INFO src.pipeline.kaggle_collect_openalex_sri_lanka: Saved Sri Lankan-affiliated work number=73,089 progress=97.0% api_total=75,333
2026-08-05 13:28:44,897 INFO src.pipeline.kaggle_collect_openalex_sri_lanka: Saved Sri Lankan-affiliated work number=73,090 progress=97.0% api_total=75,333
2026-08-05 13:28:44,898 INFO src.pipeline.kaggle_collect_openalex_sri_lanka: Saved Sri Lankan-affiliated work number=73,091 progress=97.0% api_total=75,333
2026-08-05 13:28:44,898 INFO src.pipeline.kaggle_collect_openalex_sri_lanka: Saved Sri Lankan-affiliated work number=73,092 progress=97.0% api_total=75,333
2026-08-05 13:28:44,898 INFO src.pipeline.kaggle_collect_openalex_sri_lanka: Saved Sri Lankan-affiliated work number=73,093 progress=97.0% api_total=75,333
2026-08-05 13:28:44,900 INFO src.pipeline.kaggle_collect_openalex_sri_lanka: Saved Sri Lankan-affiliated work number=73,094 progress=97.0% api_total=75,333
2026-08-05 13:28:44,900 INFO src.pipeline.kaggle_collect_openalex_sri_lanka: Saved Sri Lankan-affiliated work number=73,095 progress=97.0% api_total=75,333
2026-08-05 13:28:44,901 INFO src.pipeline.kaggle_collect_openalex_sri_lanka: Saved Sri Lankan-affiliated work number=73,096 progress=97.0% api_total=75,333
2026-08-05 13:28:44,901 INFO src.pipeline.kaggle_collect_openalex_sri_lanka: Saved Sri Lankan-affiliated work number=73,097 progress=97.0% api_total=75,333
2026-08-05 13:28:44,901 INFO src.pipeline.kaggle_collect_openalex_sri_lanka: Saved Sri Lankan-affiliated work number=73,098 progress=97.0% api_total=75,333
2026-08-05 13:28:44,901 INFO src.pipeline.kaggle_collect_openalex_sri_lanka: Saved Sri Lankan-affiliated work number=73,099 progress=97.0% api_total=75,333
2026-08-05 13:28:44,902 INFO src.pipeline.kaggle_collect_openalex_sri_lanka: Saved Sri Lankan-affiliated work number=73,100 progress=97.0% api_total=75,333
2026-08-05 13:28:44,902 INFO src.pipeline.kaggle_collect_openalex_sri_lanka: Saved Sri Lankan-affiliated work number=73,101 progress=97.0% api_total=75,333
2026-08-05 13:28:44,902 INFO src.pipeline.kaggle_collect_openalex_sri_lanka: Saved Sri Lankan-affiliated work number=73,102 progress=97.0% api_total=75,333
2026-08-05 13:28:44,903 INFO src.pipeline.kaggle_collect_openalex_sri_lanka: Saved Sri Lankan-affiliated work number=73,103 progress=97.0% api_total=75,333
2026-08-05 13:28:44,903 INFO src.pipeline.kaggle_collect_openalex_sri_lanka: Saved Sri Lankan-affiliated work number=73,104 progress=97.0% api_total=75,333
2026-08-05 13:28:44,903 INFO src.pipeline.kaggle_collect_openalex_sri_lanka: Saved Sri Lankan-affiliated work number=73,105 progress=97.0% api_total=75,333
2026-08-05 13:28:44,904 INFO src.pipeline.kaggle_collect_openalex_sri_lanka: Saved Sri Lankan-affiliated work number=73,106 progress=97.0% api_total=75,333
2026-08-05 13:28:44,904 INFO src.pipeline.kaggle_collect_openalex_sri_lanka: Saved Sri Lankan-affiliated work number=73,107 progress=97.0% api_total=75,333
2026-08-05 13:28:44,905 INFO src.pipeline.kaggle_collect_openalex_sri_lanka: Saved Sri Lankan-affiliated work number=73,108 progress=97.0% api_total=75,333
2026-08-05 13:28:44,905 INFO src.pipeline.kaggle_collect_openalex_sri_lanka: Saved Sri Lankan-affiliated work number=73,109 progress=97.0% api_total=75,333
2026-08-05 13:28:44,906 INFO src.pipeline.kaggle_collect_openalex_sri_lanka: Saved Sri Lankan-affiliated work number=73,110 progress=97.0% api_total=75,333
2026-08-05 13:28:44,906 INFO src.pipeline.kaggle_collect_openalex_sri_lanka: Saved Sri Lankan-affiliated work number=73,111 progress=97.1% api_total=75,333
2026-08-05 13:28:44,906 INFO src.pipeline.kaggle_collect_openalex_sri_lanka: Saved Sri Lankan-affiliated work number=73,112 progress=97.1% api_total=75,333
2026-08-05 13:28:44,907 INFO src.pipeline.kaggle_collect_openalex_sri_lanka: Saved Sri Lankan-affiliated work number=73,113 progress=97.1% api_total=75,333
2026-08-05 13:28:44,907 INFO src.pipeline.kaggle_collect_openalex_sri_lanka: Saved Sri Lankan-affiliated work number=73,114 progress=97.1% api_total=75,333
2026-08-05 13:28:44,907 INFO src.pipeline.kaggle_collect_openalex_sri_lanka: Saved Sri Lankan-affiliated work number=73,115 progress=97.1% api_total=75,333
2026-08-05 13:28:44,908 INFO src.pipeline.kaggle_collect_openalex_sri_lanka: Saved Sri Lankan-affiliated work number=73,116 progress=97.1% api_total=75,333
2026-08-05 13:28:44,908 INFO src.pipeline.kaggle_collect_openalex_sri_lanka: Saved Sri Lankan-affiliated work number=73,117 progress=97.1% api_total=75,333
2026-08-05 13:28:44,908 INFO src.pipeline.kaggle_collect_openalex_sri_lanka: Saved Sri Lankan-affiliated work number=73,118 progress=97.1% api_total=75,333
2026-08-05 13:28:44,909 INFO src.pipeline.kaggle_collect_openalex_sri_lanka: Saved Sri Lankan-affiliated work number=73,119 progress=97.1% api_total=75,333
2026-08-05 13:28:44,909 INFO src.pipeline.kaggle_collect_openalex_sri_lanka: Saved Sri Lankan-affiliated work number=73,120 progress=97.1% api_total=75,333
2026-08-05 13:28:44,909 INFO src.pipeline.kaggle_collect_openalex_sri_lanka: Saved Sri Lankan-affiliated work number=73,121 progress=97.1% api_total=75,333
2026-08-05 13:28:44,910 INFO src.pipeline.kaggle_collect_openalex_sri_lanka: Saved Sri Lankan-affiliated work number=73,122 progress=97.1% api_total=75,333
2026-08-05 13:28:44,910 INFO src.pipeline.kaggle_collect_openalex_sri_lanka: Saved Sri Lankan-affiliated work number=73,123 progress=97.1% api_total=75,333
2026-08-05 13:28:44,910 INFO src.pipeline.kaggle_collect_openalex_sri_lanka: Saved Sri Lankan-affiliated work number=73,124 progress=97.1% api_total=75,333
2026-08-05 13:28:44,911 INFO src.pipeline.kaggle_collect_openalex_sri_lanka: Saved Sri Lankan-affiliated work number=73,125 progress=97.1% api_total=75,333
2026-08-05 13:28:44,911 INFO src.pipeline.kaggle_collect_openalex_sri_lanka: Saved Sri Lankan-affiliated work number=73,126 progress=97.1% api_total=75,333
2026-08-05 13:28:44,911 INFO src.pipeline.kaggle_collect_openalex_sri_lanka: Saved Sri Lankan-affiliated work number=73,127 progress=97.1% api_total=75,333
2026-08-05 13:28:44,912 INFO src.pipeline.kaggle_collect_openalex_sri_lanka: Saved Sri Lankan-affiliated work number=73,128 progress=97.1% api_total=75,333
2026-08-05 13:28:44,912 INFO src.pipeline.kaggle_collect_openalex_sri_lanka: Saved Sri Lankan-affiliated work number=73,129 progress=97.1% api_total=75,333
2026-08-05 13:28:44,913 INFO src.pipeline.kaggle_collect_openalex_sri_lanka: Saved Sri Lankan-affiliated work number=73,130 progress=97.1% api_total=75,333
2026-08-05 13:28:44,913 INFO src.pipeline.kaggle_collect_openalex_sri_lanka: Saved Sri Lankan-affiliated work number=73,131 progress=97.1% api_total=75,333
2026-08-05 13:28:44,914 INFO src.pipeline.kaggle_collect_openalex_sri_lanka: Saved Sri Lankan-affiliated work number=73,132 progress=97.1% api_total=75,333
2026-08-05 13:28:44,914 INFO src.pipeline.kaggle_collect_openalex_sri_lanka: Saved Sri Lankan-affiliated work number=73,133 progress=97.1% api_total=75,333
2026-08-05 13:28:44,914 INFO src.pipeline.kaggle_collect_openalex_sri_lanka: Saved Sri Lankan-affiliated work number=73,134 progress=97.1% api_total=75,333
2026-08-05 13:28:44,914 INFO src.pipeline.kaggle_collect_openalex_sri_lanka: Saved Sri Lankan-affiliated work number=73,135 progress=97.1% api_total=75,333
2026-08-05 13:28:44,915 INFO src.pipeline.kaggle_collect_openalex_sri_lanka: Saved Sri Lankan-affiliated work number=73,136 progress=97.1% api_total=75,333
2026-08-05 13:28:44,915 INFO src.pipeline.kaggle_collect_openalex_sri_lanka: Saved Sri Lankan-affiliated work number=73,137 progress=97.1% api_total=75,333
2026-08-05 13:28:44,916 INFO src.pipeline.kaggle_collect_openalex_sri_lanka: Saved Sri Lankan-affiliated work number=73,138 progress=97.1% api_total=75,333
2026-08-05 13:28:44,916 INFO src.pipeline.kaggle_collect_openalex_sri_lanka: Saved Sri Lankan-affiliated work number=73,139 progress=97.1% api_total=75,333
2026-08-05 13:28:44,917 INFO src.pipeline.kaggle_collect_openalex_sri_lanka: Saved Sri Lankan-affiliated work number=73,140 progress=97.1% api_total=75,333
2026-08-05 13:28:44,917 INFO src.pipeline.kaggle_collect_openalex_sri_lanka: Saved Sri Lankan-affiliated work number=73,141 progress=97.1% api_total=75,333
2026-08-05 13:28:44,917 INFO src.pipeline.kaggle_collect_openalex_sri_lanka: Saved Sri Lankan-affiliated work number=73,142 progress=97.1% api_total=75,333
2026-08-05 13:28:44,917 INFO src.pipeline.kaggle_collect_openalex_sri_lanka: Saved Sri Lankan-affiliated work number=73,143 progress=97.1% api_total=75,333
2026-08-05 13:28:44,918 INFO src.pipeline.kaggle_collect_openalex_sri_lanka: Saved Sri Lankan-affiliated work number=73,144 progress=97.1% api_total=75,333
2026-08-05 13:28:44,918 INFO src.pipeline.kaggle_collect_openalex_sri_lanka: Saved Sri Lankan-affiliated work number=73,145 progress=97.1% api_total=75,333
2026-08-05 13:28:44,919 INFO src.pipeline.kaggle_collect_openalex_sri_lanka: Saved Sri Lankan-affiliated work number=73,146 progress=97.1% api_total=75,333
2026-08-05 13:28:44,919 INFO src.pipeline.kaggle_collect_openalex_sri_lanka: Saved Sri Lankan-affiliated work number=73,147 progress=97.1% api_total=75,333
2026-08-05 13:28:44,919 INFO src.pipeline.kaggle_collect_openalex_sri_lanka: Saved Sri Lankan-affiliated work number=73,148 progress=97.1% api_total=75,333
2026-08-05 13:28:44,920 INFO src.pipeline.kaggle_collect_openalex_sri_lanka: Saved Sri Lankan-affiliated work number=73,149 progress=97.1% api_total=75,333
2026-08-05 13:28:44,920 INFO src.pipeline.kaggle_collect_openalex_sri_lanka: Saved Sri Lankan-affiliated work number=73,150 progress=97.1% api_total=75,333
2026-08-05 13:28:44,921 INFO src.pipeline.kaggle_collect_openalex_sri_lanka: Saved Sri Lankan-affiliated work number=73,151 progress=97.1% api_total=75,333
2026-08-05 13:28:44,921 INFO src.pipeline.kaggle_collect_openalex_sri_lanka: Saved Sri Lankan-affiliated work number=73,152 progress=97.1% api_total=75,333
2026-08-05 13:28:44,923 INFO src.pipeline.kaggle_collect_openalex_sri_lanka: Saved Sri Lankan-affiliated work number=73,153 progress=97.1% api_total=75,333
2026-08-05 13:28:44,923 INFO src.pipeline.kaggle_collect_openalex_sri_lanka: Saved Sri Lankan-affiliated work number=73,154 progress=97.1% api_total=75,333
2026-08-05 13:28:44,923 INFO src.pipeline.kaggle_collect_openalex_sri_lanka: Saved Sri Lankan-affiliated work number=73,155 progress=97.1% api_total=75,333
2026-08-05 13:28:44,924 INFO src.pipeline.kaggle_collect_openalex_sri_lanka: Saved Sri Lankan-affiliated work number=73,156 progress=97.1% api_total=75,333
2026-08-05 13:28:44,924 INFO src.pipeline.kaggle_collect_openalex_sri_lanka: Saved Sri Lankan-affiliated work number=73,157 progress=97.1% api_total=75,333
2026-08-05 13:28:44,925 INFO src.pipeline.kaggle_collect_openalex_sri_lanka: Saved Sri Lankan-affiliated work number=73,158 progress=97.1% api_total=75,333
2026-08-05 13:28:44,925 INFO src.pipeline.kaggle_collect_openalex_sri_lanka: Saved Sri Lankan-affiliated work number=73,159 progress=97.1% api_total=75,333
2026-08-05 13:28:44,925 INFO src.pipeline.kaggle_collect_openalex_sri_lanka: Saved Sri Lankan-affiliated work number=73,160 progress=97.1% api_total=75,333
2026-08-05 13:28:44,926 INFO src.pipeline.kaggle_collect_openalex_sri_lanka: Saved Sri Lankan-affiliated work number=73,161 progress=97.1% api_total=75,333
2026-08-05 13:28:44,926 INFO src.pipeline.kaggle_collect_openalex_sri_lanka: Saved Sri Lankan-affiliated work number=73,162 progress=97.1% api_total=75,333
2026-08-05 13:28:44,926 INFO src.pipeline.kaggle_collect_openalex_sri_lanka: Saved Sri Lankan-affiliated work number=73,163 progress=97.1% api_total=75,333
2026-08-05 13:28:44,927 INFO src.pipeline.kaggle_collect_openalex_sri_lanka: Saved Sri Lankan-affiliated work number=73,164 progress=97.1% api_total=75,333
2026-08-05 13:28:44,927 INFO src.pipeline.kaggle_collect_openalex_sri_lanka: Saved Sri Lankan-affiliated work number=73,165 progress=97.1% api_total=75,333
2026-08-05 13:28:44,928 INFO src.pipeline.kaggle_collect_openalex_sri_lanka: Saved Sri Lankan-affiliated work number=73,166 progress=97.1% api_total=75,333
2026-08-05 13:28:44,928 INFO src.pipeline.kaggle_collect_openalex_sri_lanka: Saved Sri Lankan-affiliated work number=73,167 progress=97.1% api_total=75,333
2026-08-05 13:28:44,928 INFO src.pipeline.kaggle_collect_openalex_sri_lanka: Saved Sri Lankan-affiliated work number=73,168 progress=97.1% api_total=75,333
2026-08-05 13:28:44,929 INFO src.pipeline.kaggle_collect_openalex_sri_lanka: Saved Sri Lankan-affiliated work number=73,169 progress=97.1% api_total=75,333
2026-08-05 13:28:44,929 INFO src.pipeline.kaggle_collect_openalex_sri_lanka: Saved Sri Lankan-affiliated work number=73,170 progress=97.1% api_total=75,333
2026-08-05 13:28:44,930 INFO src.pipeline.kaggle_collect_openalex_sri_lanka: Saved Sri Lankan-affiliated work number=73,171 progress=97.1% api_total=75,333
2026-08-05 13:28:44,930 INFO src.pipeline.kaggle_collect_openalex_sri_lanka: Saved Sri Lankan-affiliated work number=73,172 progress=97.1% api_total=75,333
2026-08-05 13:28:44,931 INFO src.pipeline.kaggle_collect_openalex_sri_lanka: Saved Sri Lankan-affiliated work number=73,173 progress=97.1% api_total=75,333
2026-08-05 13:28:44,931 INFO src.pipeline.kaggle_collect_openalex_sri_lanka: Saved Sri Lankan-affiliated work number=73,174 progress=97.1% api_total=75,333
2026-08-05 13:28:44,931 INFO src.pipeline.kaggle_collect_openalex_sri_lanka: Saved Sri Lankan-affiliated work number=73,175 progress=97.1% api_total=75,333
2026-08-05 13:28:44,932 INFO src.pipeline.kaggle_collect_openalex_sri_lanka: Saved Sri Lankan-affiliated work number=73,176 progress=97.1% api_total=75,333
2026-08-05 13:28:44,932 INFO src.pipeline.kaggle_collect_openalex_sri_lanka: Saved Sri Lankan-affiliated work number=73,177 progress=97.1% api_total=75,333
2026-08-05 13:28:44,933 INFO src.pipeline.kaggle_collect_openalex_sri_lanka: Saved Sri Lankan-affiliated work number=73,178 progress=97.1% api_total=75,333
2026-08-05 13:28:44,933 INFO src.pipeline.kaggle_collect_openalex_sri_lanka: Saved Sri Lankan-affiliated work number=73,179 progress=97.1% api_total=75,333
2026-08-05 13:28:44,933 INFO src.pipeline.kaggle_collect_openalex_sri_lanka: Saved Sri Lankan-affiliated work number=73,180 progress=97.1% api_total=75,333
2026-08-05 13:28:44,934 INFO src.pipeline.kaggle_collect_openalex_sri_lanka: Saved Sri Lankan-affiliated work number=73,181 progress=97.1% api_total=75,333
2026-08-05 13:28:44,934 INFO src.pipeline.kaggle_collect_openalex_sri_lanka: Saved Sri Lankan-affiliated work number=73,182 progress=97.1% api_total=75,333
2026-08-05 13:28:44,935 INFO src.pipeline.kaggle_collect_openalex_sri_lanka: Saved Sri Lankan-affiliated work number=73,183 progress=97.1% api_total=75,333
2026-08-05 13:28:44,935 INFO src.pipeline.kaggle_collect_openalex_sri_lanka: Saved Sri Lankan-affiliated work number=73,184 progress=97.1% api_total=75,333
2026-08-05 13:28:44,935 INFO src.pipeline.kaggle_collect_openalex_sri_lanka: Saved Sri Lankan-affiliated work number=73,185 progress=97.1% api_total=75,333
2026-08-05 13:28:44,936 INFO src.pipeline.kaggle_collect_openalex_sri_lanka: Saved Sri Lankan-affiliated work number=73,186 progress=97.1% api_total=75,333
2026-08-05 13:28:44,936 INFO src.pipeline.kaggle_collect_openalex_sri_lanka: Saved Sri Lankan-affiliated work number=73,187 progress=97.2% api_total=75,333
2026-08-05 13:28:44,937 INFO src.pipeline.kaggle_collect_openalex_sri_lanka: Saved Sri Lankan-affiliated work number=73,188 progress=97.2% api_total=75,333
2026-08-05 13:28:44,937 INFO src.pipeline.kaggle_collect_openalex_sri_lanka: Saved Sri Lankan-affiliated work number=73,189 progress=97.2% api_total=75,333
2026-08-05 13:28:44,937 INFO src.pipeline.kaggle_collect_openalex_sri_lanka: Saved Sri Lankan-affiliated work number=73,190 progress=97.2% api_total=75,333
2026-08-05 13:28:44,938 INFO src.pipeline.kaggle_collect_openalex_sri_lanka: Saved Sri Lankan-affiliated work number=73,191 progress=97.2% api_total=75,333
2026-08-05 13:28:44,938 INFO src.pipeline.kaggle_collect_openalex_sri_lanka: Saved Sri Lankan-affiliated work number=73,192 progress=97.2% api_total=75,333
2026-08-05 13:28:44,938 INFO src.pipeline.kaggle_collect_openalex_sri_lanka: Saved Sri Lankan-affiliated work number=73,193 progress=97.2% api_total=75,333
2026-08-05 13:28:44,939 INFO src.pipeline.kaggle_collect_openalex_sri_lanka: Saved Sri Lankan-affiliated work number=73,194 progress=97.2% api_total=75,333
2026-08-05 13:28:44,939 INFO src.pipeline.kaggle_collect_openalex_sri_lanka: Saved Sri Lankan-affiliated work number=73,195 progress=97.2% api_total=75,333
2026-08-05 13:28:44,940 INFO src.pipeline.kaggle_collect_openalex_sri_lanka: Saved Sri Lankan-affiliated work number=73,196 progress=97.2% api_total=75,333
2026-08-05 13:28:44,940 INFO src.pipeline.kaggle_collect_openalex_sri_lanka: Saved Sri Lankan-affiliated work number=73,197 progress=97.2% api_total=75,333
2026-08-05 13:28:44,940 INFO src.pipeline.kaggle_collect_openalex_sri_lanka: Saved Sri Lankan-affiliated work number=73,198 progress=97.2% api_total=75,333
2026-08-05 13:28:44,941 INFO src.pipeline.kaggle_collect_openalex_sri_lanka: Saved Sri Lankan-affiliated work number=73,199 progress=97.2% api_total=75,333
2026-08-05 13:28:44,941 INFO src.pipeline.kaggle_collect_openalex_sri_lanka: Saved Sri Lankan-affiliated work number=73,200 progress=97.2% api_total=75,333
2026-08-05 13:28:44,943 INFO src.pipeline.kaggle_collect_openalex_sri_lanka: Saved Sri Lankan-affiliated work number=73,201 progress=97.2% api_total=75,333
2026-08-05 13:28:44,944 INFO src.pipeline.kaggle_collect_openalex_sri_lanka: Saved Sri Lankan-affiliated work number=73,202 progress=97.2% api_total=75,333
2026-08-05 13:28:44,944 INFO src.pipeline.kaggle_collect_openalex_sri_lanka: Saved Sri Lankan-affiliated work number=73,203 progress=97.2% api_total=75,333
2026-08-05 13:28:44,945 INFO src.pipeline.kaggle_collect_openalex_sri_lanka: Saved Sri Lankan-affiliated work number=73,204 progress=97.2% api_total=75,333
2026-08-05 13:28:44,945 INFO src.pipeline.kaggle_collect_openalex_sri_lanka: Saved Sri Lankan-affiliated work number=73,205 progress=97.2% api_total=75,333
2026-08-05 13:28:44,945 INFO src.pipeline.kaggle_collect_openalex_sri_lanka: Saved Sri Lankan-affiliated work number=73,206 progress=97.2% api_total=75,333
2026-08-05 13:28:44,946 INFO src.pipeline.kaggle_collect_openalex_sri_lanka: Saved Sri Lankan-affiliated work number=73,207 progress=97.2% api_total=75,333
2026-08-05 13:28:44,946 INFO src.pipeline.kaggle_collect_openalex_sri_lanka: Saved Sri Lankan-affiliated work number=73,208 progress=97.2% api_total=75,333
2026-08-05 13:28:44,947 INFO src.pipeline.kaggle_collect_openalex_sri_lanka: Saved Sri Lankan-affiliated work number=73,209 progress=97.2% api_total=75,333
2026-08-05 13:28:44,947 INFO src.pipeline.kaggle_collect_openalex_sri_lanka: Saved Sri Lankan-affiliated work number=73,210 progress=97.2% api_total=75,333
2026-08-05 13:28:44,947 INFO src.pipeline.kaggle_collect_openalex_sri_lanka: Saved Sri Lankan-affiliated work number=73,211 progress=97.2% api_total=75,333
2026-08-05 13:28:44,948 INFO src.pipeline.kaggle_collect_openalex_sri_lanka: Saved Sri Lankan-affiliated work number=73,212 progress=97.2% api_total=75,333
2026-08-05 13:28:44,948 INFO src.pipeline.kaggle_collect_openalex_sri_lanka: Saved Sri Lankan-affiliated work number=73,213 progress=97.2% api_total=75,333
2026-08-05 13:28:44,949 INFO src.pipeline.kaggle_collect_openalex_sri_lanka: Saved Sri Lankan-affiliated work number=73,214 progress=97.2% api_total=75,333
2026-08-05 13:28:44,949 INFO src.pipeline.kaggle_collect_openalex_sri_lanka: Saved Sri Lankan-affiliated work number=73,215 progress=97.2% api_total=75,333
2026-08-05 13:28:44,949 INFO src.pipeline.kaggle_collect_openalex_sri_lanka: Saved Sri Lankan-affiliated work number=73,216 progress=97.2% api_total=75,333
2026-08-05 13:28:44,950 INFO src.pipeline.kaggle_collect_openalex_sri_lanka: Saved Sri Lankan-affiliated work number=73,217 progress=97.2% api_total=75,333
2026-08-05 13:28:44,950 INFO src.pipeline.kaggle_collect_openalex_sri_lanka: Saved Sri Lankan-affiliated work number=73,218 progress=97.2% api_total=75,333
2026-08-05 13:28:44,950 INFO src.pipeline.kaggle_collect_openalex_sri_lanka: Saved Sri Lankan-affiliated work number=73,219 progress=97.2% api_total=75,333
2026-08-05 13:28:44,951 INFO src.pipeline.kaggle_collect_openalex_sri_lanka: Saved Sri Lankan-affiliated work number=73,220 progress=97.2% api_total=75,333
2026-08-05 13:28:44,951 INFO src.pipeline.kaggle_collect_openalex_sri_lanka: Saved Sri Lankan-affiliated work number=73,221 progress=97.2% api_total=75,333
2026-08-05 13:28:44,952 INFO src.pipeline.kaggle_collect_openalex_sri_lanka: Saved Sri Lankan-affiliated work number=73,222 progress=97.2% api_total=75,333
2026-08-05 13:28:44,952 INFO src.pipeline.kaggle_collect_openalex_sri_lanka: Saved Sri Lankan-affiliated work number=73,223 progress=97.2% api_total=75,333
2026-08-05 13:28:44,953 INFO src.pipeline.kaggle_collect_openalex_sri_lanka: Saved Sri Lankan-affiliated work number=73,224 progress=97.2% api_total=75,333
2026-08-05 13:28:44,953 INFO src.pipeline.kaggle_collect_openalex_sri_lanka: Saved Sri Lankan-affiliated work number=73,225 progress=97.2% api_total=75,333
2026-08-05 13:28:44,954 INFO src.pipeline.kaggle_collect_openalex_sri_lanka: Saved Sri Lankan-affiliated work number=73,226 progress=97.2% api_total=75,333
2026-08-05 13:28:44,954 INFO src.pipeline.kaggle_collect_openalex_sri_lanka: Saved Sri Lankan-affiliated work number=73,227 progress=97.2% api_total=75,333
2026-08-05 13:28:44,954 INFO src.pipeline.kaggle_collect_openalex_sri_lanka: Saved Sri Lankan-affiliated work number=73,228 progress=97.2% api_total=75,333
2026-08-05 13:28:44,955 INFO src.pipeline.kaggle_collect_openalex_sri_lanka: Saved Sri Lankan-affiliated work number=73,229 progress=97.2% api_total=75,333
2026-08-05 13:28:44,955 INFO src.pipeline.kaggle_collect_openalex_sri_lanka: Saved Sri Lankan-affiliated work number=73,230 progress=97.2% api_total=75,333
2026-08-05 13:28:44,955 INFO src.pipeline.kaggle_collect_openalex_sri_lanka: Saved Sri Lankan-affiliated work number=73,231 progress=97.2% api_total=75,333
2026-08-05 13:28:44,956 INFO src.pipeline.kaggle_collect_openalex_sri_lanka: Saved Sri Lankan-affiliated work number=73,232 progress=97.2% api_total=75,333
2026-08-05 13:28:44,956 INFO src.pipeline.kaggle_collect_openalex_sri_lanka: Saved Sri Lankan-affiliated work number=73,233 progress=97.2% api_total=75,333
2026-08-05 13:28:44,956 INFO src.pipeline.kaggle_collect_openalex_sri_lanka: Saved Sri Lankan-affiliated work number=73,234 progress=97.2% api_total=75,333
2026-08-05 13:28:44,957 INFO src.pipeline.kaggle_collect_openalex_sri_lanka: Saved Sri Lankan-affiliated work number=73,235 progress=97.2% api_total=75,333
2026-08-05 13:28:44,957 INFO src.pipeline.kaggle_collect_openalex_sri_lanka: Saved Sri Lankan-affiliated work number=73,236 progress=97.2% api_total=75,333
2026-08-05 13:28:44,957 INFO src.pipeline.kaggle_collect_openalex_sri_lanka: Saved Sri Lankan-affiliated work number=73,237 progress=97.2% api_total=75,333
2026-08-05 13:28:44,958 INFO src.pipeline.kaggle_collect_openalex_sri_lanka: Saved Sri Lankan-affiliated work number=73,238 progress=97.2% api_total=75,333
2026-08-05 13:28:44,958 INFO src.pipeline.kaggle_collect_openalex_sri_lanka: Saved Sri Lankan-affiliated work number=73,239 progress=97.2% api_total=75,333
2026-08-05 13:28:44,959 INFO src.pipeline.kaggle_collect_openalex_sri_lanka: Saved Sri Lankan-affiliated work number=73,240 progress=97.2% api_total=75,333
2026-08-05 13:28:44,959 INFO src.pipeline.kaggle_collect_openalex_sri_lanka: Saved Sri Lankan-affiliated work number=73,241 progress=97.2% api_total=75,333
2026-08-05 13:28:44,959 INFO src.pipeline.kaggle_collect_openalex_sri_lanka: Saved Sri Lankan-affiliated work number=73,242 progress=97.2% api_total=75,333
2026-08-05 13:28:44,960 INFO src.pipeline.kaggle_collect_openalex_sri_lanka: Saved Sri Lankan-affiliated work number=73,243 progress=97.2% api_total=75,333
2026-08-05 13:28:44,960 INFO src.pipeline.kaggle_collect_openalex_sri_lanka: Saved Sri Lankan-affiliated work number=73,244 progress=97.2% api_total=75,333
2026-08-05 13:28:44,960 INFO src.pipeline.kaggle_collect_openalex_sri_lanka: Saved Sri Lankan-affiliated work number=73,245 progress=97.2% api_total=75,333
2026-08-05 13:28:44,961 INFO src.pipeline.kaggle_collect_openalex_sri_lanka: Saved Sri Lankan-affiliated work number=73,246 progress=97.2% api_total=75,333
2026-08-05 13:28:51,762 INFO src.collectors.openalex_collector: Fetched OpenAlex page page=16/377 progress=4.2% fetched=200 kept=200 skipped=0 next_cursor=yes
2026-08-05 13:28:51,768 INFO src.pipeline.kaggle_collect_openalex_sri_lanka: Saved Sri Lankan-affiliated work number=73,247 progress=97.2% api_total=75,333
2026-08-05 13:28:51,768 INFO src.pipeline.kaggle_collect_openalex_sri_lanka: Saved Sri Lankan-affiliated work number=73,248 progress=97.2% api_total=75,333
2026-08-05 13:28:51,768 INFO src.pipeline.kaggle_collect_openalex_sri_lanka: Saved Sri Lankan-affiliated work number=73,249 progress=97.2% api_total=75,333
2026-08-05 13:28:51,769 INFO src.pipeline.kaggle_collect_openalex_sri_lanka: Saved Sri Lankan-affiliated work number=73,250 progress=97.2% api_total=75,333
2026-08-05 13:28:51,769 INFO src.pipeline.kaggle_collect_openalex_sri_lanka: Saved Sri Lankan-affiliated work number=73,251 progress=97.2% api_total=75,333
2026-08-05 13:28:51,769 INFO src.pipeline.kaggle_collect_openalex_sri_lanka: Saved Sri Lankan-affiliated work number=73,252 progress=97.2% api_total=75,333
2026-08-05 13:28:51,769 INFO src.pipeline.kaggle_collect_openalex_sri_lanka: Saved Sri Lankan-affiliated work number=73,253 progress=97.2% api_total=75,333
2026-08-05 13:28:51,770 INFO src.pipeline.kaggle_collect_openalex_sri_lanka: Saved Sri Lankan-affiliated work number=73,254 progress=97.2% api_total=75,333
2026-08-05 13:28:51,770 INFO src.pipeline.kaggle_collect_openalex_sri_lanka: Saved Sri Lankan-affiliated work number=73,255 progress=97.2% api_total=75,333
2026-08-05 13:28:51,770 INFO src.pipeline.kaggle_collect_openalex_sri_lanka: Saved Sri Lankan-affiliated work number=73,256 progress=97.2% api_total=75,333
2026-08-05 13:28:51,771 INFO src.pipeline.kaggle_collect_openalex_sri_lanka: Saved Sri Lankan-affiliated work number=73,257 progress=97.2% api_total=75,333
2026-08-05 13:28:51,771 INFO src.pipeline.kaggle_collect_openalex_sri_lanka: Saved Sri Lankan-affiliated work number=73,258 progress=97.2% api_total=75,333
2026-08-05 13:28:51,771 INFO src.pipeline.kaggle_collect_openalex_sri_lanka: Saved Sri Lankan-affiliated work number=73,259 progress=97.2% api_total=75,333
2026-08-05 13:28:51,772 INFO src.pipeline.kaggle_collect_openalex_sri_lanka: Saved Sri Lankan-affiliated work number=73,260 progress=97.2% api_total=75,333
2026-08-05 13:28:51,773 INFO src.pipeline.kaggle_collect_openalex_sri_lanka: Saved Sri Lankan-affiliated work number=73,261 progress=97.2% api_total=75,333
2026-08-05 13:28:51,773 INFO src.pipeline.kaggle_collect_openalex_sri_lanka: Saved Sri Lankan-affiliated work number=73,262 progress=97.3% api_total=75,333
2026-08-05 13:28:51,774 INFO src.pipeline.kaggle_collect_openalex_sri_lanka: Saved Sri Lankan-affiliated work number=73,263 progress=97.3% api_total=75,333
2026-08-05 13:28:51,774 INFO src.pipeline.kaggle_collect_openalex_sri_lanka: Saved Sri Lankan-affiliated work number=73,264 progress=97.3% api_total=75,333
2026-08-05 13:28:51,776 INFO src.pipeline.kaggle_collect_openalex_sri_lanka: Saved Sri Lankan-affiliated work number=73,265 progress=97.3% api_total=75,333
2026-08-05 13:28:51,776 INFO src.pipeline.kaggle_collect_openalex_sri_lanka: Saved Sri Lankan-affiliated work number=73,266 progress=97.3% api_total=75,333
2026-08-05 13:28:51,776 INFO src.pipeline.kaggle_collect_openalex_sri_lanka: Saved Sri Lankan-affiliated work number=73,267 progress=97.3% api_total=75,333
2026-08-05 13:28:51,777 INFO src.pipeline.kaggle_collect_openalex_sri_lanka: Saved Sri Lankan-affiliated work number=73,268 progress=97.3% api_total=75,333
2026-08-05 13:28:51,777 INFO src.pipeline.kaggle_collect_openalex_sri_lanka: Saved Sri Lankan-affiliated work number=73,269 progress=97.3% api_total=75,333
2026-08-05 13:28:51,777 INFO src.pipeline.kaggle_collect_openalex_sri_lanka: Saved Sri Lankan-affiliated work number=73,270 progress=97.3% api_total=75,333
2026-08-05 13:28:51,778 INFO src.pipeline.kaggle_collect_openalex_sri_lanka: Saved Sri Lankan-affiliated work number=73,271 progress=97.3% api_total=75,333
2026-08-05 13:28:51,778 INFO src.pipeline.kaggle_collect_openalex_sri_lanka: Saved Sri Lankan-affiliated work number=73,272 progress=97.3% api_total=75,333
2026-08-05 13:28:51,779 INFO src.pipeline.kaggle_collect_openalex_sri_lanka: Saved Sri Lankan-affiliated work number=73,273 progress=97.3% api_total=75,333
2026-08-05 13:28:51,779 INFO src.pipeline.kaggle_collect_openalex_sri_lanka: Saved Sri Lankan-affiliated work number=73,274 progress=97.3% api_total=75,333
2026-08-05 13:28:51,779 INFO src.pipeline.kaggle_collect_openalex_sri_lanka: Saved Sri Lankan-affiliated work number=73,275 progress=97.3% api_total=75,333
2026-08-05 13:28:51,780 INFO src.pipeline.kaggle_collect_openalex_sri_lanka: Saved Sri Lankan-affiliated work number=73,276 progress=97.3% api_total=75,333
2026-08-05 13:28:51,780 INFO src.pipeline.kaggle_collect_openalex_sri_lanka: Saved Sri Lankan-affiliated work number=73,277 progress=97.3% api_total=75,333
2026-08-05 13:28:51,780 INFO src.pipeline.kaggle_collect_openalex_sri_lanka: Saved Sri Lankan-affiliated work number=73,278 progress=97.3% api_total=75,333
2026-08-05 13:28:51,781 INFO src.pipeline.kaggle_collect_openalex_sri_lanka: Saved Sri Lankan-affiliated work number=73,279 progress=97.3% api_total=75,333
2026-08-05 13:28:51,781 INFO src.pipeline.kaggle_collect_openalex_sri_lanka: Saved Sri Lankan-affiliated work number=73,280 progress=97.3% api_total=75,333
2026-08-05 13:28:51,782 INFO src.pipeline.kaggle_collect_openalex_sri_lanka: Saved Sri Lankan-affiliated work number=73,281 progress=97.3% api_total=75,333
2026-08-05 13:28:51,782 INFO src.pipeline.kaggle_collect_openalex_sri_lanka: Saved Sri Lankan-affiliated work number=73,282 progress=97.3% api_total=75,333
2026-08-05 13:28:51,783 INFO src.pipeline.kaggle_collect_openalex_sri_lanka: Saved Sri Lankan-affiliated work number=73,283 progress=97.3% api_total=75,333
2026-08-05 13:28:51,783 INFO src.pipeline.kaggle_collect_openalex_sri_lanka: Saved Sri Lankan-affiliated work number=73,284 progress=97.3% api_total=75,333
2026-08-05 13:28:51,783 INFO src.pipeline.kaggle_collect_openalex_sri_lanka: Saved Sri Lankan-affiliated work number=73,285 progress=97.3% api_total=75,333
2026-08-05 13:28:51,784 INFO src.pipeline.kaggle_collect_openalex_sri_lanka: Saved Sri Lankan-affiliated work number=73,286 progress=97.3% api_total=75,333
2026-08-05 13:28:51,784 INFO src.pipeline.kaggle_collect_openalex_sri_lanka: Saved Sri Lankan-affiliated work number=73,287 progress=97.3% api_total=75,333
2026-08-05 13:28:51,784 INFO src.pipeline.kaggle_collect_openalex_sri_lanka: Saved Sri Lankan-affiliated work number=73,288 progress=97.3% api_total=75,333
2026-08-05 13:28:51,784 INFO src.pipeline.kaggle_collect_openalex_sri_lanka: Saved Sri Lankan-affiliated work number=73,289 progress=97.3% api_total=75,333
2026-08-05 13:28:51,785 INFO src.pipeline.kaggle_collect_openalex_sri_lanka: Saved Sri Lankan-affiliated work number=73,290 progress=97.3% api_total=75,333
2026-08-05 13:28:51,785 INFO src.pipeline.kaggle_collect_openalex_sri_lanka: Saved Sri Lankan-affiliated work number=73,291 progress=97.3% api_total=75,333
2026-08-05 13:28:51,786 INFO src.pipeline.kaggle_collect_openalex_sri_lanka: Saved Sri Lankan-affiliated work number=73,292 progress=97.3% api_total=75,333
2026-08-05 13:28:51,786 INFO src.pipeline.kaggle_collect_openalex_sri_lanka: Saved Sri Lankan-affiliated work number=73,293 progress=97.3% api_total=75,333
2026-08-05 13:28:51,786 INFO src.pipeline.kaggle_collect_openalex_sri_lanka: Saved Sri Lankan-affiliated work number=73,294 progress=97.3% api_total=75,333
2026-08-05 13:28:51,787 INFO src.pipeline.kaggle_collect_openalex_sri_lanka: Saved Sri Lankan-affiliated work number=73,295 progress=97.3% api_total=75,333
2026-08-05 13:28:51,787 INFO src.pipeline.kaggle_collect_openalex_sri_lanka: Saved Sri Lankan-affiliated work number=73,296 progress=97.3% api_total=75,333
2026-08-05 13:28:51,788 INFO src.pipeline.kaggle_collect_openalex_sri_lanka: Saved Sri Lankan-affiliated work number=73,297 progress=97.3% api_total=75,333
2026-08-05 13:28:51,788 INFO src.pipeline.kaggle_collect_openalex_sri_lanka: Saved Sri Lankan-affiliated work number=73,298 progress=97.3% api_total=75,333
2026-08-05 13:28:51,789 INFO src.pipeline.kaggle_collect_openalex_sri_lanka: Saved Sri Lankan-affiliated work number=73,299 progress=97.3% api_total=75,333
2026-08-05 13:28:51,789 INFO src.pipeline.kaggle_collect_openalex_sri_lanka: Saved Sri Lankan-affiliated work number=73,300 progress=97.3% api_total=75,333
2026-08-05 13:28:51,789 INFO src.pipeline.kaggle_collect_openalex_sri_lanka: Saved Sri Lankan-affiliated work number=73,301 progress=97.3% api_total=75,333
2026-08-05 13:28:51,790 INFO src.pipeline.kaggle_collect_openalex_sri_lanka: Saved Sri Lankan-affiliated work number=73,302 progress=97.3% api_total=75,333
2026-08-05 13:28:51,790 INFO src.pipeline.kaggle_collect_openalex_sri_lanka: Saved Sri Lankan-affiliated work number=73,303 progress=97.3% api_total=75,333
2026-08-05 13:28:51,790 INFO src.pipeline.kaggle_collect_openalex_sri_lanka: Saved Sri Lankan-affiliated work number=73,304 progress=97.3% api_total=75,333
2026-08-05 13:28:51,791 INFO src.pipeline.kaggle_collect_openalex_sri_lanka: Saved Sri Lankan-affiliated work number=73,305 progress=97.3% api_total=75,333
2026-08-05 13:28:51,791 INFO src.pipeline.kaggle_collect_openalex_sri_lanka: Saved Sri Lankan-affiliated work number=73,306 progress=97.3% api_total=75,333
2026-08-05 13:28:51,791 INFO src.pipeline.kaggle_collect_openalex_sri_lanka: Saved Sri Lankan-affiliated work number=73,307 progress=97.3% api_total=75,333
2026-08-05 13:28:51,792 INFO src.pipeline.kaggle_collect_openalex_sri_lanka: Saved Sri Lankan-affiliated work number=73,308 progress=97.3% api_total=75,333
2026-08-05 13:28:51,792 INFO src.pipeline.kaggle_collect_openalex_sri_lanka: Saved Sri Lankan-affiliated work number=73,309 progress=97.3% api_total=75,333
2026-08-05 13:28:51,792 INFO src.pipeline.kaggle_collect_openalex_sri_lanka: Saved Sri Lankan-affiliated work number=73,310 progress=97.3% api_total=75,333
2026-08-05 13:28:51,793 INFO src.pipeline.kaggle_collect_openalex_sri_lanka: Saved Sri Lankan-affiliated work number=73,311 progress=97.3% api_total=75,333
2026-08-05 13:28:51,793 INFO src.pipeline.kaggle_collect_openalex_sri_lanka: Saved Sri Lankan-affiliated work number=73,312 progress=97.3% api_total=75,333
2026-08-05 13:28:51,794 INFO src.pipeline.kaggle_collect_openalex_sri_lanka: Saved Sri Lankan-affiliated work number=73,313 progress=97.3% api_total=75,333
2026-08-05 13:28:51,794 INFO src.pipeline.kaggle_collect_openalex_sri_lanka: Saved Sri Lankan-affiliated work number=73,314 progress=97.3% api_total=75,333
2026-08-05 13:28:51,794 INFO src.pipeline.kaggle_collect_openalex_sri_lanka: Saved Sri Lankan-affiliated work number=73,315 progress=97.3% api_total=75,333
2026-08-05 13:28:51,794 INFO src.pipeline.kaggle_collect_openalex_sri_lanka: Saved Sri Lankan-affiliated work number=73,316 progress=97.3% api_total=75,333
2026-08-05 13:28:51,795 INFO src.pipeline.kaggle_collect_openalex_sri_lanka: Saved Sri Lankan-affiliated work number=73,317 progress=97.3% api_total=75,333
2026-08-05 13:28:51,795 INFO src.pipeline.kaggle_collect_openalex_sri_lanka: Saved Sri Lankan-affiliated work number=73,318 progress=97.3% api_total=75,333
2026-08-05 13:28:51,796 INFO src.pipeline.kaggle_collect_openalex_sri_lanka: Saved Sri Lankan-affiliated work number=73,319 progress=97.3% api_total=75,333
2026-08-05 13:28:51,796 INFO src.pipeline.kaggle_collect_openalex_sri_lanka: Saved Sri Lankan-affiliated work number=73,320 progress=97.3% api_total=75,333
2026-08-05 13:28:51,796 INFO src.pipeline.kaggle_collect_openalex_sri_lanka: Saved Sri Lankan-affiliated work number=73,321 progress=97.3% api_total=75,333
2026-08-05 13:28:51,797 INFO src.pipeline.kaggle_collect_openalex_sri_lanka: Saved Sri Lankan-affiliated work number=73,322 progress=97.3% api_total=75,333
2026-08-05 13:28:51,797 INFO src.pipeline.kaggle_collect_openalex_sri_lanka: Saved Sri Lankan-affiliated work number=73,323 progress=97.3% api_total=75,333
2026-08-05 13:28:51,797 INFO src.pipeline.kaggle_collect_openalex_sri_lanka: Saved Sri Lankan-affiliated work number=73,324 progress=97.3% api_total=75,333
2026-08-05 13:28:51,798 INFO src.pipeline.kaggle_collect_openalex_sri_lanka: Saved Sri Lankan-affiliated work number=73,325 progress=97.3% api_total=75,333
2026-08-05 13:28:51,798 INFO src.pipeline.kaggle_collect_openalex_sri_lanka: Saved Sri Lankan-affiliated work number=73,326 progress=97.3% api_total=75,333
2026-08-05 13:28:51,798 INFO src.pipeline.kaggle_collect_openalex_sri_lanka: Saved Sri Lankan-affiliated work number=73,327 progress=97.3% api_total=75,333
2026-08-05 13:28:51,798 INFO src.pipeline.kaggle_collect_openalex_sri_lanka: Saved Sri Lankan-affiliated work number=73,328 progress=97.3% api_total=75,333
2026-08-05 13:28:51,799 INFO src.pipeline.kaggle_collect_openalex_sri_lanka: Saved Sri Lankan-affiliated work number=73,329 progress=97.3% api_total=75,333
2026-08-05 13:28:51,799 INFO src.pipeline.kaggle_collect_openalex_sri_lanka: Saved Sri Lankan-affiliated work number=73,330 progress=97.3% api_total=75,333
2026-08-05 13:28:51,799 INFO src.pipeline.kaggle_collect_openalex_sri_lanka: Saved Sri Lankan-affiliated work number=73,331 progress=97.3% api_total=75,333
2026-08-05 13:28:51,800 INFO src.pipeline.kaggle_collect_openalex_sri_lanka: Saved Sri Lankan-affiliated work number=73,332 progress=97.3% api_total=75,333
2026-08-05 13:28:51,800 INFO src.pipeline.kaggle_collect_openalex_sri_lanka: Saved Sri Lankan-affiliated work number=73,333 progress=97.3% api_total=75,333
2026-08-05 13:28:51,800 INFO src.pipeline.kaggle_collect_openalex_sri_lanka: Saved Sri Lankan-affiliated work number=73,334 progress=97.3% api_total=75,333
2026-08-05 13:28:51,801 INFO src.pipeline.kaggle_collect_openalex_sri_lanka: Saved Sri Lankan-affiliated work number=73,335 progress=97.3% api_total=75,333
2026-08-05 13:28:51,801 INFO src.pipeline.kaggle_collect_openalex_sri_lanka: Saved Sri Lankan-affiliated work number=73,336 progress=97.3% api_total=75,333
2026-08-05 13:28:51,801 INFO src.pipeline.kaggle_collect_openalex_sri_lanka: Saved Sri Lankan-affiliated work number=73,337 progress=97.4% api_total=75,333
2026-08-05 13:28:51,801 INFO src.pipeline.kaggle_collect_openalex_sri_lanka: Saved Sri Lankan-affiliated work number=73,338 progress=97.4% api_total=75,333
2026-08-05 13:28:51,802 INFO src.pipeline.kaggle_collect_openalex_sri_lanka: Saved Sri Lankan-affiliated work number=73,339 progress=97.4% api_total=75,333
2026-08-05 13:28:51,802 INFO src.pipeline.kaggle_collect_openalex_sri_lanka: Saved Sri Lankan-affiliated work number=73,340 progress=97.4% api_total=75,333
2026-08-05 13:28:51,803 INFO src.pipeline.kaggle_collect_openalex_sri_lanka: Saved Sri Lankan-affiliated work number=73,341 progress=97.4% api_total=75,333
2026-08-05 13:28:51,803 INFO src.pipeline.kaggle_collect_openalex_sri_lanka: Saved Sri Lankan-affiliated work number=73,342 progress=97.4% api_total=75,333
2026-08-05 13:28:51,803 INFO src.pipeline.kaggle_collect_openalex_sri_lanka: Saved Sri Lankan-affiliated work number=73,343 progress=97.4% api_total=75,333
2026-08-05 13:28:51,803 INFO src.pipeline.kaggle_collect_openalex_sri_lanka: Saved Sri Lankan-affiliated work number=73,344 progress=97.4% api_total=75,333
2026-08-05 13:28:51,804 INFO src.pipeline.kaggle_collect_openalex_sri_lanka: Saved Sri Lankan-affiliated work number=73,345 progress=97.4% api_total=75,333
2026-08-05 13:28:51,804 INFO src.pipeline.kaggle_collect_openalex_sri_lanka: Saved Sri Lankan-affiliated work number=73,346 progress=97.4% api_total=75,333
2026-08-05 13:28:51,804 INFO src.pipeline.kaggle_collect_openalex_sri_lanka: Saved Sri Lankan-affiliated work number=73,347 progress=97.4% api_total=75,333
2026-08-05 13:28:51,804 INFO src.pipeline.kaggle_collect_openalex_sri_lanka: Saved Sri Lankan-affiliated work number=73,348 progress=97.4% api_total=75,333
2026-08-05 13:28:51,805 INFO src.pipeline.kaggle_collect_openalex_sri_lanka: Saved Sri Lankan-affiliated work number=73,349 progress=97.4% api_total=75,333
2026-08-05 13:28:51,805 INFO src.pipeline.kaggle_collect_openalex_sri_lanka: Saved Sri Lankan-affiliated work number=73,350 progress=97.4% api_total=75,333
2026-08-05 13:28:51,806 INFO src.pipeline.kaggle_collect_openalex_sri_lanka: Saved Sri Lankan-affiliated work number=73,351 progress=97.4% api_total=75,333
2026-08-05 13:28:51,806 INFO src.pipeline.kaggle_collect_openalex_sri_lanka: Saved Sri Lankan-affiliated work number=73,352 progress=97.4% api_total=75,333
2026-08-05 13:28:51,806 INFO src.pipeline.kaggle_collect_openalex_sri_lanka: Saved Sri Lankan-affiliated work number=73,353 progress=97.4% api_total=75,333
2026-08-05 13:28:51,806 INFO src.pipeline.kaggle_collect_openalex_sri_lanka: Saved Sri Lankan-affiliated work number=73,354 progress=97.4% api_total=75,333
2026-08-05 13:28:51,807 INFO src.pipeline.kaggle_collect_openalex_sri_lanka: Saved Sri Lankan-affiliated work number=73,355 progress=97.4% api_total=75,333
2026-08-05 13:28:51,807 INFO src.pipeline.kaggle_collect_openalex_sri_lanka: Saved Sri Lankan-affiliated work number=73,356 progress=97.4% api_total=75,333
2026-08-05 13:28:51,808 INFO src.pipeline.kaggle_collect_openalex_sri_lanka: Saved Sri Lankan-affiliated work number=73,357 progress=97.4% api_total=75,333
2026-08-05 13:28:51,808 INFO src.pipeline.kaggle_collect_openalex_sri_lanka: Saved Sri Lankan-affiliated work number=73,358 progress=97.4% api_total=75,333
2026-08-05 13:28:51,808 INFO src.pipeline.kaggle_collect_openalex_sri_lanka: Saved Sri Lankan-affiliated work number=73,359 progress=97.4% api_total=75,333
2026-08-05 13:28:51,808 INFO src.pipeline.kaggle_collect_openalex_sri_lanka: Saved Sri Lankan-affiliated work number=73,360 progress=97.4% api_total=75,333
2026-08-05 13:28:51,809 INFO src.pipeline.kaggle_collect_openalex_sri_lanka: Saved Sri Lankan-affiliated work number=73,361 progress=97.4% api_total=75,333
2026-08-05 13:28:51,809 INFO src.pipeline.kaggle_collect_openalex_sri_lanka: Saved Sri Lankan-affiliated work number=73,362 progress=97.4% api_total=75,333
2026-08-05 13:28:51,809 INFO src.pipeline.kaggle_collect_openalex_sri_lanka: Saved Sri Lankan-affiliated work number=73,363 progress=97.4% api_total=75,333
2026-08-05 13:28:51,810 INFO src.pipeline.kaggle_collect_openalex_sri_lanka: Saved Sri Lankan-affiliated work number=73,364 progress=97.4% api_total=75,333
2026-08-05 13:28:51,810 INFO src.pipeline.kaggle_collect_openalex_sri_lanka: Saved Sri Lankan-affiliated work number=73,365 progress=97.4% api_total=75,333
2026-08-05 13:28:51,810 INFO src.pipeline.kaggle_collect_openalex_sri_lanka: Saved Sri Lankan-affiliated work number=73,366 progress=97.4% api_total=75,333
2026-08-05 13:28:51,811 INFO src.pipeline.kaggle_collect_openalex_sri_lanka: Saved Sri Lankan-affiliated work number=73,367 progress=97.4% api_total=75,333
2026-08-05 13:28:51,811 INFO src.pipeline.kaggle_collect_openalex_sri_lanka: Saved Sri Lankan-affiliated work number=73,368 progress=97.4% api_total=75,333
2026-08-05 13:28:51,812 INFO src.pipeline.kaggle_collect_openalex_sri_lanka: Saved Sri Lankan-affiliated work number=73,369 progress=97.4% api_total=75,333
2026-08-05 13:28:51,812 INFO src.pipeline.kaggle_collect_openalex_sri_lanka: Saved Sri Lankan-affiliated work number=73,370 progress=97.4% api_total=75,333
2026-08-05 13:28:51,813 INFO src.pipeline.kaggle_collect_openalex_sri_lanka: Saved Sri Lankan-affiliated work number=73,371 progress=97.4% api_total=75,333
2026-08-05 13:28:51,814 INFO src.pipeline.kaggle_collect_openalex_sri_lanka: Saved Sri Lankan-affiliated work number=73,372 progress=97.4% api_total=75,333
2026-08-05 13:28:51,814 INFO src.pipeline.kaggle_collect_openalex_sri_lanka: Saved Sri Lankan-affiliated work number=73,373 progress=97.4% api_total=75,333
2026-08-05 13:28:51,815 INFO src.pipeline.kaggle_collect_openalex_sri_lanka: Saved Sri Lankan-affiliated work number=73,374 progress=97.4% api_total=75,333
2026-08-05 13:28:51,816 INFO src.pipeline.kaggle_collect_openalex_sri_lanka: Saved Sri Lankan-affiliated work number=73,375 progress=97.4% api_total=75,333
2026-08-05 13:28:51,816 INFO src.pipeline.kaggle_collect_openalex_sri_lanka: Saved Sri Lankan-affiliated work number=73,376 progress=97.4% api_total=75,333
2026-08-05 13:28:51,816 INFO src.pipeline.kaggle_collect_openalex_sri_lanka: Saved Sri Lankan-affiliated work number=73,377 progress=97.4% api_total=75,333
2026-08-05 13:28:51,817 INFO src.pipeline.kaggle_collect_openalex_sri_lanka: Saved Sri Lankan-affiliated work number=73,378 progress=97.4% api_total=75,333
2026-08-05 13:28:51,818 INFO src.pipeline.kaggle_collect_openalex_sri_lanka: Saved Sri Lankan-affiliated work number=73,379 progress=97.4% api_total=75,333
2026-08-05 13:28:51,818 INFO src.pipeline.kaggle_collect_openalex_sri_lanka: Saved Sri Lankan-affiliated work number=73,380 progress=97.4% api_total=75,333
2026-08-05 13:28:51,819 INFO src.pipeline.kaggle_collect_openalex_sri_lanka: Saved Sri Lankan-affiliated work number=73,381 progress=97.4% api_total=75,333
2026-08-05 13:28:51,819 INFO src.pipeline.kaggle_collect_openalex_sri_lanka: Saved Sri Lankan-affiliated work number=73,382 progress=97.4% api_total=75,333
2026-08-05 13:28:51,820 INFO src.pipeline.kaggle_collect_openalex_sri_lanka: Saved Sri Lankan-affiliated work number=73,383 progress=97.4% api_total=75,333
2026-08-05 13:28:51,820 INFO src.pipeline.kaggle_collect_openalex_sri_lanka: Saved Sri Lankan-affiliated work number=73,384 progress=97.4% api_total=75,333
2026-08-05 13:28:51,821 INFO src.pipeline.kaggle_collect_openalex_sri_lanka: Saved Sri Lankan-affiliated work number=73,385 progress=97.4% api_total=75,333
2026-08-05 13:28:51,822 INFO src.pipeline.kaggle_collect_openalex_sri_lanka: Saved Sri Lankan-affiliated work number=73,386 progress=97.4% api_total=75,333
2026-08-05 13:28:51,822 INFO src.pipeline.kaggle_collect_openalex_sri_lanka: Saved Sri Lankan-affiliated work number=73,387 progress=97.4% api_total=75,333
2026-08-05 13:28:51,823 INFO src.pipeline.kaggle_collect_openalex_sri_lanka: Saved Sri Lankan-affiliated work number=73,388 progress=97.4% api_total=75,333
2026-08-05 13:28:51,823 INFO src.pipeline.kaggle_collect_openalex_sri_lanka: Saved Sri Lankan-affiliated work number=73,389 progress=97.4% api_total=75,333
2026-08-05 13:28:51,824 INFO src.pipeline.kaggle_collect_openalex_sri_lanka: Saved Sri Lankan-affiliated work number=73,390 progress=97.4% api_total=75,333
2026-08-05 13:28:51,824 INFO src.pipeline.kaggle_collect_openalex_sri_lanka: Saved Sri Lankan-affiliated work number=73,391 progress=97.4% api_total=75,333
2026-08-05 13:28:51,825 INFO src.pipeline.kaggle_collect_openalex_sri_lanka: Saved Sri Lankan-affiliated work number=73,392 progress=97.4% api_total=75,333
2026-08-05 13:28:51,825 INFO src.pipeline.kaggle_collect_openalex_sri_lanka: Saved Sri Lankan-affiliated work number=73,393 progress=97.4% api_total=75,333
2026-08-05 13:28:51,826 INFO src.pipeline.kaggle_collect_openalex_sri_lanka: Saved Sri Lankan-affiliated work number=73,394 progress=97.4% api_total=75,333
2026-08-05 13:28:51,826 INFO src.pipeline.kaggle_collect_openalex_sri_lanka: Saved Sri Lankan-affiliated work number=73,395 progress=97.4% api_total=75,333
2026-08-05 13:28:51,827 INFO src.pipeline.kaggle_collect_openalex_sri_lanka: Saved Sri Lankan-affiliated work number=73,396 progress=97.4% api_total=75,333
2026-08-05 13:28:51,828 INFO src.pipeline.kaggle_collect_openalex_sri_lanka: Saved Sri Lankan-affiliated work number=73,397 progress=97.4% api_total=75,333
2026-08-05 13:28:51,828 INFO src.pipeline.kaggle_collect_openalex_sri_lanka: Saved Sri Lankan-affiliated work number=73,398 progress=97.4% api_total=75,333
2026-08-05 13:28:51,829 INFO src.pipeline.kaggle_collect_openalex_sri_lanka: Saved Sri Lankan-affiliated work number=73,399 progress=97.4% api_total=75,333
2026-08-05 13:28:51,829 INFO src.pipeline.kaggle_collect_openalex_sri_lanka: Saved Sri Lankan-affiliated work number=73,400 progress=97.4% api_total=75,333
2026-08-05 13:28:51,830 INFO src.pipeline.kaggle_collect_openalex_sri_lanka: Saved Sri Lankan-affiliated work number=73,401 progress=97.4% api_total=75,333
2026-08-05 13:28:51,830 INFO src.pipeline.kaggle_collect_openalex_sri_lanka: Saved Sri Lankan-affiliated work number=73,402 progress=97.4% api_total=75,333
2026-08-05 13:28:51,830 INFO src.pipeline.kaggle_collect_openalex_sri_lanka: Saved Sri Lankan-affiliated work number=73,403 progress=97.4% api_total=75,333
2026-08-05 13:28:51,831 INFO src.pipeline.kaggle_collect_openalex_sri_lanka: Saved Sri Lankan-affiliated work number=73,404 progress=97.4% api_total=75,333
2026-08-05 13:28:51,831 INFO src.pipeline.kaggle_collect_openalex_sri_lanka: Saved Sri Lankan-affiliated work number=73,405 progress=97.4% api_total=75,333
2026-08-05 13:28:51,832 INFO src.pipeline.kaggle_collect_openalex_sri_lanka: Saved Sri Lankan-affiliated work number=73,406 progress=97.4% api_total=75,333
2026-08-05 13:28:51,832 INFO src.pipeline.kaggle_collect_openalex_sri_lanka: Saved Sri Lankan-affiliated work number=73,407 progress=97.4% api_total=75,333
2026-08-05 13:28:51,832 INFO src.pipeline.kaggle_collect_openalex_sri_lanka: Saved Sri Lankan-affiliated work number=73,408 progress=97.4% api_total=75,333
2026-08-05 13:28:51,833 INFO src.pipeline.kaggle_collect_openalex_sri_lanka: Saved Sri Lankan-affiliated work number=73,409 progress=97.4% api_total=75,333
2026-08-05 13:28:51,833 INFO src.pipeline.kaggle_collect_openalex_sri_lanka: Saved Sri Lankan-affiliated work number=73,410 progress=97.4% api_total=75,333
2026-08-05 13:28:51,834 INFO src.pipeline.kaggle_collect_openalex_sri_lanka: Saved Sri Lankan-affiliated work number=73,411 progress=97.4% api_total=75,333
2026-08-05 13:28:51,834 INFO src.pipeline.kaggle_collect_openalex_sri_lanka: Saved Sri Lankan-affiliated work number=73,412 progress=97.4% api_total=75,333
2026-08-05 13:28:51,835 INFO src.pipeline.kaggle_collect_openalex_sri_lanka: Saved Sri Lankan-affiliated work number=73,413 progress=97.5% api_total=75,333
2026-08-05 13:28:51,835 INFO src.pipeline.kaggle_collect_openalex_sri_lanka: Saved Sri Lankan-affiliated work number=73,414 progress=97.5% api_total=75,333
2026-08-05 13:28:51,836 INFO src.pipeline.kaggle_collect_openalex_sri_lanka: Saved Sri Lankan-affiliated work number=73,415 progress=97.5% api_total=75,333
2026-08-05 13:28:51,837 INFO src.pipeline.kaggle_collect_openalex_sri_lanka: Saved Sri Lankan-affiliated work number=73,416 progress=97.5% api_total=75,333
2026-08-05 13:28:51,837 INFO src.pipeline.kaggle_collect_openalex_sri_lanka: Saved Sri Lankan-affiliated work number=73,417 progress=97.5% api_total=75,333
2026-08-05 13:28:51,838 INFO src.pipeline.kaggle_collect_openalex_sri_lanka: Saved Sri Lankan-affiliated work number=73,418 progress=97.5% api_total=75,333
2026-08-05 13:28:51,839 INFO src.pipeline.kaggle_collect_openalex_sri_lanka: Saved Sri Lankan-affiliated work number=73,419 progress=97.5% api_total=75,333
2026-08-05 13:28:51,840 INFO src.pipeline.kaggle_collect_openalex_sri_lanka: Saved Sri Lankan-affiliated work number=73,420 progress=97.5% api_total=75,333
2026-08-05 13:28:51,840 INFO src.pipeline.kaggle_collect_openalex_sri_lanka: Saved Sri Lankan-affiliated work number=73,421 progress=97.5% api_total=75,333
2026-08-05 13:28:51,841 INFO src.pipeline.kaggle_collect_openalex_sri_lanka: Saved Sri Lankan-affiliated work number=73,422 progress=97.5% api_total=75,333
2026-08-05 13:28:51,842 INFO src.pipeline.kaggle_collect_openalex_sri_lanka: Saved Sri Lankan-affiliated work number=73,423 progress=97.5% api_total=75,333
2026-08-05 13:28:51,842 INFO src.pipeline.kaggle_collect_openalex_sri_lanka: Saved Sri Lankan-affiliated work number=73,424 progress=97.5% api_total=75,333
2026-08-05 13:28:51,843 INFO src.pipeline.kaggle_collect_openalex_sri_lanka: Saved Sri Lankan-affiliated work number=73,425 progress=97.5% api_total=75,333
2026-08-05 13:28:51,843 INFO src.pipeline.kaggle_collect_openalex_sri_lanka: Saved Sri Lankan-affiliated work number=73,426 progress=97.5% api_total=75,333
2026-08-05 13:28:51,844 INFO src.pipeline.kaggle_collect_openalex_sri_lanka: Saved Sri Lankan-affiliated work number=73,427 progress=97.5% api_total=75,333
2026-08-05 13:28:51,844 INFO src.pipeline.kaggle_collect_openalex_sri_lanka: Saved Sri Lankan-affiliated work number=73,428 progress=97.5% api_total=75,333
2026-08-05 13:28:51,845 INFO src.pipeline.kaggle_collect_openalex_sri_lanka: Saved Sri Lankan-affiliated work number=73,429 progress=97.5% api_total=75,333
2026-08-05 13:28:51,845 INFO src.pipeline.kaggle_collect_openalex_sri_lanka: Saved Sri Lankan-affiliated work number=73,430 progress=97.5% api_total=75,333
2026-08-05 13:28:51,846 INFO src.pipeline.kaggle_collect_openalex_sri_lanka: Saved Sri Lankan-affiliated work number=73,431 progress=97.5% api_total=75,333
2026-08-05 13:28:51,846 INFO src.pipeline.kaggle_collect_openalex_sri_lanka: Saved Sri Lankan-affiliated work number=73,432 progress=97.5% api_total=75,333
2026-08-05 13:28:51,847 INFO src.pipeline.kaggle_collect_openalex_sri_lanka: Saved Sri Lankan-affiliated work number=73,433 progress=97.5% api_total=75,333
2026-08-05 13:28:51,847 INFO src.pipeline.kaggle_collect_openalex_sri_lanka: Saved Sri Lankan-affiliated work number=73,434 progress=97.5% api_total=75,333
2026-08-05 13:28:51,848 INFO src.pipeline.kaggle_collect_openalex_sri_lanka: Saved Sri Lankan-affiliated work number=73,435 progress=97.5% api_total=75,333
2026-08-05 13:28:51,849 INFO src.pipeline.kaggle_collect_openalex_sri_lanka: Saved Sri Lankan-affiliated work number=73,436 progress=97.5% api_total=75,333
2026-08-05 13:28:51,850 INFO src.pipeline.kaggle_collect_openalex_sri_lanka: Saved Sri Lankan-affiliated work number=73,437 progress=97.5% api_total=75,333
2026-08-05 13:28:51,851 INFO src.pipeline.kaggle_collect_openalex_sri_lanka: Saved Sri Lankan-affiliated work number=73,438 progress=97.5% api_total=75,333
2026-08-05 13:28:51,851 INFO src.pipeline.kaggle_collect_openalex_sri_lanka: Saved Sri Lankan-affiliated work number=73,439 progress=97.5% api_total=75,333
2026-08-05 13:28:51,853 INFO src.pipeline.kaggle_collect_openalex_sri_lanka: Saved Sri Lankan-affiliated work number=73,440 progress=97.5% api_total=75,333
2026-08-05 13:28:51,853 INFO src.pipeline.kaggle_collect_openalex_sri_lanka: Saved Sri Lankan-affiliated work number=73,441 progress=97.5% api_total=75,333
2026-08-05 13:28:51,854 INFO src.pipeline.kaggle_collect_openalex_sri_lanka: Saved Sri Lankan-affiliated work number=73,442 progress=97.5% api_total=75,333
2026-08-05 13:28:51,855 INFO src.pipeline.kaggle_collect_openalex_sri_lanka: Saved Sri Lankan-affiliated work number=73,443 progress=97.5% api_total=75,333
2026-08-05 13:28:51,855 INFO src.pipeline.kaggle_collect_openalex_sri_lanka: Saved Sri Lankan-affiliated work number=73,444 progress=97.5% api_total=75,333
2026-08-05 13:28:51,856 INFO src.pipeline.kaggle_collect_openalex_sri_lanka: Saved Sri Lankan-affiliated work number=73,445 progress=97.5% api_total=75,333
2026-08-05 13:28:51,856 INFO src.pipeline.kaggle_collect_openalex_sri_lanka: Saved Sri Lankan-affiliated work number=73,446 progress=97.5% api_total=75,333
2026-08-05 13:28:59,576 INFO src.collectors.openalex_collector: Fetched OpenAlex page page=17/377 progress=4.5% fetched=200 kept=199 skipped=1 next_cursor=yes
2026-08-05 13:28:59,586 INFO src.pipeline.kaggle_collect_openalex_sri_lanka: Saved Sri Lankan-affiliated work number=73,447 progress=97.5% api_total=75,333
2026-08-05 13:28:59,587 INFO src.pipeline.kaggle_collect_openalex_sri_lanka: Saved Sri Lankan-affiliated work number=73,448 progress=97.5% api_total=75,333
2026-08-05 13:28:59,588 INFO src.pipeline.kaggle_collect_openalex_sri_lanka: Saved Sri Lankan-affiliated work number=73,449 progress=97.5% api_total=75,333
2026-08-05 13:28:59,589 INFO src.pipeline.kaggle_collect_openalex_sri_lanka: Saved Sri Lankan-affiliated work number=73,450 progress=97.5% api_total=75,333
2026-08-05 13:28:59,590 INFO src.pipeline.kaggle_collect_openalex_sri_lanka: Saved Sri Lankan-affiliated work number=73,451 progress=97.5% api_total=75,333
2026-08-05 13:28:59,591 INFO src.pipeline.kaggle_collect_openalex_sri_lanka: Saved Sri Lankan-affiliated work number=73,452 progress=97.5% api_total=75,333
2026-08-05 13:28:59,592 INFO src.pipeline.kaggle_collect_openalex_sri_lanka: Saved Sri Lankan-affiliated work number=73,453 progress=97.5% api_total=75,333
2026-08-05 13:28:59,593 INFO src.pipeline.kaggle_collect_openalex_sri_lanka: Saved Sri Lankan-affiliated work number=73,454 progress=97.5% api_total=75,333
2026-08-05 13:28:59,594 INFO src.pipeline.kaggle_collect_openalex_sri_lanka: Saved Sri Lankan-affiliated work number=73,455 progress=97.5% api_total=75,333
2026-08-05 13:28:59,595 INFO src.pipeline.kaggle_collect_openalex_sri_lanka: Saved Sri Lankan-affiliated work number=73,456 progress=97.5% api_total=75,333
2026-08-05 13:28:59,596 INFO src.pipeline.kaggle_collect_openalex_sri_lanka: Saved Sri Lankan-affiliated work number=73,457 progress=97.5% api_total=75,333
2026-08-05 13:28:59,597 INFO src.pipeline.kaggle_collect_openalex_sri_lanka: Saved Sri Lankan-affiliated work number=73,458 progress=97.5% api_total=75,333
2026-08-05 13:28:59,597 INFO src.pipeline.kaggle_collect_openalex_sri_lanka: Saved Sri Lankan-affiliated work number=73,459 progress=97.5% api_total=75,333
2026-08-05 13:28:59,598 INFO src.pipeline.kaggle_collect_openalex_sri_lanka: Saved Sri Lankan-affiliated work number=73,460 progress=97.5% api_total=75,333
2026-08-05 13:28:59,599 INFO src.pipeline.kaggle_collect_openalex_sri_lanka: Saved Sri Lankan-affiliated work number=73,461 progress=97.5% api_total=75,333
2026-08-05 13:28:59,600 INFO src.pipeline.kaggle_collect_openalex_sri_lanka: Saved Sri Lankan-affiliated work number=73,462 progress=97.5% api_total=75,333
2026-08-05 13:28:59,601 INFO src.pipeline.kaggle_collect_openalex_sri_lanka: Saved Sri Lankan-affiliated work number=73,463 progress=97.5% api_total=75,333
2026-08-05 13:28:59,602 INFO src.pipeline.kaggle_collect_openalex_sri_lanka: Saved Sri Lankan-affiliated work number=73,464 progress=97.5% api_total=75,333
2026-08-05 13:28:59,603 INFO src.pipeline.kaggle_collect_openalex_sri_lanka: Saved Sri Lankan-affiliated work number=73,465 progress=97.5% api_total=75,333
2026-08-05 13:28:59,604 INFO src.pipeline.kaggle_collect_openalex_sri_lanka: Saved Sri Lankan-affiliated work number=73,466 progress=97.5% api_total=75,333
2026-08-05 13:28:59,605 INFO src.pipeline.kaggle_collect_openalex_sri_lanka: Saved Sri Lankan-affiliated work number=73,467 progress=97.5% api_total=75,333
2026-08-05 13:28:59,606 INFO src.pipeline.kaggle_collect_openalex_sri_lanka: Saved Sri Lankan-affiliated work number=73,468 progress=97.5% api_total=75,333
2026-08-05 13:28:59,607 INFO src.pipeline.kaggle_collect_openalex_sri_lanka: Saved Sri Lankan-affiliated work number=73,469 progress=97.5% api_total=75,333
2026-08-05 13:28:59,608 INFO src.pipeline.kaggle_collect_openalex_sri_lanka: Saved Sri Lankan-affiliated work number=73,470 progress=97.5% api_total=75,333
2026-08-05 13:28:59,609 INFO src.pipeline.kaggle_collect_openalex_sri_lanka: Saved Sri Lankan-affiliated work number=73,471 progress=97.5% api_total=75,333
2026-08-05 13:28:59,610 INFO src.pipeline.kaggle_collect_openalex_sri_lanka: Saved Sri Lankan-affiliated work number=73,472 progress=97.5% api_total=75,333
2026-08-05 13:28:59,612 INFO src.pipeline.kaggle_collect_openalex_sri_lanka: Saved Sri Lankan-affiliated work number=73,473 progress=97.5% api_total=75,333
2026-08-05 13:28:59,613 INFO src.pipeline.kaggle_collect_openalex_sri_lanka: Saved Sri Lankan-affiliated work number=73,474 progress=97.5% api_total=75,333
2026-08-05 13:28:59,613 INFO src.pipeline.kaggle_collect_openalex_sri_lanka: Saved Sri Lankan-affiliated work number=73,475 progress=97.5% api_total=75,333
2026-08-05 13:28:59,614 INFO src.pipeline.kaggle_collect_openalex_sri_lanka: Saved Sri Lankan-affiliated work number=73,476 progress=97.5% api_total=75,333
2026-08-05 13:28:59,614 INFO src.pipeline.kaggle_collect_openalex_sri_lanka: Saved Sri Lankan-affiliated work number=73,477 progress=97.5% api_total=75,333
2026-08-05 13:28:59,615 INFO src.pipeline.kaggle_collect_openalex_sri_lanka: Saved Sri Lankan-affiliated work number=73,478 progress=97.5% api_total=75,333
2026-08-05 13:28:59,615 INFO src.pipeline.kaggle_collect_openalex_sri_lanka: Saved Sri Lankan-affiliated work number=73,479 progress=97.5% api_total=75,333
2026-08-05 13:28:59,616 INFO src.pipeline.kaggle_collect_openalex_sri_lanka: Saved Sri Lankan-affiliated work number=73,480 progress=97.5% api_total=75,333
2026-08-05 13:28:59,617 INFO src.pipeline.kaggle_collect_openalex_sri_lanka: Saved Sri Lankan-affiliated work number=73,481 progress=97.5% api_total=75,333
2026-08-05 13:28:59,617 INFO src.pipeline.kaggle_collect_openalex_sri_lanka: Saved Sri Lankan-affiliated work number=73,482 progress=97.5% api_total=75,333
2026-08-05 13:28:59,618 INFO src.pipeline.kaggle_collect_openalex_sri_lanka: Saved Sri Lankan-affiliated work number=73,483 progress=97.5% api_total=75,333
2026-08-05 13:28:59,618 INFO src.pipeline.kaggle_collect_openalex_sri_lanka: Saved Sri Lankan-affiliated work number=73,484 progress=97.5% api_total=75,333
2026-08-05 13:28:59,619 INFO src.pipeline.kaggle_collect_openalex_sri_lanka: Saved Sri Lankan-affiliated work number=73,485 progress=97.5% api_total=75,333
2026-08-05 13:28:59,619 INFO src.pipeline.kaggle_collect_openalex_sri_lanka: Saved Sri Lankan-affiliated work number=73,486 progress=97.5% api_total=75,333
2026-08-05 13:28:59,619 INFO src.pipeline.kaggle_collect_openalex_sri_lanka: Saved Sri Lankan-affiliated work number=73,487 progress=97.5% api_total=75,333
2026-08-05 13:28:59,620 INFO src.pipeline.kaggle_collect_openalex_sri_lanka: Saved Sri Lankan-affiliated work number=73,488 progress=97.6% api_total=75,333
2026-08-05 13:28:59,620 INFO src.pipeline.kaggle_collect_openalex_sri_lanka: Saved Sri Lankan-affiliated work number=73,489 progress=97.6% api_total=75,333
2026-08-05 13:28:59,620 INFO src.pipeline.kaggle_collect_openalex_sri_lanka: Saved Sri Lankan-affiliated work number=73,490 progress=97.6% api_total=75,333
2026-08-05 13:28:59,621 INFO src.pipeline.kaggle_collect_openalex_sri_lanka: Saved Sri Lankan-affiliated work number=73,491 progress=97.6% api_total=75,333
2026-08-05 13:28:59,621 INFO src.pipeline.kaggle_collect_openalex_sri_lanka: Saved Sri Lankan-affiliated work number=73,492 progress=97.6% api_total=75,333
2026-08-05 13:28:59,622 INFO src.pipeline.kaggle_collect_openalex_sri_lanka: Saved Sri Lankan-affiliated work number=73,493 progress=97.6% api_total=75,333
2026-08-05 13:28:59,622 INFO src.pipeline.kaggle_collect_openalex_sri_lanka: Saved Sri Lankan-affiliated work number=73,494 progress=97.6% api_total=75,333
2026-08-05 13:28:59,622 INFO src.pipeline.kaggle_collect_openalex_sri_lanka: Saved Sri Lankan-affiliated work number=73,495 progress=97.6% api_total=75,333
2026-08-05 13:28:59,623 INFO src.pipeline.kaggle_collect_openalex_sri_lanka: Saved Sri Lankan-affiliated work number=73,496 progress=97.6% api_total=75,333
2026-08-05 13:28:59,624 INFO src.pipeline.kaggle_collect_openalex_sri_lanka: Saved Sri Lankan-affiliated work number=73,497 progress=97.6% api_total=75,333
2026-08-05 13:28:59,624 INFO src.pipeline.kaggle_collect_openalex_sri_lanka: Saved Sri Lankan-affiliated work number=73,498 progress=97.6% api_total=75,333
2026-08-05 13:28:59,625 INFO src.pipeline.kaggle_collect_openalex_sri_lanka: Saved Sri Lankan-affiliated work number=73,499 progress=97.6% api_total=75,333
2026-08-05 13:28:59,625 INFO src.pipeline.kaggle_collect_openalex_sri_lanka: Saved Sri Lankan-affiliated work number=73,500 progress=97.6% api_total=75,333
2026-08-05 13:28:59,625 INFO src.pipeline.kaggle_collect_openalex_sri_lanka: Saved Sri Lankan-affiliated work number=73,501 progress=97.6% api_total=75,333
2026-08-05 13:28:59,626 INFO src.pipeline.kaggle_collect_openalex_sri_lanka: Saved Sri Lankan-affiliated work number=73,502 progress=97.6% api_total=75,333
2026-08-05 13:28:59,626 INFO src.pipeline.kaggle_collect_openalex_sri_lanka: Saved Sri Lankan-affiliated work number=73,503 progress=97.6% api_total=75,333
2026-08-05 13:28:59,626 INFO src.pipeline.kaggle_collect_openalex_sri_lanka: Saved Sri Lankan-affiliated work number=73,504 progress=97.6% api_total=75,333
2026-08-05 13:28:59,627 INFO src.pipeline.kaggle_collect_openalex_sri_lanka: Saved Sri Lankan-affiliated work number=73,505 progress=97.6% api_total=75,333
2026-08-05 13:28:59,627 INFO src.pipeline.kaggle_collect_openalex_sri_lanka: Saved Sri Lankan-affiliated work number=73,506 progress=97.6% api_total=75,333
2026-08-05 13:28:59,628 INFO src.pipeline.kaggle_collect_openalex_sri_lanka: Saved Sri Lankan-affiliated work number=73,507 progress=97.6% api_total=75,333
2026-08-05 13:28:59,628 INFO src.pipeline.kaggle_collect_openalex_sri_lanka: Saved Sri Lankan-affiliated work number=73,508 progress=97.6% api_total=75,333
2026-08-05 13:28:59,628 INFO src.pipeline.kaggle_collect_openalex_sri_lanka: Saved Sri Lankan-affiliated work number=73,509 progress=97.6% api_total=75,333
2026-08-05 13:28:59,629 INFO src.pipeline.kaggle_collect_openalex_sri_lanka: Saved Sri Lankan-affiliated work number=73,510 progress=97.6% api_total=75,333
2026-08-05 13:28:59,629 INFO src.pipeline.kaggle_collect_openalex_sri_lanka: Saved Sri Lankan-affiliated work number=73,511 progress=97.6% api_total=75,333
2026-08-05 13:28:59,630 INFO src.pipeline.kaggle_collect_openalex_sri_lanka: Saved Sri Lankan-affiliated work number=73,512 progress=97.6% api_total=75,333
2026-08-05 13:28:59,630 INFO src.pipeline.kaggle_collect_openalex_sri_lanka: Saved Sri Lankan-affiliated work number=73,513 progress=97.6% api_total=75,333
2026-08-05 13:28:59,630 INFO src.pipeline.kaggle_collect_openalex_sri_lanka: Saved Sri Lankan-affiliated work number=73,514 progress=97.6% api_total=75,333
2026-08-05 13:28:59,631 INFO src.pipeline.kaggle_collect_openalex_sri_lanka: Saved Sri Lankan-affiliated work number=73,515 progress=97.6% api_total=75,333
2026-08-05 13:28:59,631 INFO src.pipeline.kaggle_collect_openalex_sri_lanka: Saved Sri Lankan-affiliated work number=73,516 progress=97.6% api_total=75,333
2026-08-05 13:28:59,631 INFO src.pipeline.kaggle_collect_openalex_sri_lanka: Saved Sri Lankan-affiliated work number=73,517 progress=97.6% api_total=75,333
2026-08-05 13:28:59,632 INFO src.pipeline.kaggle_collect_openalex_sri_lanka: Saved Sri Lankan-affiliated work number=73,518 progress=97.6% api_total=75,333
2026-08-05 13:28:59,632 INFO src.pipeline.kaggle_collect_openalex_sri_lanka: Saved Sri Lankan-affiliated work number=73,519 progress=97.6% api_total=75,333
2026-08-05 13:28:59,632 INFO src.pipeline.kaggle_collect_openalex_sri_lanka: Saved Sri Lankan-affiliated work number=73,520 progress=97.6% api_total=75,333
2026-08-05 13:28:59,633 INFO src.pipeline.kaggle_collect_openalex_sri_lanka: Saved Sri Lankan-affiliated work number=73,521 progress=97.6% api_total=75,333
2026-08-05 13:28:59,633 INFO src.pipeline.kaggle_collect_openalex_sri_lanka: Saved Sri Lankan-affiliated work number=73,522 progress=97.6% api_total=75,333
2026-08-05 13:28:59,634 INFO src.pipeline.kaggle_collect_openalex_sri_lanka: Saved Sri Lankan-affiliated work number=73,523 progress=97.6% api_total=75,333
2026-08-05 13:28:59,634 INFO src.pipeline.kaggle_collect_openalex_sri_lanka: Saved Sri Lankan-affiliated work number=73,524 progress=97.6% api_total=75,333
2026-08-05 13:28:59,635 INFO src.pipeline.kaggle_collect_openalex_sri_lanka: Saved Sri Lankan-affiliated work number=73,525 progress=97.6% api_total=75,333
2026-08-05 13:28:59,635 INFO src.pipeline.kaggle_collect_openalex_sri_lanka: Saved Sri Lankan-affiliated work number=73,526 progress=97.6% api_total=75,333
2026-08-05 13:28:59,636 INFO src.pipeline.kaggle_collect_openalex_sri_lanka: Saved Sri Lankan-affiliated work number=73,527 progress=97.6% api_total=75,333
2026-08-05 13:28:59,636 INFO src.pipeline.kaggle_collect_openalex_sri_lanka: Saved Sri Lankan-affiliated work number=73,528 progress=97.6% api_total=75,333
2026-08-05 13:28:59,637 INFO src.pipeline.kaggle_collect_openalex_sri_lanka: Saved Sri Lankan-affiliated work number=73,529 progress=97.6% api_total=75,333
2026-08-05 13:28:59,637 INFO src.pipeline.kaggle_collect_openalex_sri_lanka: Saved Sri Lankan-affiliated work number=73,530 progress=97.6% api_total=75,333
2026-08-05 13:28:59,638 INFO src.pipeline.kaggle_collect_openalex_sri_lanka: Saved Sri Lankan-affiliated work number=73,531 progress=97.6% api_total=75,333
2026-08-05 13:28:59,638 INFO src.pipeline.kaggle_collect_openalex_sri_lanka: Saved Sri Lankan-affiliated work number=73,532 progress=97.6% api_total=75,333
2026-08-05 13:28:59,639 INFO src.pipeline.kaggle_collect_openalex_sri_lanka: Saved Sri Lankan-affiliated work number=73,533 progress=97.6% api_total=75,333
2026-08-05 13:28:59,639 INFO src.pipeline.kaggle_collect_openalex_sri_lanka: Saved Sri Lankan-affiliated work number=73,534 progress=97.6% api_total=75,333
2026-08-05 13:28:59,640 INFO src.pipeline.kaggle_collect_openalex_sri_lanka: Saved Sri Lankan-affiliated work number=73,535 progress=97.6% api_total=75,333
2026-08-05 13:28:59,640 INFO src.pipeline.kaggle_collect_openalex_sri_lanka: Saved Sri Lankan-affiliated work number=73,536 progress=97.6% api_total=75,333
2026-08-05 13:28:59,641 INFO src.pipeline.kaggle_collect_openalex_sri_lanka: Saved Sri Lankan-affiliated work number=73,537 progress=97.6% api_total=75,333
2026-08-05 13:28:59,641 INFO src.pipeline.kaggle_collect_openalex_sri_lanka: Saved Sri Lankan-affiliated work number=73,538 progress=97.6% api_total=75,333
2026-08-05 13:28:59,642 INFO src.pipeline.kaggle_collect_openalex_sri_lanka: Saved Sri Lankan-affiliated work number=73,539 progress=97.6% api_total=75,333
2026-08-05 13:28:59,642 INFO src.pipeline.kaggle_collect_openalex_sri_lanka: Saved Sri Lankan-affiliated work number=73,540 progress=97.6% api_total=75,333
2026-08-05 13:28:59,642 INFO src.pipeline.kaggle_collect_openalex_sri_lanka: Saved Sri Lankan-affiliated work number=73,541 progress=97.6% api_total=75,333
2026-08-05 13:28:59,643 INFO src.pipeline.kaggle_collect_openalex_sri_lanka: Saved Sri Lankan-affiliated work number=73,542 progress=97.6% api_total=75,333
2026-08-05 13:28:59,643 INFO src.pipeline.kaggle_collect_openalex_sri_lanka: Saved Sri Lankan-affiliated work number=73,543 progress=97.6% api_total=75,333
2026-08-05 13:28:59,643 INFO src.pipeline.kaggle_collect_openalex_sri_lanka: Saved Sri Lankan-affiliated work number=73,544 progress=97.6% api_total=75,333
2026-08-05 13:28:59,644 INFO src.pipeline.kaggle_collect_openalex_sri_lanka: Saved Sri Lankan-affiliated work number=73,545 progress=97.6% api_total=75,333
2026-08-05 13:28:59,644 INFO src.pipeline.kaggle_collect_openalex_sri_lanka: Saved Sri Lankan-affiliated work number=73,546 progress=97.6% api_total=75,333
2026-08-05 13:28:59,644 INFO src.pipeline.kaggle_collect_openalex_sri_lanka: Saved Sri Lankan-affiliated work number=73,547 progress=97.6% api_total=75,333
2026-08-05 13:28:59,644 INFO src.pipeline.kaggle_collect_openalex_sri_lanka: Saved Sri Lankan-affiliated work number=73,548 progress=97.6% api_total=75,333
2026-08-05 13:28:59,645 INFO src.pipeline.kaggle_collect_openalex_sri_lanka: Saved Sri Lankan-affiliated work number=73,549 progress=97.6% api_total=75,333
2026-08-05 13:28:59,645 INFO src.pipeline.kaggle_collect_openalex_sri_lanka: Saved Sri Lankan-affiliated work number=73,550 progress=97.6% api_total=75,333
2026-08-05 13:28:59,645 INFO src.pipeline.kaggle_collect_openalex_sri_lanka: Saved Sri Lankan-affiliated work number=73,551 progress=97.6% api_total=75,333
2026-08-05 13:28:59,646 INFO src.pipeline.kaggle_collect_openalex_sri_lanka: Saved Sri Lankan-affiliated work number=73,552 progress=97.6% api_total=75,333
2026-08-05 13:28:59,646 INFO src.pipeline.kaggle_collect_openalex_sri_lanka: Saved Sri Lankan-affiliated work number=73,553 progress=97.6% api_total=75,333
2026-08-05 13:28:59,646 INFO src.pipeline.kaggle_collect_openalex_sri_lanka: Saved Sri Lankan-affiliated work number=73,554 progress=97.6% api_total=75,333
2026-08-05 13:28:59,646 INFO src.pipeline.kaggle_collect_openalex_sri_lanka: Saved Sri Lankan-affiliated work number=73,555 progress=97.6% api_total=75,333
2026-08-05 13:28:59,647 INFO src.pipeline.kaggle_collect_openalex_sri_lanka: Saved Sri Lankan-affiliated work number=73,556 progress=97.6% api_total=75,333
2026-08-05 13:28:59,647 INFO src.pipeline.kaggle_collect_openalex_sri_lanka: Saved Sri Lankan-affiliated work number=73,557 progress=97.6% api_total=75,333
2026-08-05 13:28:59,648 INFO src.pipeline.kaggle_collect_openalex_sri_lanka: Saved Sri Lankan-affiliated work number=73,558 progress=97.6% api_total=75,333
2026-08-05 13:28:59,648 INFO src.pipeline.kaggle_collect_openalex_sri_lanka: Saved Sri Lankan-affiliated work number=73,559 progress=97.6% api_total=75,333
2026-08-05 13:28:59,648 INFO src.pipeline.kaggle_collect_openalex_sri_lanka: Saved Sri Lankan-affiliated work number=73,560 progress=97.6% api_total=75,333
2026-08-05 13:28:59,649 INFO src.pipeline.kaggle_collect_openalex_sri_lanka: Saved Sri Lankan-affiliated work number=73,561 progress=97.6% api_total=75,333
2026-08-05 13:28:59,649 INFO src.pipeline.kaggle_collect_openalex_sri_lanka: Saved Sri Lankan-affiliated work number=73,562 progress=97.6% api_total=75,333
2026-08-05 13:28:59,649 INFO src.pipeline.kaggle_collect_openalex_sri_lanka: Saved Sri Lankan-affiliated work number=73,563 progress=97.7% api_total=75,333
2026-08-05 13:28:59,650 INFO src.pipeline.kaggle_collect_openalex_sri_lanka: Saved Sri Lankan-affiliated work number=73,564 progress=97.7% api_total=75,333
2026-08-05 13:28:59,650 INFO src.pipeline.kaggle_collect_openalex_sri_lanka: Saved Sri Lankan-affiliated work number=73,565 progress=97.7% api_total=75,333
2026-08-05 13:28:59,651 INFO src.pipeline.kaggle_collect_openalex_sri_lanka: Saved Sri Lankan-affiliated work number=73,566 progress=97.7% api_total=75,333
2026-08-05 13:28:59,652 INFO src.pipeline.kaggle_collect_openalex_sri_lanka: Saved Sri Lankan-affiliated work number=73,567 progress=97.7% api_total=75,333
2026-08-05 13:28:59,652 INFO src.pipeline.kaggle_collect_openalex_sri_lanka: Saved Sri Lankan-affiliated work number=73,568 progress=97.7% api_total=75,333
2026-08-05 13:28:59,653 INFO src.pipeline.kaggle_collect_openalex_sri_lanka: Saved Sri Lankan-affiliated work number=73,569 progress=97.7% api_total=75,333
2026-08-05 13:28:59,653 INFO src.pipeline.kaggle_collect_openalex_sri_lanka: Saved Sri Lankan-affiliated work number=73,570 progress=97.7% api_total=75,333
2026-08-05 13:28:59,653 INFO src.pipeline.kaggle_collect_openalex_sri_lanka: Saved Sri Lankan-affiliated work number=73,571 progress=97.7% api_total=75,333
2026-08-05 13:28:59,654 INFO src.pipeline.kaggle_collect_openalex_sri_lanka: Saved Sri Lankan-affiliated work number=73,572 progress=97.7% api_total=75,333
2026-08-05 13:28:59,654 INFO src.pipeline.kaggle_collect_openalex_sri_lanka: Saved Sri Lankan-affiliated work number=73,573 progress=97.7% api_total=75,333
2026-08-05 13:28:59,654 INFO src.pipeline.kaggle_collect_openalex_sri_lanka: Saved Sri Lankan-affiliated work number=73,574 progress=97.7% api_total=75,333
2026-08-05 13:28:59,655 INFO src.pipeline.kaggle_collect_openalex_sri_lanka: Saved Sri Lankan-affiliated work number=73,575 progress=97.7% api_total=75,333
2026-08-05 13:28:59,655 INFO src.pipeline.kaggle_collect_openalex_sri_lanka: Saved Sri Lankan-affiliated work number=73,576 progress=97.7% api_total=75,333
2026-08-05 13:28:59,655 INFO src.pipeline.kaggle_collect_openalex_sri_lanka: Saved Sri Lankan-affiliated work number=73,577 progress=97.7% api_total=75,333
2026-08-05 13:28:59,656 INFO src.pipeline.kaggle_collect_openalex_sri_lanka: Saved Sri Lankan-affiliated work number=73,578 progress=97.7% api_total=75,333
2026-08-05 13:28:59,657 INFO src.pipeline.kaggle_collect_openalex_sri_lanka: Saved Sri Lankan-affiliated work number=73,579 progress=97.7% api_total=75,333
2026-08-05 13:28:59,657 INFO src.pipeline.kaggle_collect_openalex_sri_lanka: Saved Sri Lankan-affiliated work number=73,580 progress=97.7% api_total=75,333
2026-08-05 13:28:59,658 INFO src.pipeline.kaggle_collect_openalex_sri_lanka: Saved Sri Lankan-affiliated work number=73,581 progress=97.7% api_total=75,333
2026-08-05 13:28:59,658 INFO src.pipeline.kaggle_collect_openalex_sri_lanka: Saved Sri Lankan-affiliated work number=73,582 progress=97.7% api_total=75,333
2026-08-05 13:28:59,658 INFO src.pipeline.kaggle_collect_openalex_sri_lanka: Saved Sri Lankan-affiliated work number=73,583 progress=97.7% api_total=75,333
2026-08-05 13:28:59,659 INFO src.pipeline.kaggle_collect_openalex_sri_lanka: Saved Sri Lankan-affiliated work number=73,584 progress=97.7% api_total=75,333
2026-08-05 13:28:59,659 INFO src.pipeline.kaggle_collect_openalex_sri_lanka: Saved Sri Lankan-affiliated work number=73,585 progress=97.7% api_total=75,333
2026-08-05 13:28:59,660 INFO src.pipeline.kaggle_collect_openalex_sri_lanka: Saved Sri Lankan-affiliated work number=73,586 progress=97.7% api_total=75,333
2026-08-05 13:28:59,660 INFO src.pipeline.kaggle_collect_openalex_sri_lanka: Saved Sri Lankan-affiliated work number=73,587 progress=97.7% api_total=75,333
2026-08-05 13:28:59,660 INFO src.pipeline.kaggle_collect_openalex_sri_lanka: Saved Sri Lankan-affiliated work number=73,588 progress=97.7% api_total=75,333
2026-08-05 13:28:59,661 INFO src.pipeline.kaggle_collect_openalex_sri_lanka: Saved Sri Lankan-affiliated work number=73,589 progress=97.7% api_total=75,333
2026-08-05 13:28:59,661 INFO src.pipeline.kaggle_collect_openalex_sri_lanka: Saved Sri Lankan-affiliated work number=73,590 progress=97.7% api_total=75,333
2026-08-05 13:28:59,662 INFO src.pipeline.kaggle_collect_openalex_sri_lanka: Saved Sri Lankan-affiliated work number=73,591 progress=97.7% api_total=75,333
2026-08-05 13:28:59,662 INFO src.pipeline.kaggle_collect_openalex_sri_lanka: Saved Sri Lankan-affiliated work number=73,592 progress=97.7% api_total=75,333
2026-08-05 13:28:59,662 INFO src.pipeline.kaggle_collect_openalex_sri_lanka: Saved Sri Lankan-affiliated work number=73,593 progress=97.7% api_total=75,333
2026-08-05 13:28:59,663 INFO src.pipeline.kaggle_collect_openalex_sri_lanka: Saved Sri Lankan-affiliated work number=73,594 progress=97.7% api_total=75,333
2026-08-05 13:28:59,663 INFO src.pipeline.kaggle_collect_openalex_sri_lanka: Saved Sri Lankan-affiliated work number=73,595 progress=97.7% api_total=75,333
2026-08-05 13:28:59,663 INFO src.pipeline.kaggle_collect_openalex_sri_lanka: Saved Sri Lankan-affiliated work number=73,596 progress=97.7% api_total=75,333
2026-08-05 13:28:59,664 INFO src.pipeline.kaggle_collect_openalex_sri_lanka: Saved Sri Lankan-affiliated work number=73,597 progress=97.7% api_total=75,333
2026-08-05 13:28:59,664 INFO src.pipeline.kaggle_collect_openalex_sri_lanka: Saved Sri Lankan-affiliated work number=73,598 progress=97.7% api_total=75,333
2026-08-05 13:28:59,664 INFO src.pipeline.kaggle_collect_openalex_sri_lanka: Saved Sri Lankan-affiliated work number=73,599 progress=97.7% api_total=75,333
2026-08-05 13:28:59,665 INFO src.pipeline.kaggle_collect_openalex_sri_lanka: Saved Sri Lankan-affiliated work number=73,600 progress=97.7% api_total=75,333
2026-08-05 13:28:59,665 INFO src.pipeline.kaggle_collect_openalex_sri_lanka: Saved Sri Lankan-affiliated work number=73,601 progress=97.7% api_total=75,333
2026-08-05 13:28:59,666 INFO src.pipeline.kaggle_collect_openalex_sri_lanka: Saved Sri Lankan-affiliated work number=73,602 progress=97.7% api_total=75,333
2026-08-05 13:28:59,666 INFO src.pipeline.kaggle_collect_openalex_sri_lanka: Saved Sri Lankan-affiliated work number=73,603 progress=97.7% api_total=75,333
2026-08-05 13:28:59,667 INFO src.pipeline.kaggle_collect_openalex_sri_lanka: Saved Sri Lankan-affiliated work number=73,604 progress=97.7% api_total=75,333
2026-08-05 13:28:59,667 INFO src.pipeline.kaggle_collect_openalex_sri_lanka: Saved Sri Lankan-affiliated work number=73,605 progress=97.7% api_total=75,333
2026-08-05 13:28:59,668 INFO src.pipeline.kaggle_collect_openalex_sri_lanka: Saved Sri Lankan-affiliated work number=73,606 progress=97.7% api_total=75,333
2026-08-05 13:28:59,668 INFO src.pipeline.kaggle_collect_openalex_sri_lanka: Saved Sri Lankan-affiliated work number=73,607 progress=97.7% api_total=75,333
2026-08-05 13:28:59,669 INFO src.pipeline.kaggle_collect_openalex_sri_lanka: Saved Sri Lankan-affiliated work number=73,608 progress=97.7% api_total=75,333
2026-08-05 13:28:59,669 INFO src.pipeline.kaggle_collect_openalex_sri_lanka: Saved Sri Lankan-affiliated work number=73,609 progress=97.7% api_total=75,333
2026-08-05 13:28:59,670 INFO src.pipeline.kaggle_collect_openalex_sri_lanka: Saved Sri Lankan-affiliated work number=73,610 progress=97.7% api_total=75,333
2026-08-05 13:28:59,670 INFO src.pipeline.kaggle_collect_openalex_sri_lanka: Saved Sri Lankan-affiliated work number=73,611 progress=97.7% api_total=75,333
2026-08-05 13:28:59,671 INFO src.pipeline.kaggle_collect_openalex_sri_lanka: Saved Sri Lankan-affiliated work number=73,612 progress=97.7% api_total=75,333
2026-08-05 13:28:59,671 INFO src.pipeline.kaggle_collect_openalex_sri_lanka: Saved Sri Lankan-affiliated work number=73,613 progress=97.7% api_total=75,333
2026-08-05 13:28:59,672 INFO src.pipeline.kaggle_collect_openalex_sri_lanka: Saved Sri Lankan-affiliated work number=73,614 progress=97.7% api_total=75,333
2026-08-05 13:28:59,672 INFO src.pipeline.kaggle_collect_openalex_sri_lanka: Saved Sri Lankan-affiliated work number=73,615 progress=97.7% api_total=75,333
2026-08-05 13:28:59,673 INFO src.pipeline.kaggle_collect_openalex_sri_lanka: Saved Sri Lankan-affiliated work number=73,616 progress=97.7% api_total=75,333
2026-08-05 13:28:59,673 INFO src.pipeline.kaggle_collect_openalex_sri_lanka: Saved Sri Lankan-affiliated work number=73,617 progress=97.7% api_total=75,333
2026-08-05 13:28:59,674 INFO src.pipeline.kaggle_collect_openalex_sri_lanka: Saved Sri Lankan-affiliated work number=73,618 progress=97.7% api_total=75,333
2026-08-05 13:28:59,675 INFO src.pipeline.kaggle_collect_openalex_sri_lanka: Saved Sri Lankan-affiliated work number=73,619 progress=97.7% api_total=75,333
2026-08-05 13:28:59,675 INFO src.pipeline.kaggle_collect_openalex_sri_lanka: Saved Sri Lankan-affiliated work number=73,620 progress=97.7% api_total=75,333
2026-08-05 13:28:59,676 INFO src.pipeline.kaggle_collect_openalex_sri_lanka: Saved Sri Lankan-affiliated work number=73,621 progress=97.7% api_total=75,333
2026-08-05 13:28:59,676 INFO src.pipeline.kaggle_collect_openalex_sri_lanka: Saved Sri Lankan-affiliated work number=73,622 progress=97.7% api_total=75,333
2026-08-05 13:28:59,677 INFO src.pipeline.kaggle_collect_openalex_sri_lanka: Saved Sri Lankan-affiliated work number=73,623 progress=97.7% api_total=75,333
2026-08-05 13:28:59,677 INFO src.pipeline.kaggle_collect_openalex_sri_lanka: Saved Sri Lankan-affiliated work number=73,624 progress=97.7% api_total=75,333
2026-08-05 13:28:59,678 INFO src.pipeline.kaggle_collect_openalex_sri_lanka: Saved Sri Lankan-affiliated work number=73,625 progress=97.7% api_total=75,333
2026-08-05 13:28:59,678 INFO src.pipeline.kaggle_collect_openalex_sri_lanka: Saved Sri Lankan-affiliated work number=73,626 progress=97.7% api_total=75,333
2026-08-05 13:28:59,679 INFO src.pipeline.kaggle_collect_openalex_sri_lanka: Saved Sri Lankan-affiliated work number=73,627 progress=97.7% api_total=75,333
2026-08-05 13:28:59,679 INFO src.pipeline.kaggle_collect_openalex_sri_lanka: Saved Sri Lankan-affiliated work number=73,628 progress=97.7% api_total=75,333
2026-08-05 13:28:59,679 INFO src.pipeline.kaggle_collect_openalex_sri_lanka: Saved Sri Lankan-affiliated work number=73,629 progress=97.7% api_total=75,333
2026-08-05 13:28:59,680 INFO src.pipeline.kaggle_collect_openalex_sri_lanka: Saved Sri Lankan-affiliated work number=73,630 progress=97.7% api_total=75,333
2026-08-05 13:28:59,680 INFO src.pipeline.kaggle_collect_openalex_sri_lanka: Saved Sri Lankan-affiliated work number=73,631 progress=97.7% api_total=75,333
2026-08-05 13:28:59,681 INFO src.pipeline.kaggle_collect_openalex_sri_lanka: Saved Sri Lankan-affiliated work number=73,632 progress=97.7% api_total=75,333
2026-08-05 13:28:59,681 INFO src.pipeline.kaggle_collect_openalex_sri_lanka: Saved Sri Lankan-affiliated work number=73,633 progress=97.7% api_total=75,333
2026-08-05 13:28:59,682 INFO src.pipeline.kaggle_collect_openalex_sri_lanka: Saved Sri Lankan-affiliated work number=73,634 progress=97.7% api_total=75,333
2026-08-05 13:28:59,683 INFO src.pipeline.kaggle_collect_openalex_sri_lanka: Saved Sri Lankan-affiliated work number=73,635 progress=97.7% api_total=75,333
2026-08-05 13:28:59,683 INFO src.pipeline.kaggle_collect_openalex_sri_lanka: Saved Sri Lankan-affiliated work number=73,636 progress=97.7% api_total=75,333
2026-08-05 13:28:59,684 INFO src.pipeline.kaggle_collect_openalex_sri_lanka: Saved Sri Lankan-affiliated work number=73,637 progress=97.7% api_total=75,333
2026-08-05 13:28:59,685 INFO src.pipeline.kaggle_collect_openalex_sri_lanka: Saved Sri Lankan-affiliated work number=73,638 progress=97.7% api_total=75,333
2026-08-05 13:28:59,686 INFO src.pipeline.kaggle_collect_openalex_sri_lanka: Saved Sri Lankan-affiliated work number=73,639 progress=97.8% api_total=75,333
2026-08-05 13:28:59,686 INFO src.pipeline.kaggle_collect_openalex_sri_lanka: Saved Sri Lankan-affiliated work number=73,640 progress=97.8% api_total=75,333
2026-08-05 13:28:59,686 INFO src.pipeline.kaggle_collect_openalex_sri_lanka: Saved Sri Lankan-affiliated work number=73,641 progress=97.8% api_total=75,333
2026-08-05 13:28:59,687 INFO src.pipeline.kaggle_collect_openalex_sri_lanka: Saved Sri Lankan-affiliated work number=73,642 progress=97.8% api_total=75,333
2026-08-05 13:28:59,687 INFO src.pipeline.kaggle_collect_openalex_sri_lanka: Saved Sri Lankan-affiliated work number=73,643 progress=97.8% api_total=75,333
2026-08-05 13:28:59,688 INFO src.pipeline.kaggle_collect_openalex_sri_lanka: Saved Sri Lankan-affiliated work number=73,644 progress=97.8% api_total=75,333
2026-08-05 13:28:59,688 INFO src.pipeline.kaggle_collect_openalex_sri_lanka: Saved Sri Lankan-affiliated work number=73,645 progress=97.8% api_total=75,333
2026-08-05 13:29:09,311 INFO src.collectors.openalex_collector: Fetched OpenAlex page page=18/377 progress=4.8% fetched=200 kept=199 skipped=1 next_cursor=yes
2026-08-05 13:29:09,317 INFO src.pipeline.kaggle_collect_openalex_sri_lanka: Saved Sri Lankan-affiliated work number=73,646 progress=97.8% api_total=75,333
2026-08-05 13:29:09,318 INFO src.pipeline.kaggle_collect_openalex_sri_lanka: Saved Sri Lankan-affiliated work number=73,647 progress=97.8% api_total=75,333
2026-08-05 13:29:09,318 INFO src.pipeline.kaggle_collect_openalex_sri_lanka: Saved Sri Lankan-affiliated work number=73,648 progress=97.8% api_total=75,333
2026-08-05 13:29:09,319 INFO src.pipeline.kaggle_collect_openalex_sri_lanka: Saved Sri Lankan-affiliated work number=73,649 progress=97.8% api_total=75,333
2026-08-05 13:29:09,319 INFO src.pipeline.kaggle_collect_openalex_sri_lanka: Saved Sri Lankan-affiliated work number=73,650 progress=97.8% api_total=75,333
2026-08-05 13:29:09,320 INFO src.pipeline.kaggle_collect_openalex_sri_lanka: Saved Sri Lankan-affiliated work number=73,651 progress=97.8% api_total=75,333
2026-08-05 13:29:09,320 INFO src.pipeline.kaggle_collect_openalex_sri_lanka: Saved Sri Lankan-affiliated work number=73,652 progress=97.8% api_total=75,333
2026-08-05 13:29:09,321 INFO src.pipeline.kaggle_collect_openalex_sri_lanka: Saved Sri Lankan-affiliated work number=73,653 progress=97.8% api_total=75,333
2026-08-05 13:29:09,321 INFO src.pipeline.kaggle_collect_openalex_sri_lanka: Saved Sri Lankan-affiliated work number=73,654 progress=97.8% api_total=75,333
2026-08-05 13:29:09,321 INFO src.pipeline.kaggle_collect_openalex_sri_lanka: Saved Sri Lankan-affiliated work number=73,655 progress=97.8% api_total=75,333
2026-08-05 13:29:09,322 INFO src.pipeline.kaggle_collect_openalex_sri_lanka: Saved Sri Lankan-affiliated work number=73,656 progress=97.8% api_total=75,333
2026-08-05 13:29:09,322 INFO src.pipeline.kaggle_collect_openalex_sri_lanka: Saved Sri Lankan-affiliated work number=73,657 progress=97.8% api_total=75,333
2026-08-05 13:29:09,323 INFO src.pipeline.kaggle_collect_openalex_sri_lanka: Saved Sri Lankan-affiliated work number=73,658 progress=97.8% api_total=75,333
2026-08-05 13:29:09,323 INFO src.pipeline.kaggle_collect_openalex_sri_lanka: Saved Sri Lankan-affiliated work number=73,659 progress=97.8% api_total=75,333
2026-08-05 13:29:09,323 INFO src.pipeline.kaggle_collect_openalex_sri_lanka: Saved Sri Lankan-affiliated work number=73,660 progress=97.8% api_total=75,333
2026-08-05 13:29:09,324 INFO src.pipeline.kaggle_collect_openalex_sri_lanka: Saved Sri Lankan-affiliated work number=73,661 progress=97.8% api_total=75,333
2026-08-05 13:29:09,324 INFO src.pipeline.kaggle_collect_openalex_sri_lanka: Saved Sri Lankan-affiliated work number=73,662 progress=97.8% api_total=75,333
2026-08-05 13:29:09,325 INFO src.pipeline.kaggle_collect_openalex_sri_lanka: Saved Sri Lankan-affiliated work number=73,663 progress=97.8% api_total=75,333
2026-08-05 13:29:09,325 INFO src.pipeline.kaggle_collect_openalex_sri_lanka: Saved Sri Lankan-affiliated work number=73,664 progress=97.8% api_total=75,333
2026-08-05 13:29:09,326 INFO src.pipeline.kaggle_collect_openalex_sri_lanka: Saved Sri Lankan-affiliated work number=73,665 progress=97.8% api_total=75,333
2026-08-05 13:29:09,326 INFO src.pipeline.kaggle_collect_openalex_sri_lanka: Saved Sri Lankan-affiliated work number=73,666 progress=97.8% api_total=75,333
2026-08-05 13:29:09,327 INFO src.pipeline.kaggle_collect_openalex_sri_lanka: Saved Sri Lankan-affiliated work number=73,667 progress=97.8% api_total=75,333
2026-08-05 13:29:09,327 INFO src.pipeline.kaggle_collect_openalex_sri_lanka: Saved Sri Lankan-affiliated work number=73,668 progress=97.8% api_total=75,333
2026-08-05 13:29:09,327 INFO src.pipeline.kaggle_collect_openalex_sri_lanka: Saved Sri Lankan-affiliated work number=73,669 progress=97.8% api_total=75,333
2026-08-05 13:29:09,328 INFO src.pipeline.kaggle_collect_openalex_sri_lanka: Saved Sri Lankan-affiliated work number=73,670 progress=97.8% api_total=75,333
2026-08-05 13:29:09,328 INFO src.pipeline.kaggle_collect_openalex_sri_lanka: Saved Sri Lankan-affiliated work number=73,671 progress=97.8% api_total=75,333
2026-08-05 13:29:09,329 INFO src.pipeline.kaggle_collect_openalex_sri_lanka: Saved Sri Lankan-affiliated work number=73,672 progress=97.8% api_total=75,333
2026-08-05 13:29:09,329 INFO src.pipeline.kaggle_collect_openalex_sri_lanka: Saved Sri Lankan-affiliated work number=73,673 progress=97.8% api_total=75,333
2026-08-05 13:29:09,330 INFO src.pipeline.kaggle_collect_openalex_sri_lanka: Saved Sri Lankan-affiliated work number=73,674 progress=97.8% api_total=75,333
2026-08-05 13:29:09,330 INFO src.pipeline.kaggle_collect_openalex_sri_lanka: Saved Sri Lankan-affiliated work number=73,675 progress=97.8% api_total=75,333
2026-08-05 13:29:09,331 INFO src.pipeline.kaggle_collect_openalex_sri_lanka: Saved Sri Lankan-affiliated work number=73,676 progress=97.8% api_total=75,333
2026-08-05 13:29:09,331 INFO src.pipeline.kaggle_collect_openalex_sri_lanka: Saved Sri Lankan-affiliated work number=73,677 progress=97.8% api_total=75,333
2026-08-05 13:29:09,331 INFO src.pipeline.kaggle_collect_openalex_sri_lanka: Saved Sri Lankan-affiliated work number=73,678 progress=97.8% api_total=75,333
2026-08-05 13:29:09,332 INFO src.pipeline.kaggle_collect_openalex_sri_lanka: Saved Sri Lankan-affiliated work number=73,679 progress=97.8% api_total=75,333
2026-08-05 13:29:09,332 INFO src.pipeline.kaggle_collect_openalex_sri_lanka: Saved Sri Lankan-affiliated work number=73,680 progress=97.8% api_total=75,333
2026-08-05 13:29:09,333 INFO src.pipeline.kaggle_collect_openalex_sri_lanka: Saved Sri Lankan-affiliated work number=73,681 progress=97.8% api_total=75,333
2026-08-05 13:29:09,333 INFO src.pipeline.kaggle_collect_openalex_sri_lanka: Saved Sri Lankan-affiliated work number=73,682 progress=97.8% api_total=75,333
2026-08-05 13:29:09,333 INFO src.pipeline.kaggle_collect_openalex_sri_lanka: Saved Sri Lankan-affiliated work number=73,683 progress=97.8% api_total=75,333
2026-08-05 13:29:09,334 INFO src.pipeline.kaggle_collect_openalex_sri_lanka: Saved Sri Lankan-affiliated work number=73,684 progress=97.8% api_total=75,333
2026-08-05 13:29:09,334 INFO src.pipeline.kaggle_collect_openalex_sri_lanka: Saved Sri Lankan-affiliated work number=73,685 progress=97.8% api_total=75,333
2026-08-05 13:29:09,335 INFO src.pipeline.kaggle_collect_openalex_sri_lanka: Saved Sri Lankan-affiliated work number=73,686 progress=97.8% api_total=75,333
2026-08-05 13:29:09,335 INFO src.pipeline.kaggle_collect_openalex_sri_lanka: Saved Sri Lankan-affiliated work number=73,687 progress=97.8% api_total=75,333
2026-08-05 13:29:09,336 INFO src.pipeline.kaggle_collect_openalex_sri_lanka: Saved Sri Lankan-affiliated work number=73,688 progress=97.8% api_total=75,333
2026-08-05 13:29:09,336 INFO src.pipeline.kaggle_collect_openalex_sri_lanka: Saved Sri Lankan-affiliated work number=73,689 progress=97.8% api_total=75,333
2026-08-05 13:29:09,337 INFO src.pipeline.kaggle_collect_openalex_sri_lanka: Saved Sri Lankan-affiliated work number=73,690 progress=97.8% api_total=75,333
2026-08-05 13:29:09,337 INFO src.pipeline.kaggle_collect_openalex_sri_lanka: Saved Sri Lankan-affiliated work number=73,691 progress=97.8% api_total=75,333
2026-08-05 13:29:09,337 INFO src.pipeline.kaggle_collect_openalex_sri_lanka: Saved Sri Lankan-affiliated work number=73,692 progress=97.8% api_total=75,333
2026-08-05 13:29:09,338 INFO src.pipeline.kaggle_collect_openalex_sri_lanka: Saved Sri Lankan-affiliated work number=73,693 progress=97.8% api_total=75,333
2026-08-05 13:29:09,338 INFO src.pipeline.kaggle_collect_openalex_sri_lanka: Saved Sri Lankan-affiliated work number=73,694 progress=97.8% api_total=75,333
2026-08-05 13:29:09,338 INFO src.pipeline.kaggle_collect_openalex_sri_lanka: Saved Sri Lankan-affiliated work number=73,695 progress=97.8% api_total=75,333
2026-08-05 13:29:09,339 INFO src.pipeline.kaggle_collect_openalex_sri_lanka: Saved Sri Lankan-affiliated work number=73,696 progress=97.8% api_total=75,333
2026-08-05 13:29:09,339 INFO src.pipeline.kaggle_collect_openalex_sri_lanka: Saved Sri Lankan-affiliated work number=73,697 progress=97.8% api_total=75,333
2026-08-05 13:29:09,340 INFO src.pipeline.kaggle_collect_openalex_sri_lanka: Saved Sri Lankan-affiliated work number=73,698 progress=97.8% api_total=75,333
2026-08-05 13:29:09,340 INFO src.pipeline.kaggle_collect_openalex_sri_lanka: Saved Sri Lankan-affiliated work number=73,699 progress=97.8% api_total=75,333
2026-08-05 13:29:09,341 INFO src.pipeline.kaggle_collect_openalex_sri_lanka: Saved Sri Lankan-affiliated work number=73,700 progress=97.8% api_total=75,333
2026-08-05 13:29:09,341 INFO src.pipeline.kaggle_collect_openalex_sri_lanka: Saved Sri Lankan-affiliated work number=73,701 progress=97.8% api_total=75,333
2026-08-05 13:29:09,341 INFO src.pipeline.kaggle_collect_openalex_sri_lanka: Saved Sri Lankan-affiliated work number=73,702 progress=97.8% api_total=75,333
2026-08-05 13:29:09,342 INFO src.pipeline.kaggle_collect_openalex_sri_lanka: Saved Sri Lankan-affiliated work number=73,703 progress=97.8% api_total=75,333
2026-08-05 13:29:09,342 INFO src.pipeline.kaggle_collect_openalex_sri_lanka: Saved Sri Lankan-affiliated work number=73,704 progress=97.8% api_total=75,333
2026-08-05 13:29:09,342 INFO src.pipeline.kaggle_collect_openalex_sri_lanka: Saved Sri Lankan-affiliated work number=73,705 progress=97.8% api_total=75,333
2026-08-05 13:29:09,342 INFO src.pipeline.kaggle_collect_openalex_sri_lanka: Saved Sri Lankan-affiliated work number=73,706 progress=97.8% api_total=75,333
2026-08-05 13:29:09,343 INFO src.pipeline.kaggle_collect_openalex_sri_lanka: Saved Sri Lankan-affiliated work number=73,707 progress=97.8% api_total=75,333
2026-08-05 13:29:09,343 INFO src.pipeline.kaggle_collect_openalex_sri_lanka: Saved Sri Lankan-affiliated work number=73,708 progress=97.8% api_total=75,333
2026-08-05 13:29:09,344 INFO src.pipeline.kaggle_collect_openalex_sri_lanka: Saved Sri Lankan-affiliated work number=73,709 progress=97.8% api_total=75,333
2026-08-05 13:29:09,345 INFO src.pipeline.kaggle_collect_openalex_sri_lanka: Saved Sri Lankan-affiliated work number=73,710 progress=97.8% api_total=75,333
2026-08-05 13:29:09,345 INFO src.pipeline.kaggle_collect_openalex_sri_lanka: Saved Sri Lankan-affiliated work number=73,711 progress=97.8% api_total=75,333
2026-08-05 13:29:09,345 INFO src.pipeline.kaggle_collect_openalex_sri_lanka: Saved Sri Lankan-affiliated work number=73,712 progress=97.8% api_total=75,333
2026-08-05 13:29:09,346 INFO src.pipeline.kaggle_collect_openalex_sri_lanka: Saved Sri Lankan-affiliated work number=73,713 progress=97.8% api_total=75,333
2026-08-05 13:29:09,346 INFO src.pipeline.kaggle_collect_openalex_sri_lanka: Saved Sri Lankan-affiliated work number=73,714 progress=97.9% api_total=75,333
2026-08-05 13:29:09,346 INFO src.pipeline.kaggle_collect_openalex_sri_lanka: Saved Sri Lankan-affiliated work number=73,715 progress=97.9% api_total=75,333
2026-08-05 13:29:09,347 INFO src.pipeline.kaggle_collect_openalex_sri_lanka: Saved Sri Lankan-affiliated work number=73,716 progress=97.9% api_total=75,333
2026-08-05 13:29:09,347 INFO src.pipeline.kaggle_collect_openalex_sri_lanka: Saved Sri Lankan-affiliated work number=73,717 progress=97.9% api_total=75,333
2026-08-05 13:29:09,347 INFO src.pipeline.kaggle_collect_openalex_sri_lanka: Saved Sri Lankan-affiliated work number=73,718 progress=97.9% api_total=75,333
2026-08-05 13:29:09,348 INFO src.pipeline.kaggle_collect_openalex_sri_lanka: Saved Sri Lankan-affiliated work number=73,719 progress=97.9% api_total=75,333
2026-08-05 13:29:09,348 INFO src.pipeline.kaggle_collect_openalex_sri_lanka: Saved Sri Lankan-affiliated work number=73,720 progress=97.9% api_total=75,333
2026-08-05 13:29:09,348 INFO src.pipeline.kaggle_collect_openalex_sri_lanka: Saved Sri Lankan-affiliated work number=73,721 progress=97.9% api_total=75,333
2026-08-05 13:29:09,349 INFO src.pipeline.kaggle_collect_openalex_sri_lanka: Saved Sri Lankan-affiliated work number=73,722 progress=97.9% api_total=75,333
2026-08-05 13:29:09,349 INFO src.pipeline.kaggle_collect_openalex_sri_lanka: Saved Sri Lankan-affiliated work number=73,723 progress=97.9% api_total=75,333
2026-08-05 13:29:09,349 INFO src.pipeline.kaggle_collect_openalex_sri_lanka: Saved Sri Lankan-affiliated work number=73,724 progress=97.9% api_total=75,333
2026-08-05 13:29:09,350 INFO src.pipeline.kaggle_collect_openalex_sri_lanka: Saved Sri Lankan-affiliated work number=73,725 progress=97.9% api_total=75,333
2026-08-05 13:29:09,351 INFO src.pipeline.kaggle_collect_openalex_sri_lanka: Saved Sri Lankan-affiliated work number=73,726 progress=97.9% api_total=75,333
2026-08-05 13:29:09,351 INFO src.pipeline.kaggle_collect_openalex_sri_lanka: Saved Sri Lankan-affiliated work number=73,727 progress=97.9% api_total=75,333
2026-08-05 13:29:09,351 INFO src.pipeline.kaggle_collect_openalex_sri_lanka: Saved Sri Lankan-affiliated work number=73,728 progress=97.9% api_total=75,333
2026-08-05 13:29:09,352 INFO src.pipeline.kaggle_collect_openalex_sri_lanka: Saved Sri Lankan-affiliated work number=73,729 progress=97.9% api_total=75,333
2026-08-05 13:29:09,352 INFO src.pipeline.kaggle_collect_openalex_sri_lanka: Saved Sri Lankan-affiliated work number=73,730 progress=97.9% api_total=75,333
2026-08-05 13:29:09,352 INFO src.pipeline.kaggle_collect_openalex_sri_lanka: Saved Sri Lankan-affiliated work number=73,731 progress=97.9% api_total=75,333
2026-08-05 13:29:09,352 INFO src.pipeline.kaggle_collect_openalex_sri_lanka: Saved Sri Lankan-affiliated work number=73,732 progress=97.9% api_total=75,333
2026-08-05 13:29:09,353 INFO src.pipeline.kaggle_collect_openalex_sri_lanka: Saved Sri Lankan-affiliated work number=73,733 progress=97.9% api_total=75,333
2026-08-05 13:29:09,353 INFO src.pipeline.kaggle_collect_openalex_sri_lanka: Saved Sri Lankan-affiliated work number=73,734 progress=97.9% api_total=75,333
2026-08-05 13:29:09,353 INFO src.pipeline.kaggle_collect_openalex_sri_lanka: Saved Sri Lankan-affiliated work number=73,735 progress=97.9% api_total=75,333
2026-08-05 13:29:09,354 INFO src.pipeline.kaggle_collect_openalex_sri_lanka: Saved Sri Lankan-affiliated work number=73,736 progress=97.9% api_total=75,333
2026-08-05 13:29:09,354 INFO src.pipeline.kaggle_collect_openalex_sri_lanka: Saved Sri Lankan-affiliated work number=73,737 progress=97.9% api_total=75,333
2026-08-05 13:29:09,355 INFO src.pipeline.kaggle_collect_openalex_sri_lanka: Saved Sri Lankan-affiliated work number=73,738 progress=97.9% api_total=75,333
2026-08-05 13:29:09,355 INFO src.pipeline.kaggle_collect_openalex_sri_lanka: Saved Sri Lankan-affiliated work number=73,739 progress=97.9% api_total=75,333
2026-08-05 13:29:09,355 INFO src.pipeline.kaggle_collect_openalex_sri_lanka: Saved Sri Lankan-affiliated work number=73,740 progress=97.9% api_total=75,333
2026-08-05 13:29:09,356 INFO src.pipeline.kaggle_collect_openalex_sri_lanka: Saved Sri Lankan-affiliated work number=73,741 progress=97.9% api_total=75,333
2026-08-05 13:29:09,356 INFO src.pipeline.kaggle_collect_openalex_sri_lanka: Saved Sri Lankan-affiliated work number=73,742 progress=97.9% api_total=75,333
2026-08-05 13:29:09,356 INFO src.pipeline.kaggle_collect_openalex_sri_lanka: Saved Sri Lankan-affiliated work number=73,743 progress=97.9% api_total=75,333
2026-08-05 13:29:09,357 INFO src.pipeline.kaggle_collect_openalex_sri_lanka: Saved Sri Lankan-affiliated work number=73,744 progress=97.9% api_total=75,333
2026-08-05 13:29:09,357 INFO src.pipeline.kaggle_collect_openalex_sri_lanka: Saved Sri Lankan-affiliated work number=73,745 progress=97.9% api_total=75,333
2026-08-05 13:29:09,357 INFO src.pipeline.kaggle_collect_openalex_sri_lanka: Saved Sri Lankan-affiliated work number=73,746 progress=97.9% api_total=75,333
2026-08-05 13:29:09,358 INFO src.pipeline.kaggle_collect_openalex_sri_lanka: Saved Sri Lankan-affiliated work number=73,747 progress=97.9% api_total=75,333
2026-08-05 13:29:09,358 INFO src.pipeline.kaggle_collect_openalex_sri_lanka: Saved Sri Lankan-affiliated work number=73,748 progress=97.9% api_total=75,333
2026-08-05 13:29:09,358 INFO src.pipeline.kaggle_collect_openalex_sri_lanka: Saved Sri Lankan-affiliated work number=73,749 progress=97.9% api_total=75,333
2026-08-05 13:29:09,359 INFO src.pipeline.kaggle_collect_openalex_sri_lanka: Saved Sri Lankan-affiliated work number=73,750 progress=97.9% api_total=75,333
2026-08-05 13:29:09,359 INFO src.pipeline.kaggle_collect_openalex_sri_lanka: Saved Sri Lankan-affiliated work number=73,751 progress=97.9% api_total=75,333
2026-08-05 13:29:09,360 INFO src.pipeline.kaggle_collect_openalex_sri_lanka: Saved Sri Lankan-affiliated work number=73,752 progress=97.9% api_total=75,333
2026-08-05 13:29:09,360 INFO src.pipeline.kaggle_collect_openalex_sri_lanka: Saved Sri Lankan-affiliated work number=73,753 progress=97.9% api_total=75,333
2026-08-05 13:29:09,360 INFO src.pipeline.kaggle_collect_openalex_sri_lanka: Saved Sri Lankan-affiliated work number=73,754 progress=97.9% api_total=75,333
2026-08-05 13:29:09,360 INFO src.pipeline.kaggle_collect_openalex_sri_lanka: Saved Sri Lankan-affiliated work number=73,755 progress=97.9% api_total=75,333
2026-08-05 13:29:09,361 INFO src.pipeline.kaggle_collect_openalex_sri_lanka: Saved Sri Lankan-affiliated work number=73,756 progress=97.9% api_total=75,333
2026-08-05 13:29:09,361 INFO src.pipeline.kaggle_collect_openalex_sri_lanka: Saved Sri Lankan-affiliated work number=73,757 progress=97.9% api_total=75,333
2026-08-05 13:29:09,361 INFO src.pipeline.kaggle_collect_openalex_sri_lanka: Saved Sri Lankan-affiliated work number=73,758 progress=97.9% api_total=75,333
2026-08-05 13:29:09,361 INFO src.pipeline.kaggle_collect_openalex_sri_lanka: Saved Sri Lankan-affiliated work number=73,759 progress=97.9% api_total=75,333
2026-08-05 13:29:09,362 INFO src.pipeline.kaggle_collect_openalex_sri_lanka: Saved Sri Lankan-affiliated work number=73,760 progress=97.9% api_total=75,333
2026-08-05 13:29:09,362 INFO src.pipeline.kaggle_collect_openalex_sri_lanka: Saved Sri Lankan-affiliated work number=73,761 progress=97.9% api_total=75,333
2026-08-05 13:29:09,363 INFO src.pipeline.kaggle_collect_openalex_sri_lanka: Saved Sri Lankan-affiliated work number=73,762 progress=97.9% api_total=75,333
2026-08-05 13:29:09,363 INFO src.pipeline.kaggle_collect_openalex_sri_lanka: Saved Sri Lankan-affiliated work number=73,763 progress=97.9% api_total=75,333
2026-08-05 13:29:09,364 INFO src.pipeline.kaggle_collect_openalex_sri_lanka: Saved Sri Lankan-affiliated work number=73,764 progress=97.9% api_total=75,333
2026-08-05 13:29:09,365 INFO src.pipeline.kaggle_collect_openalex_sri_lanka: Saved Sri Lankan-affiliated work number=73,765 progress=97.9% api_total=75,333
2026-08-05 13:29:09,365 INFO src.pipeline.kaggle_collect_openalex_sri_lanka: Saved Sri Lankan-affiliated work number=73,766 progress=97.9% api_total=75,333
2026-08-05 13:29:09,365 INFO src.pipeline.kaggle_collect_openalex_sri_lanka: Saved Sri Lankan-affiliated work number=73,767 progress=97.9% api_total=75,333
2026-08-05 13:29:09,366 INFO src.pipeline.kaggle_collect_openalex_sri_lanka: Saved Sri Lankan-affiliated work number=73,768 progress=97.9% api_total=75,333
2026-08-05 13:29:09,366 INFO src.pipeline.kaggle_collect_openalex_sri_lanka: Saved Sri Lankan-affiliated work number=73,769 progress=97.9% api_total=75,333
2026-08-05 13:29:09,366 INFO src.pipeline.kaggle_collect_openalex_sri_lanka: Saved Sri Lankan-affiliated work number=73,770 progress=97.9% api_total=75,333
2026-08-05 13:29:09,367 INFO src.pipeline.kaggle_collect_openalex_sri_lanka: Saved Sri Lankan-affiliated work number=73,771 progress=97.9% api_total=75,333
2026-08-05 13:29:09,367 INFO src.pipeline.kaggle_collect_openalex_sri_lanka: Saved Sri Lankan-affiliated work number=73,772 progress=97.9% api_total=75,333
2026-08-05 13:29:09,367 INFO src.pipeline.kaggle_collect_openalex_sri_lanka: Saved Sri Lankan-affiliated work number=73,773 progress=97.9% api_total=75,333
2026-08-05 13:29:09,367 INFO src.pipeline.kaggle_collect_openalex_sri_lanka: Saved Sri Lankan-affiliated work number=73,774 progress=97.9% api_total=75,333
2026-08-05 13:29:09,368 INFO src.pipeline.kaggle_collect_openalex_sri_lanka: Saved Sri Lankan-affiliated work number=73,775 progress=97.9% api_total=75,333
2026-08-05 13:29:09,368 INFO src.pipeline.kaggle_collect_openalex_sri_lanka: Saved Sri Lankan-affiliated work number=73,776 progress=97.9% api_total=75,333
2026-08-05 13:29:09,369 INFO src.pipeline.kaggle_collect_openalex_sri_lanka: Saved Sri Lankan-affiliated work number=73,777 progress=97.9% api_total=75,333
2026-08-05 13:29:09,370 INFO src.pipeline.kaggle_collect_openalex_sri_lanka: Saved Sri Lankan-affiliated work number=73,778 progress=97.9% api_total=75,333
2026-08-05 13:29:09,371 INFO src.pipeline.kaggle_collect_openalex_sri_lanka: Saved Sri Lankan-affiliated work number=73,779 progress=97.9% api_total=75,333
2026-08-05 13:29:09,371 INFO src.pipeline.kaggle_collect_openalex_sri_lanka: Saved Sri Lankan-affiliated work number=73,780 progress=97.9% api_total=75,333
2026-08-05 13:29:09,371 INFO src.pipeline.kaggle_collect_openalex_sri_lanka: Saved Sri Lankan-affiliated work number=73,781 progress=97.9% api_total=75,333
2026-08-05 13:29:09,371 INFO src.pipeline.kaggle_collect_openalex_sri_lanka: Saved Sri Lankan-affiliated work number=73,782 progress=97.9% api_total=75,333
2026-08-05 13:29:09,372 INFO src.pipeline.kaggle_collect_openalex_sri_lanka: Saved Sri Lankan-affiliated work number=73,783 progress=97.9% api_total=75,333
2026-08-05 13:29:09,372 INFO src.pipeline.kaggle_collect_openalex_sri_lanka: Saved Sri Lankan-affiliated work number=73,784 progress=97.9% api_total=75,333
2026-08-05 13:29:09,373 INFO src.pipeline.kaggle_collect_openalex_sri_lanka: Saved Sri Lankan-affiliated work number=73,785 progress=97.9% api_total=75,333
2026-08-05 13:29:09,373 INFO src.pipeline.kaggle_collect_openalex_sri_lanka: Saved Sri Lankan-affiliated work number=73,786 progress=97.9% api_total=75,333
2026-08-05 13:29:09,373 INFO src.pipeline.kaggle_collect_openalex_sri_lanka: Saved Sri Lankan-affiliated work number=73,787 progress=97.9% api_total=75,333
2026-08-05 13:29:09,373 INFO src.pipeline.kaggle_collect_openalex_sri_lanka: Saved Sri Lankan-affiliated work number=73,788 progress=97.9% api_total=75,333
2026-08-05 13:29:09,374 INFO src.pipeline.kaggle_collect_openalex_sri_lanka: Saved Sri Lankan-affiliated work number=73,789 progress=98.0% api_total=75,333
2026-08-05 13:29:09,374 INFO src.pipeline.kaggle_collect_openalex_sri_lanka: Saved Sri Lankan-affiliated work number=73,790 progress=98.0% api_total=75,333
2026-08-05 13:29:09,374 INFO src.pipeline.kaggle_collect_openalex_sri_lanka: Saved Sri Lankan-affiliated work number=73,791 progress=98.0% api_total=75,333
2026-08-05 13:29:09,375 INFO src.pipeline.kaggle_collect_openalex_sri_lanka: Saved Sri Lankan-affiliated work number=73,792 progress=98.0% api_total=75,333
2026-08-05 13:29:09,375 INFO src.pipeline.kaggle_collect_openalex_sri_lanka: Saved Sri Lankan-affiliated work number=73,793 progress=98.0% api_total=75,333
2026-08-05 13:29:09,375 INFO src.pipeline.kaggle_collect_openalex_sri_lanka: Saved Sri Lankan-affiliated work number=73,794 progress=98.0% api_total=75,333
2026-08-05 13:29:09,376 INFO src.pipeline.kaggle_collect_openalex_sri_lanka: Saved Sri Lankan-affiliated work number=73,795 progress=98.0% api_total=75,333
2026-08-05 13:29:09,376 INFO src.pipeline.kaggle_collect_openalex_sri_lanka: Saved Sri Lankan-affiliated work number=73,796 progress=98.0% api_total=75,333
2026-08-05 13:29:09,376 INFO src.pipeline.kaggle_collect_openalex_sri_lanka: Saved Sri Lankan-affiliated work number=73,797 progress=98.0% api_total=75,333
2026-08-05 13:29:09,376 INFO src.pipeline.kaggle_collect_openalex_sri_lanka: Saved Sri Lankan-affiliated work number=73,798 progress=98.0% api_total=75,333
2026-08-05 13:29:09,377 INFO src.pipeline.kaggle_collect_openalex_sri_lanka: Saved Sri Lankan-affiliated work number=73,799 progress=98.0% api_total=75,333
2026-08-05 13:29:09,377 INFO src.pipeline.kaggle_collect_openalex_sri_lanka: Saved Sri Lankan-affiliated work number=73,800 progress=98.0% api_total=75,333
2026-08-05 13:29:09,377 INFO src.pipeline.kaggle_collect_openalex_sri_lanka: Saved Sri Lankan-affiliated work number=73,801 progress=98.0% api_total=75,333
2026-08-05 13:29:09,377 INFO src.pipeline.kaggle_collect_openalex_sri_lanka: Saved Sri Lankan-affiliated work number=73,802 progress=98.0% api_total=75,333
2026-08-05 13:29:09,378 INFO src.pipeline.kaggle_collect_openalex_sri_lanka: Saved Sri Lankan-affiliated work number=73,803 progress=98.0% api_total=75,333
2026-08-05 13:29:09,378 INFO src.pipeline.kaggle_collect_openalex_sri_lanka: Saved Sri Lankan-affiliated work number=73,804 progress=98.0% api_total=75,333
2026-08-05 13:29:09,378 INFO src.pipeline.kaggle_collect_openalex_sri_lanka: Saved Sri Lankan-affiliated work number=73,805 progress=98.0% api_total=75,333
2026-08-05 13:29:09,379 INFO src.pipeline.kaggle_collect_openalex_sri_lanka: Saved Sri Lankan-affiliated work number=73,806 progress=98.0% api_total=75,333
2026-08-05 13:29:09,379 INFO src.pipeline.kaggle_collect_openalex_sri_lanka: Saved Sri Lankan-affiliated work number=73,807 progress=98.0% api_total=75,333
2026-08-05 13:29:09,380 INFO src.pipeline.kaggle_collect_openalex_sri_lanka: Saved Sri Lankan-affiliated work number=73,808 progress=98.0% api_total=75,333
2026-08-05 13:29:09,380 INFO src.pipeline.kaggle_collect_openalex_sri_lanka: Saved Sri Lankan-affiliated work number=73,809 progress=98.0% api_total=75,333
2026-08-05 13:29:09,380 INFO src.pipeline.kaggle_collect_openalex_sri_lanka: Saved Sri Lankan-affiliated work number=73,810 progress=98.0% api_total=75,333
2026-08-05 13:29:09,381 INFO src.pipeline.kaggle_collect_openalex_sri_lanka: Saved Sri Lankan-affiliated work number=73,811 progress=98.0% api_total=75,333
2026-08-05 13:29:09,381 INFO src.pipeline.kaggle_collect_openalex_sri_lanka: Saved Sri Lankan-affiliated work number=73,812 progress=98.0% api_total=75,333
2026-08-05 13:29:09,381 INFO src.pipeline.kaggle_collect_openalex_sri_lanka: Saved Sri Lankan-affiliated work number=73,813 progress=98.0% api_total=75,333
2026-08-05 13:29:09,381 INFO src.pipeline.kaggle_collect_openalex_sri_lanka: Saved Sri Lankan-affiliated work number=73,814 progress=98.0% api_total=75,333
2026-08-05 13:29:09,382 INFO src.pipeline.kaggle_collect_openalex_sri_lanka: Saved Sri Lankan-affiliated work number=73,815 progress=98.0% api_total=75,333
2026-08-05 13:29:09,382 INFO src.pipeline.kaggle_collect_openalex_sri_lanka: Saved Sri Lankan-affiliated work number=73,816 progress=98.0% api_total=75,333
2026-08-05 13:29:09,382 INFO src.pipeline.kaggle_collect_openalex_sri_lanka: Saved Sri Lankan-affiliated work number=73,817 progress=98.0% api_total=75,333
2026-08-05 13:29:09,383 INFO src.pipeline.kaggle_collect_openalex_sri_lanka: Saved Sri Lankan-affiliated work number=73,818 progress=98.0% api_total=75,333
2026-08-05 13:29:09,383 INFO src.pipeline.kaggle_collect_openalex_sri_lanka: Saved Sri Lankan-affiliated work number=73,819 progress=98.0% api_total=75,333
2026-08-05 13:29:09,383 INFO src.pipeline.kaggle_collect_openalex_sri_lanka: Saved Sri Lankan-affiliated work number=73,820 progress=98.0% api_total=75,333
2026-08-05 13:29:09,383 INFO src.pipeline.kaggle_collect_openalex_sri_lanka: Saved Sri Lankan-affiliated work number=73,821 progress=98.0% api_total=75,333
2026-08-05 13:29:09,384 INFO src.pipeline.kaggle_collect_openalex_sri_lanka: Saved Sri Lankan-affiliated work number=73,822 progress=98.0% api_total=75,333
2026-08-05 13:29:09,384 INFO src.pipeline.kaggle_collect_openalex_sri_lanka: Saved Sri Lankan-affiliated work number=73,823 progress=98.0% api_total=75,333
2026-08-05 13:29:09,385 INFO src.pipeline.kaggle_collect_openalex_sri_lanka: Saved Sri Lankan-affiliated work number=73,824 progress=98.0% api_total=75,333
2026-08-05 13:29:09,385 INFO src.pipeline.kaggle_collect_openalex_sri_lanka: Saved Sri Lankan-affiliated work number=73,825 progress=98.0% api_total=75,333
2026-08-05 13:29:09,385 INFO src.pipeline.kaggle_collect_openalex_sri_lanka: Saved Sri Lankan-affiliated work number=73,826 progress=98.0% api_total=75,333
2026-08-05 13:29:09,385 INFO src.pipeline.kaggle_collect_openalex_sri_lanka: Saved Sri Lankan-affiliated work number=73,827 progress=98.0% api_total=75,333
2026-08-05 13:29:09,386 INFO src.pipeline.kaggle_collect_openalex_sri_lanka: Saved Sri Lankan-affiliated work number=73,828 progress=98.0% api_total=75,333
2026-08-05 13:29:09,386 INFO src.pipeline.kaggle_collect_openalex_sri_lanka: Saved Sri Lankan-affiliated work number=73,829 progress=98.0% api_total=75,333
2026-08-05 13:29:09,386 INFO src.pipeline.kaggle_collect_openalex_sri_lanka: Saved Sri Lankan-affiliated work number=73,830 progress=98.0% api_total=75,333
2026-08-05 13:29:09,387 INFO src.pipeline.kaggle_collect_openalex_sri_lanka: Saved Sri Lankan-affiliated work number=73,831 progress=98.0% api_total=75,333
2026-08-05 13:29:09,387 INFO src.pipeline.kaggle_collect_openalex_sri_lanka: Saved Sri Lankan-affiliated work number=73,832 progress=98.0% api_total=75,333
2026-08-05 13:29:09,387 INFO src.pipeline.kaggle_collect_openalex_sri_lanka: Saved Sri Lankan-affiliated work number=73,833 progress=98.0% api_total=75,333
2026-08-05 13:29:09,387 INFO src.pipeline.kaggle_collect_openalex_sri_lanka: Saved Sri Lankan-affiliated work number=73,834 progress=98.0% api_total=75,333
2026-08-05 13:29:09,388 INFO src.pipeline.kaggle_collect_openalex_sri_lanka: Saved Sri Lankan-affiliated work number=73,835 progress=98.0% api_total=75,333
2026-08-05 13:29:09,388 INFO src.pipeline.kaggle_collect_openalex_sri_lanka: Saved Sri Lankan-affiliated work number=73,836 progress=98.0% api_total=75,333
2026-08-05 13:29:09,388 INFO src.pipeline.kaggle_collect_openalex_sri_lanka: Saved Sri Lankan-affiliated work number=73,837 progress=98.0% api_total=75,333
2026-08-05 13:29:09,389 INFO src.pipeline.kaggle_collect_openalex_sri_lanka: Saved Sri Lankan-affiliated work number=73,838 progress=98.0% api_total=75,333
2026-08-05 13:29:09,389 INFO src.pipeline.kaggle_collect_openalex_sri_lanka: Saved Sri Lankan-affiliated work number=73,839 progress=98.0% api_total=75,333
2026-08-05 13:29:09,390 INFO src.pipeline.kaggle_collect_openalex_sri_lanka: Saved Sri Lankan-affiliated work number=73,840 progress=98.0% api_total=75,333
2026-08-05 13:29:09,390 INFO src.pipeline.kaggle_collect_openalex_sri_lanka: Saved Sri Lankan-affiliated work number=73,841 progress=98.0% api_total=75,333
2026-08-05 13:29:09,391 INFO src.pipeline.kaggle_collect_openalex_sri_lanka: Saved Sri Lankan-affiliated work number=73,842 progress=98.0% api_total=75,333
2026-08-05 13:29:09,391 INFO src.pipeline.kaggle_collect_openalex_sri_lanka: Saved Sri Lankan-affiliated work number=73,843 progress=98.0% api_total=75,333
2026-08-05 13:29:09,391 INFO src.pipeline.kaggle_collect_openalex_sri_lanka: Saved Sri Lankan-affiliated work number=73,844 progress=98.0% api_total=75,333
2026-08-05 13:29:18,022 INFO src.collectors.openalex_collector: Fetched OpenAlex page page=19/377 progress=5.0% fetched=200 kept=200 skipped=0 next_cursor=yes
2026-08-05 13:29:18,027 INFO src.pipeline.kaggle_collect_openalex_sri_lanka: Saved Sri Lankan-affiliated work number=73,845 progress=98.0% api_total=75,333
2026-08-05 13:29:18,028 INFO src.pipeline.kaggle_collect_openalex_sri_lanka: Saved Sri Lankan-affiliated work number=73,846 progress=98.0% api_total=75,333
2026-08-05 13:29:18,028 INFO src.pipeline.kaggle_collect_openalex_sri_lanka: Saved Sri Lankan-affiliated work number=73,847 progress=98.0% api_total=75,333
2026-08-05 13:29:18,029 INFO src.pipeline.kaggle_collect_openalex_sri_lanka: Saved Sri Lankan-affiliated work number=73,848 progress=98.0% api_total=75,333
2026-08-05 13:29:18,029 INFO src.pipeline.kaggle_collect_openalex_sri_lanka: Saved Sri Lankan-affiliated work number=73,849 progress=98.0% api_total=75,333
2026-08-05 13:29:18,029 INFO src.pipeline.kaggle_collect_openalex_sri_lanka: Saved Sri Lankan-affiliated work number=73,850 progress=98.0% api_total=75,333
2026-08-05 13:29:18,030 INFO src.pipeline.kaggle_collect_openalex_sri_lanka: Saved Sri Lankan-affiliated work number=73,851 progress=98.0% api_total=75,333
2026-08-05 13:29:18,030 INFO src.pipeline.kaggle_collect_openalex_sri_lanka: Saved Sri Lankan-affiliated work number=73,852 progress=98.0% api_total=75,333
2026-08-05 13:29:18,030 INFO src.pipeline.kaggle_collect_openalex_sri_lanka: Saved Sri Lankan-affiliated work number=73,853 progress=98.0% api_total=75,333
2026-08-05 13:29:18,030 INFO src.pipeline.kaggle_collect_openalex_sri_lanka: Saved Sri Lankan-affiliated work number=73,854 progress=98.0% api_total=75,333
2026-08-05 13:29:18,031 INFO src.pipeline.kaggle_collect_openalex_sri_lanka: Saved Sri Lankan-affiliated work number=73,855 progress=98.0% api_total=75,333
2026-08-05 13:29:18,031 INFO src.pipeline.kaggle_collect_openalex_sri_lanka: Saved Sri Lankan-affiliated work number=73,856 progress=98.0% api_total=75,333
2026-08-05 13:29:18,031 INFO src.pipeline.kaggle_collect_openalex_sri_lanka: Saved Sri Lankan-affiliated work number=73,857 progress=98.0% api_total=75,333
2026-08-05 13:29:18,032 INFO src.pipeline.kaggle_collect_openalex_sri_lanka: Saved Sri Lankan-affiliated work number=73,858 progress=98.0% api_total=75,333
2026-08-05 13:29:18,032 INFO src.pipeline.kaggle_collect_openalex_sri_lanka: Saved Sri Lankan-affiliated work number=73,859 progress=98.0% api_total=75,333
2026-08-05 13:29:18,032 INFO src.pipeline.kaggle_collect_openalex_sri_lanka: Saved Sri Lankan-affiliated work number=73,860 progress=98.0% api_total=75,333
2026-08-05 13:29:18,032 INFO src.pipeline.kaggle_collect_openalex_sri_lanka: Saved Sri Lankan-affiliated work number=73,861 progress=98.0% api_total=75,333
2026-08-05 13:29:18,033 INFO src.pipeline.kaggle_collect_openalex_sri_lanka: Saved Sri Lankan-affiliated work number=73,862 progress=98.0% api_total=75,333
2026-08-05 13:29:18,033 INFO src.pipeline.kaggle_collect_openalex_sri_lanka: Saved Sri Lankan-affiliated work number=73,863 progress=98.0% api_total=75,333
2026-08-05 13:29:18,034 INFO src.pipeline.kaggle_collect_openalex_sri_lanka: Saved Sri Lankan-affiliated work number=73,864 progress=98.0% api_total=75,333
2026-08-05 13:29:18,034 INFO src.pipeline.kaggle_collect_openalex_sri_lanka: Saved Sri Lankan-affiliated work number=73,865 progress=98.1% api_total=75,333
2026-08-05 13:29:18,034 INFO src.pipeline.kaggle_collect_openalex_sri_lanka: Saved Sri Lankan-affiliated work number=73,866 progress=98.1% api_total=75,333
2026-08-05 13:29:18,034 INFO src.pipeline.kaggle_collect_openalex_sri_lanka: Saved Sri Lankan-affiliated work number=73,867 progress=98.1% api_total=75,333
2026-08-05 13:29:18,035 INFO src.pipeline.kaggle_collect_openalex_sri_lanka: Saved Sri Lankan-affiliated work number=73,868 progress=98.1% api_total=75,333
2026-08-05 13:29:18,035 INFO src.pipeline.kaggle_collect_openalex_sri_lanka: Saved Sri Lankan-affiliated work number=73,869 progress=98.1% api_total=75,333
2026-08-05 13:29:18,035 INFO src.pipeline.kaggle_collect_openalex_sri_lanka: Saved Sri Lankan-affiliated work number=73,870 progress=98.1% api_total=75,333
2026-08-05 13:29:18,036 INFO src.pipeline.kaggle_collect_openalex_sri_lanka: Saved Sri Lankan-affiliated work number=73,871 progress=98.1% api_total=75,333
2026-08-05 13:29:18,036 INFO src.pipeline.kaggle_collect_openalex_sri_lanka: Saved Sri Lankan-affiliated work number=73,872 progress=98.1% api_total=75,333
2026-08-05 13:29:18,036 INFO src.pipeline.kaggle_collect_openalex_sri_lanka: Saved Sri Lankan-affiliated work number=73,873 progress=98.1% api_total=75,333
2026-08-05 13:29:18,036 INFO src.pipeline.kaggle_collect_openalex_sri_lanka: Saved Sri Lankan-affiliated work number=73,874 progress=98.1% api_total=75,333
2026-08-05 13:29:18,037 INFO src.pipeline.kaggle_collect_openalex_sri_lanka: Saved Sri Lankan-affiliated work number=73,875 progress=98.1% api_total=75,333
2026-08-05 13:29:18,037 INFO src.pipeline.kaggle_collect_openalex_sri_lanka: Saved Sri Lankan-affiliated work number=73,876 progress=98.1% api_total=75,333
2026-08-05 13:29:18,037 INFO src.pipeline.kaggle_collect_openalex_sri_lanka: Saved Sri Lankan-affiliated work number=73,877 progress=98.1% api_total=75,333
2026-08-05 13:29:18,038 INFO src.pipeline.kaggle_collect_openalex_sri_lanka: Saved Sri Lankan-affiliated work number=73,878 progress=98.1% api_total=75,333
2026-08-05 13:29:18,038 INFO src.pipeline.kaggle_collect_openalex_sri_lanka: Saved Sri Lankan-affiliated work number=73,879 progress=98.1% api_total=75,333
2026-08-05 13:29:18,038 INFO src.pipeline.kaggle_collect_openalex_sri_lanka: Saved Sri Lankan-affiliated work number=73,880 progress=98.1% api_total=75,333
2026-08-05 13:29:18,039 INFO src.pipeline.kaggle_collect_openalex_sri_lanka: Saved Sri Lankan-affiliated work number=73,881 progress=98.1% api_total=75,333
2026-08-05 13:29:18,039 INFO src.pipeline.kaggle_collect_openalex_sri_lanka: Saved Sri Lankan-affiliated work number=73,882 progress=98.1% api_total=75,333
2026-08-05 13:29:18,039 INFO src.pipeline.kaggle_collect_openalex_sri_lanka: Saved Sri Lankan-affiliated work number=73,883 progress=98.1% api_total=75,333
2026-08-05 13:29:18,040 INFO src.pipeline.kaggle_collect_openalex_sri_lanka: Saved Sri Lankan-affiliated work number=73,884 progress=98.1% api_total=75,333
2026-08-05 13:29:18,040 INFO src.pipeline.kaggle_collect_openalex_sri_lanka: Saved Sri Lankan-affiliated work number=73,885 progress=98.1% api_total=75,333
2026-08-05 13:29:18,040 INFO src.pipeline.kaggle_collect_openalex_sri_lanka: Saved Sri Lankan-affiliated work number=73,886 progress=98.1% api_total=75,333
2026-08-05 13:29:18,040 INFO src.pipeline.kaggle_collect_openalex_sri_lanka: Saved Sri Lankan-affiliated work number=73,887 progress=98.1% api_total=75,333
2026-08-05 13:29:18,041 INFO src.pipeline.kaggle_collect_openalex_sri_lanka: Saved Sri Lankan-affiliated work number=73,888 progress=98.1% api_total=75,333
2026-08-05 13:29:18,041 INFO src.pipeline.kaggle_collect_openalex_sri_lanka: Saved Sri Lankan-affiliated work number=73,889 progress=98.1% api_total=75,333
2026-08-05 13:29:18,041 INFO src.pipeline.kaggle_collect_openalex_sri_lanka: Saved Sri Lankan-affiliated work number=73,890 progress=98.1% api_total=75,333
2026-08-05 13:29:18,042 INFO src.pipeline.kaggle_collect_openalex_sri_lanka: Saved Sri Lankan-affiliated work number=73,891 progress=98.1% api_total=75,333
2026-08-05 13:29:18,042 INFO src.pipeline.kaggle_collect_openalex_sri_lanka: Saved Sri Lankan-affiliated work number=73,892 progress=98.1% api_total=75,333
2026-08-05 13:29:18,042 INFO src.pipeline.kaggle_collect_openalex_sri_lanka: Saved Sri Lankan-affiliated work number=73,893 progress=98.1% api_total=75,333
2026-08-05 13:29:18,042 INFO src.pipeline.kaggle_collect_openalex_sri_lanka: Saved Sri Lankan-affiliated work number=73,894 progress=98.1% api_total=75,333
2026-08-05 13:29:18,043 INFO src.pipeline.kaggle_collect_openalex_sri_lanka: Saved Sri Lankan-affiliated work number=73,895 progress=98.1% api_total=75,333
2026-08-05 13:29:18,043 INFO src.pipeline.kaggle_collect_openalex_sri_lanka: Saved Sri Lankan-affiliated work number=73,896 progress=98.1% api_total=75,333
2026-08-05 13:29:18,044 INFO src.pipeline.kaggle_collect_openalex_sri_lanka: Saved Sri Lankan-affiliated work number=73,897 progress=98.1% api_total=75,333
2026-08-05 13:29:18,045 INFO src.pipeline.kaggle_collect_openalex_sri_lanka: Saved Sri Lankan-affiliated work number=73,898 progress=98.1% api_total=75,333
2026-08-05 13:29:18,045 INFO src.pipeline.kaggle_collect_openalex_sri_lanka: Saved Sri Lankan-affiliated work number=73,899 progress=98.1% api_total=75,333
2026-08-05 13:29:18,046 INFO src.pipeline.kaggle_collect_openalex_sri_lanka: Saved Sri Lankan-affiliated work number=73,900 progress=98.1% api_total=75,333
2026-08-05 13:29:18,047 INFO src.pipeline.kaggle_collect_openalex_sri_lanka: Saved Sri Lankan-affiliated work number=73,901 progress=98.1% api_total=75,333
2026-08-05 13:29:18,048 INFO src.pipeline.kaggle_collect_openalex_sri_lanka: Saved Sri Lankan-affiliated work number=73,902 progress=98.1% api_total=75,333
2026-08-05 13:29:18,048 INFO src.pipeline.kaggle_collect_openalex_sri_lanka: Saved Sri Lankan-affiliated work number=73,903 progress=98.1% api_total=75,333
2026-08-05 13:29:18,049 INFO src.pipeline.kaggle_collect_openalex_sri_lanka: Saved Sri Lankan-affiliated work number=73,904 progress=98.1% api_total=75,333
2026-08-05 13:29:18,049 INFO src.pipeline.kaggle_collect_openalex_sri_lanka: Saved Sri Lankan-affiliated work number=73,905 progress=98.1% api_total=75,333
2026-08-05 13:29:18,050 INFO src.pipeline.kaggle_collect_openalex_sri_lanka: Saved Sri Lankan-affiliated work number=73,906 progress=98.1% api_total=75,333
2026-08-05 13:29:18,050 INFO src.pipeline.kaggle_collect_openalex_sri_lanka: Saved Sri Lankan-affiliated work number=73,907 progress=98.1% api_total=75,333
2026-08-05 13:29:18,050 INFO src.pipeline.kaggle_collect_openalex_sri_lanka: Saved Sri Lankan-affiliated work number=73,908 progress=98.1% api_total=75,333
2026-08-05 13:29:18,051 INFO src.pipeline.kaggle_collect_openalex_sri_lanka: Saved Sri Lankan-affiliated work number=73,909 progress=98.1% api_total=75,333
2026-08-05 13:29:18,051 INFO src.pipeline.kaggle_collect_openalex_sri_lanka: Saved Sri Lankan-affiliated work number=73,910 progress=98.1% api_total=75,333
2026-08-05 13:29:18,052 INFO src.pipeline.kaggle_collect_openalex_sri_lanka: Saved Sri Lankan-affiliated work number=73,911 progress=98.1% api_total=75,333
2026-08-05 13:29:18,052 INFO src.pipeline.kaggle_collect_openalex_sri_lanka: Saved Sri Lankan-affiliated work number=73,912 progress=98.1% api_total=75,333
2026-08-05 13:29:18,053 INFO src.pipeline.kaggle_collect_openalex_sri_lanka: Saved Sri Lankan-affiliated work number=73,913 progress=98.1% api_total=75,333
2026-08-05 13:29:18,053 INFO src.pipeline.kaggle_collect_openalex_sri_lanka: Saved Sri Lankan-affiliated work number=73,914 progress=98.1% api_total=75,333
2026-08-05 13:29:18,054 INFO src.pipeline.kaggle_collect_openalex_sri_lanka: Saved Sri Lankan-affiliated work number=73,915 progress=98.1% api_total=75,333
2026-08-05 13:29:18,054 INFO src.pipeline.kaggle_collect_openalex_sri_lanka: Saved Sri Lankan-affiliated work number=73,916 progress=98.1% api_total=75,333
2026-08-05 13:29:18,055 INFO src.pipeline.kaggle_collect_openalex_sri_lanka: Saved Sri Lankan-affiliated work number=73,917 progress=98.1% api_total=75,333
2026-08-05 13:29:18,055 INFO src.pipeline.kaggle_collect_openalex_sri_lanka: Saved Sri Lankan-affiliated work number=73,918 progress=98.1% api_total=75,333
2026-08-05 13:29:18,056 INFO src.pipeline.kaggle_collect_openalex_sri_lanka: Saved Sri Lankan-affiliated work number=73,919 progress=98.1% api_total=75,333
2026-08-05 13:29:18,056 INFO src.pipeline.kaggle_collect_openalex_sri_lanka: Saved Sri Lankan-affiliated work number=73,920 progress=98.1% api_total=75,333
2026-08-05 13:29:18,057 INFO src.pipeline.kaggle_collect_openalex_sri_lanka: Saved Sri Lankan-affiliated work number=73,921 progress=98.1% api_total=75,333
2026-08-05 13:29:18,057 INFO src.pipeline.kaggle_collect_openalex_sri_lanka: Saved Sri Lankan-affiliated work number=73,922 progress=98.1% api_total=75,333
2026-08-05 13:29:18,058 INFO src.pipeline.kaggle_collect_openalex_sri_lanka: Saved Sri Lankan-affiliated work number=73,923 progress=98.1% api_total=75,333
2026-08-05 13:29:18,059 INFO src.pipeline.kaggle_collect_openalex_sri_lanka: Saved Sri Lankan-affiliated work number=73,924 progress=98.1% api_total=75,333
2026-08-05 13:29:18,059 INFO src.pipeline.kaggle_collect_openalex_sri_lanka: Saved Sri Lankan-affiliated work number=73,925 progress=98.1% api_total=75,333
2026-08-05 13:29:18,060 INFO src.pipeline.kaggle_collect_openalex_sri_lanka: Saved Sri Lankan-affiliated work number=73,926 progress=98.1% api_total=75,333
2026-08-05 13:29:18,060 INFO src.pipeline.kaggle_collect_openalex_sri_lanka: Saved Sri Lankan-affiliated work number=73,927 progress=98.1% api_total=75,333
2026-08-05 13:29:18,061 INFO src.pipeline.kaggle_collect_openalex_sri_lanka: Saved Sri Lankan-affiliated work number=73,928 progress=98.1% api_total=75,333
2026-08-05 13:29:18,061 INFO src.pipeline.kaggle_collect_openalex_sri_lanka: Saved Sri Lankan-affiliated work number=73,929 progress=98.1% api_total=75,333
2026-08-05 13:29:18,062 INFO src.pipeline.kaggle_collect_openalex_sri_lanka: Saved Sri Lankan-affiliated work number=73,930 progress=98.1% api_total=75,333
2026-08-05 13:29:18,063 INFO src.pipeline.kaggle_collect_openalex_sri_lanka: Saved Sri Lankan-affiliated work number=73,931 progress=98.1% api_total=75,333
2026-08-05 13:29:18,063 INFO src.pipeline.kaggle_collect_openalex_sri_lanka: Saved Sri Lankan-affiliated work number=73,932 progress=98.1% api_total=75,333
2026-08-05 13:29:18,064 INFO src.pipeline.kaggle_collect_openalex_sri_lanka: Saved Sri Lankan-affiliated work number=73,933 progress=98.1% api_total=75,333
2026-08-05 13:29:18,065 INFO src.pipeline.kaggle_collect_openalex_sri_lanka: Saved Sri Lankan-affiliated work number=73,934 progress=98.1% api_total=75,333
2026-08-05 13:29:18,066 INFO src.pipeline.kaggle_collect_openalex_sri_lanka: Saved Sri Lankan-affiliated work number=73,935 progress=98.1% api_total=75,333
2026-08-05 13:29:18,066 INFO src.pipeline.kaggle_collect_openalex_sri_lanka: Saved Sri Lankan-affiliated work number=73,936 progress=98.1% api_total=75,333
2026-08-05 13:29:18,067 INFO src.pipeline.kaggle_collect_openalex_sri_lanka: Saved Sri Lankan-affiliated work number=73,937 progress=98.1% api_total=75,333
2026-08-05 13:29:18,068 INFO src.pipeline.kaggle_collect_openalex_sri_lanka: Saved Sri Lankan-affiliated work number=73,938 progress=98.1% api_total=75,333
2026-08-05 13:29:18,069 INFO src.pipeline.kaggle_collect_openalex_sri_lanka: Saved Sri Lankan-affiliated work number=73,939 progress=98.1% api_total=75,333
2026-08-05 13:29:18,069 INFO src.pipeline.kaggle_collect_openalex_sri_lanka: Saved Sri Lankan-affiliated work number=73,940 progress=98.2% api_total=75,333
2026-08-05 13:29:18,070 INFO src.pipeline.kaggle_collect_openalex_sri_lanka: Saved Sri Lankan-affiliated work number=73,941 progress=98.2% api_total=75,333
2026-08-05 13:29:18,070 INFO src.pipeline.kaggle_collect_openalex_sri_lanka: Saved Sri Lankan-affiliated work number=73,942 progress=98.2% api_total=75,333
2026-08-05 13:29:18,071 INFO src.pipeline.kaggle_collect_openalex_sri_lanka: Saved Sri Lankan-affiliated work number=73,943 progress=98.2% api_total=75,333
2026-08-05 13:29:18,071 INFO src.pipeline.kaggle_collect_openalex_sri_lanka: Saved Sri Lankan-affiliated work number=73,944 progress=98.2% api_total=75,333
2026-08-05 13:29:18,072 INFO src.pipeline.kaggle_collect_openalex_sri_lanka: Saved Sri Lankan-affiliated work number=73,945 progress=98.2% api_total=75,333
2026-08-05 13:29:18,073 INFO src.pipeline.kaggle_collect_openalex_sri_lanka: Saved Sri Lankan-affiliated work number=73,946 progress=98.2% api_total=75,333
2026-08-05 13:29:18,074 INFO src.pipeline.kaggle_collect_openalex_sri_lanka: Saved Sri Lankan-affiliated work number=73,947 progress=98.2% api_total=75,333
2026-08-05 13:29:18,075 INFO src.pipeline.kaggle_collect_openalex_sri_lanka: Saved Sri Lankan-affiliated work number=73,948 progress=98.2% api_total=75,333
2026-08-05 13:29:18,076 INFO src.pipeline.kaggle_collect_openalex_sri_lanka: Saved Sri Lankan-affiliated work number=73,949 progress=98.2% api_total=75,333
2026-08-05 13:29:18,077 INFO src.pipeline.kaggle_collect_openalex_sri_lanka: Saved Sri Lankan-affiliated work number=73,950 progress=98.2% api_total=75,333
2026-08-05 13:29:18,077 INFO src.pipeline.kaggle_collect_openalex_sri_lanka: Saved Sri Lankan-affiliated work number=73,951 progress=98.2% api_total=75,333
2026-08-05 13:29:18,078 INFO src.pipeline.kaggle_collect_openalex_sri_lanka: Saved Sri Lankan-affiliated work number=73,952 progress=98.2% api_total=75,333
2026-08-05 13:29:18,078 INFO src.pipeline.kaggle_collect_openalex_sri_lanka: Saved Sri Lankan-affiliated work number=73,953 progress=98.2% api_total=75,333
2026-08-05 13:29:18,079 INFO src.pipeline.kaggle_collect_openalex_sri_lanka: Saved Sri Lankan-affiliated work number=73,954 progress=98.2% api_total=75,333
2026-08-05 13:29:18,079 INFO src.pipeline.kaggle_collect_openalex_sri_lanka: Saved Sri Lankan-affiliated work number=73,955 progress=98.2% api_total=75,333
2026-08-05 13:29:18,080 INFO src.pipeline.kaggle_collect_openalex_sri_lanka: Saved Sri Lankan-affiliated work number=73,956 progress=98.2% api_total=75,333
2026-08-05 13:29:18,080 INFO src.pipeline.kaggle_collect_openalex_sri_lanka: Saved Sri Lankan-affiliated work number=73,957 progress=98.2% api_total=75,333
2026-08-05 13:29:18,081 INFO src.pipeline.kaggle_collect_openalex_sri_lanka: Saved Sri Lankan-affiliated work number=73,958 progress=98.2% api_total=75,333
2026-08-05 13:29:18,081 INFO src.pipeline.kaggle_collect_openalex_sri_lanka: Saved Sri Lankan-affiliated work number=73,959 progress=98.2% api_total=75,333
2026-08-05 13:29:18,082 INFO src.pipeline.kaggle_collect_openalex_sri_lanka: Saved Sri Lankan-affiliated work number=73,960 progress=98.2% api_total=75,333
2026-08-05 13:29:18,082 INFO src.pipeline.kaggle_collect_openalex_sri_lanka: Saved Sri Lankan-affiliated work number=73,961 progress=98.2% api_total=75,333
2026-08-05 13:29:18,083 INFO src.pipeline.kaggle_collect_openalex_sri_lanka: Saved Sri Lankan-affiliated work number=73,962 progress=98.2% api_total=75,333
2026-08-05 13:29:18,083 INFO src.pipeline.kaggle_collect_openalex_sri_lanka: Saved Sri Lankan-affiliated work number=73,963 progress=98.2% api_total=75,333
2026-08-05 13:29:18,084 INFO src.pipeline.kaggle_collect_openalex_sri_lanka: Saved Sri Lankan-affiliated work number=73,964 progress=98.2% api_total=75,333
2026-08-05 13:29:18,084 INFO src.pipeline.kaggle_collect_openalex_sri_lanka: Saved Sri Lankan-affiliated work number=73,965 progress=98.2% api_total=75,333
2026-08-05 13:29:18,085 INFO src.pipeline.kaggle_collect_openalex_sri_lanka: Saved Sri Lankan-affiliated work number=73,966 progress=98.2% api_total=75,333
2026-08-05 13:29:18,085 INFO src.pipeline.kaggle_collect_openalex_sri_lanka: Saved Sri Lankan-affiliated work number=73,967 progress=98.2% api_total=75,333
2026-08-05 13:29:18,085 INFO src.pipeline.kaggle_collect_openalex_sri_lanka: Saved Sri Lankan-affiliated work number=73,968 progress=98.2% api_total=75,333
2026-08-05 13:29:18,086 INFO src.pipeline.kaggle_collect_openalex_sri_lanka: Saved Sri Lankan-affiliated work number=73,969 progress=98.2% api_total=75,333
2026-08-05 13:29:18,086 INFO src.pipeline.kaggle_collect_openalex_sri_lanka: Saved Sri Lankan-affiliated work number=73,970 progress=98.2% api_total=75,333
2026-08-05 13:29:18,087 INFO src.pipeline.kaggle_collect_openalex_sri_lanka: Saved Sri Lankan-affiliated work number=73,971 progress=98.2% api_total=75,333
2026-08-05 13:29:18,087 INFO src.pipeline.kaggle_collect_openalex_sri_lanka: Saved Sri Lankan-affiliated work number=73,972 progress=98.2% api_total=75,333
2026-08-05 13:29:18,087 INFO src.pipeline.kaggle_collect_openalex_sri_lanka: Saved Sri Lankan-affiliated work number=73,973 progress=98.2% api_total=75,333
2026-08-05 13:29:18,088 INFO src.pipeline.kaggle_collect_openalex_sri_lanka: Saved Sri Lankan-affiliated work number=73,974 progress=98.2% api_total=75,333
2026-08-05 13:29:18,088 INFO src.pipeline.kaggle_collect_openalex_sri_lanka: Saved Sri Lankan-affiliated work number=73,975 progress=98.2% api_total=75,333
2026-08-05 13:29:18,088 INFO src.pipeline.kaggle_collect_openalex_sri_lanka: Saved Sri Lankan-affiliated work number=73,976 progress=98.2% api_total=75,333
2026-08-05 13:29:18,089 INFO src.pipeline.kaggle_collect_openalex_sri_lanka: Saved Sri Lankan-affiliated work number=73,977 progress=98.2% api_total=75,333
2026-08-05 13:29:18,089 INFO src.pipeline.kaggle_collect_openalex_sri_lanka: Saved Sri Lankan-affiliated work number=73,978 progress=98.2% api_total=75,333
2026-08-05 13:29:18,090 INFO src.pipeline.kaggle_collect_openalex_sri_lanka: Saved Sri Lankan-affiliated work number=73,979 progress=98.2% api_total=75,333
2026-08-05 13:29:18,090 INFO src.pipeline.kaggle_collect_openalex_sri_lanka: Saved Sri Lankan-affiliated work number=73,980 progress=98.2% api_total=75,333
2026-08-05 13:29:18,092 INFO src.pipeline.kaggle_collect_openalex_sri_lanka: Saved Sri Lankan-affiliated work number=73,981 progress=98.2% api_total=75,333
2026-08-05 13:29:18,092 INFO src.pipeline.kaggle_collect_openalex_sri_lanka: Saved Sri Lankan-affiliated work number=73,982 progress=98.2% api_total=75,333
2026-08-05 13:29:18,093 INFO src.pipeline.kaggle_collect_openalex_sri_lanka: Saved Sri Lankan-affiliated work number=73,983 progress=98.2% api_total=75,333
2026-08-05 13:29:18,094 INFO src.pipeline.kaggle_collect_openalex_sri_lanka: Saved Sri Lankan-affiliated work number=73,984 progress=98.2% api_total=75,333
2026-08-05 13:29:18,094 INFO src.pipeline.kaggle_collect_openalex_sri_lanka: Saved Sri Lankan-affiliated work number=73,985 progress=98.2% api_total=75,333
2026-08-05 13:29:18,095 INFO src.pipeline.kaggle_collect_openalex_sri_lanka: Saved Sri Lankan-affiliated work number=73,986 progress=98.2% api_total=75,333
2026-08-05 13:29:18,095 INFO src.pipeline.kaggle_collect_openalex_sri_lanka: Saved Sri Lankan-affiliated work number=73,987 progress=98.2% api_total=75,333
2026-08-05 13:29:18,096 INFO src.pipeline.kaggle_collect_openalex_sri_lanka: Saved Sri Lankan-affiliated work number=73,988 progress=98.2% api_total=75,333
2026-08-05 13:29:18,097 INFO src.pipeline.kaggle_collect_openalex_sri_lanka: Saved Sri Lankan-affiliated work number=73,989 progress=98.2% api_total=75,333
2026-08-05 13:29:18,097 INFO src.pipeline.kaggle_collect_openalex_sri_lanka: Saved Sri Lankan-affiliated work number=73,990 progress=98.2% api_total=75,333
2026-08-05 13:29:18,098 INFO src.pipeline.kaggle_collect_openalex_sri_lanka: Saved Sri Lankan-affiliated work number=73,991 progress=98.2% api_total=75,333
2026-08-05 13:29:18,098 INFO src.pipeline.kaggle_collect_openalex_sri_lanka: Saved Sri Lankan-affiliated work number=73,992 progress=98.2% api_total=75,333
2026-08-05 13:29:18,099 INFO src.pipeline.kaggle_collect_openalex_sri_lanka: Saved Sri Lankan-affiliated work number=73,993 progress=98.2% api_total=75,333
2026-08-05 13:29:18,100 INFO src.pipeline.kaggle_collect_openalex_sri_lanka: Saved Sri Lankan-affiliated work number=73,994 progress=98.2% api_total=75,333
2026-08-05 13:29:18,101 INFO src.pipeline.kaggle_collect_openalex_sri_lanka: Saved Sri Lankan-affiliated work number=73,995 progress=98.2% api_total=75,333
2026-08-05 13:29:18,101 INFO src.pipeline.kaggle_collect_openalex_sri_lanka: Saved Sri Lankan-affiliated work number=73,996 progress=98.2% api_total=75,333
2026-08-05 13:29:18,102 INFO src.pipeline.kaggle_collect_openalex_sri_lanka: Saved Sri Lankan-affiliated work number=73,997 progress=98.2% api_total=75,333
2026-08-05 13:29:18,102 INFO src.pipeline.kaggle_collect_openalex_sri_lanka: Saved Sri Lankan-affiliated work number=73,998 progress=98.2% api_total=75,333
2026-08-05 13:29:18,103 INFO src.pipeline.kaggle_collect_openalex_sri_lanka: Saved Sri Lankan-affiliated work number=73,999 progress=98.2% api_total=75,333
2026-08-05 13:29:18,104 INFO src.pipeline.kaggle_collect_openalex_sri_lanka: Saved Sri Lankan-affiliated work number=74,000 progress=98.2% api_total=75,333
2026-08-05 13:29:18,105 INFO src.pipeline.kaggle_collect_openalex_sri_lanka: Saved Sri Lankan-affiliated work number=74,001 progress=98.2% api_total=75,333
2026-08-05 13:29:18,106 INFO src.pipeline.kaggle_collect_openalex_sri_lanka: Saved Sri Lankan-affiliated work number=74,002 progress=98.2% api_total=75,333
2026-08-05 13:29:18,107 INFO src.pipeline.kaggle_collect_openalex_sri_lanka: Saved Sri Lankan-affiliated work number=74,003 progress=98.2% api_total=75,333
2026-08-05 13:29:18,107 INFO src.pipeline.kaggle_collect_openalex_sri_lanka: Saved Sri Lankan-affiliated work number=74,004 progress=98.2% api_total=75,333
2026-08-05 13:29:18,108 INFO src.pipeline.kaggle_collect_openalex_sri_lanka: Saved Sri Lankan-affiliated work number=74,005 progress=98.2% api_total=75,333
2026-08-05 13:29:18,109 INFO src.pipeline.kaggle_collect_openalex_sri_lanka: Saved Sri Lankan-affiliated work number=74,006 progress=98.2% api_total=75,333
2026-08-05 13:29:18,109 INFO src.pipeline.kaggle_collect_openalex_sri_lanka: Saved Sri Lankan-affiliated work number=74,007 progress=98.2% api_total=75,333
2026-08-05 13:29:18,110 INFO src.pipeline.kaggle_collect_openalex_sri_lanka: Saved Sri Lankan-affiliated work number=74,008 progress=98.2% api_total=75,333
2026-08-05 13:29:18,110 INFO src.pipeline.kaggle_collect_openalex_sri_lanka: Saved Sri Lankan-affiliated work number=74,009 progress=98.2% api_total=75,333
2026-08-05 13:29:18,110 INFO src.pipeline.kaggle_collect_openalex_sri_lanka: Saved Sri Lankan-affiliated work number=74,010 progress=98.2% api_total=75,333
2026-08-05 13:29:18,111 INFO src.pipeline.kaggle_collect_openalex_sri_lanka: Saved Sri Lankan-affiliated work number=74,011 progress=98.2% api_total=75,333
2026-08-05 13:29:18,111 INFO src.pipeline.kaggle_collect_openalex_sri_lanka: Saved Sri Lankan-affiliated work number=74,012 progress=98.2% api_total=75,333
2026-08-05 13:29:18,112 INFO src.pipeline.kaggle_collect_openalex_sri_lanka: Saved Sri Lankan-affiliated work number=74,013 progress=98.2% api_total=75,333
2026-08-05 13:29:18,112 INFO src.pipeline.kaggle_collect_openalex_sri_lanka: Saved Sri Lankan-affiliated work number=74,014 progress=98.2% api_total=75,333
2026-08-05 13:29:18,112 INFO src.pipeline.kaggle_collect_openalex_sri_lanka: Saved Sri Lankan-affiliated work number=74,015 progress=98.3% api_total=75,333
2026-08-05 13:29:18,113 INFO src.pipeline.kaggle_collect_openalex_sri_lanka: Saved Sri Lankan-affiliated work number=74,016 progress=98.3% api_total=75,333
2026-08-05 13:29:18,113 INFO src.pipeline.kaggle_collect_openalex_sri_lanka: Saved Sri Lankan-affiliated work number=74,017 progress=98.3% api_total=75,333
2026-08-05 13:29:18,113 INFO src.pipeline.kaggle_collect_openalex_sri_lanka: Saved Sri Lankan-affiliated work number=74,018 progress=98.3% api_total=75,333
2026-08-05 13:29:18,114 INFO src.pipeline.kaggle_collect_openalex_sri_lanka: Saved Sri Lankan-affiliated work number=74,019 progress=98.3% api_total=75,333
2026-08-05 13:29:18,114 INFO src.pipeline.kaggle_collect_openalex_sri_lanka: Saved Sri Lankan-affiliated work number=74,020 progress=98.3% api_total=75,333
2026-08-05 13:29:18,115 INFO src.pipeline.kaggle_collect_openalex_sri_lanka: Saved Sri Lankan-affiliated work number=74,021 progress=98.3% api_total=75,333
2026-08-05 13:29:18,115 INFO src.pipeline.kaggle_collect_openalex_sri_lanka: Saved Sri Lankan-affiliated work number=74,022 progress=98.3% api_total=75,333
2026-08-05 13:29:18,116 INFO src.pipeline.kaggle_collect_openalex_sri_lanka: Saved Sri Lankan-affiliated work number=74,023 progress=98.3% api_total=75,333
2026-08-05 13:29:18,116 INFO src.pipeline.kaggle_collect_openalex_sri_lanka: Saved Sri Lankan-affiliated work number=74,024 progress=98.3% api_total=75,333
2026-08-05 13:29:18,116 INFO src.pipeline.kaggle_collect_openalex_sri_lanka: Saved Sri Lankan-affiliated work number=74,025 progress=98.3% api_total=75,333
2026-08-05 13:29:18,117 INFO src.pipeline.kaggle_collect_openalex_sri_lanka: Saved Sri Lankan-affiliated work number=74,026 progress=98.3% api_total=75,333
2026-08-05 13:29:18,117 INFO src.pipeline.kaggle_collect_openalex_sri_lanka: Saved Sri Lankan-affiliated work number=74,027 progress=98.3% api_total=75,333
2026-08-05 13:29:18,117 INFO src.pipeline.kaggle_collect_openalex_sri_lanka: Saved Sri Lankan-affiliated work number=74,028 progress=98.3% api_total=75,333
2026-08-05 13:29:18,117 INFO src.pipeline.kaggle_collect_openalex_sri_lanka: Saved Sri Lankan-affiliated work number=74,029 progress=98.3% api_total=75,333
2026-08-05 13:29:18,118 INFO src.pipeline.kaggle_collect_openalex_sri_lanka: Saved Sri Lankan-affiliated work number=74,030 progress=98.3% api_total=75,333
2026-08-05 13:29:18,118 INFO src.pipeline.kaggle_collect_openalex_sri_lanka: Saved Sri Lankan-affiliated work number=74,031 progress=98.3% api_total=75,333
2026-08-05 13:29:18,118 INFO src.pipeline.kaggle_collect_openalex_sri_lanka: Saved Sri Lankan-affiliated work number=74,032 progress=98.3% api_total=75,333
2026-08-05 13:29:18,119 INFO src.pipeline.kaggle_collect_openalex_sri_lanka: Saved Sri Lankan-affiliated work number=74,033 progress=98.3% api_total=75,333
2026-08-05 13:29:18,119 INFO src.pipeline.kaggle_collect_openalex_sri_lanka: Saved Sri Lankan-affiliated work number=74,034 progress=98.3% api_total=75,333
2026-08-05 13:29:18,119 INFO src.pipeline.kaggle_collect_openalex_sri_lanka: Saved Sri Lankan-affiliated work number=74,035 progress=98.3% api_total=75,333
2026-08-05 13:29:18,120 INFO src.pipeline.kaggle_collect_openalex_sri_lanka: Saved Sri Lankan-affiliated work number=74,036 progress=98.3% api_total=75,333
2026-08-05 13:29:18,120 INFO src.pipeline.kaggle_collect_openalex_sri_lanka: Saved Sri Lankan-affiliated work number=74,037 progress=98.3% api_total=75,333
2026-08-05 13:29:18,121 INFO src.pipeline.kaggle_collect_openalex_sri_lanka: Saved Sri Lankan-affiliated work number=74,038 progress=98.3% api_total=75,333
2026-08-05 13:29:18,121 INFO src.pipeline.kaggle_collect_openalex_sri_lanka: Saved Sri Lankan-affiliated work number=74,039 progress=98.3% api_total=75,333
2026-08-05 13:29:18,121 INFO src.pipeline.kaggle_collect_openalex_sri_lanka: Saved Sri Lankan-affiliated work number=74,040 progress=98.3% api_total=75,333
2026-08-05 13:29:18,122 INFO src.pipeline.kaggle_collect_openalex_sri_lanka: Saved Sri Lankan-affiliated work number=74,041 progress=98.3% api_total=75,333
2026-08-05 13:29:18,122 INFO src.pipeline.kaggle_collect_openalex_sri_lanka: Saved Sri Lankan-affiliated work number=74,042 progress=98.3% api_total=75,333
2026-08-05 13:29:18,122 INFO src.pipeline.kaggle_collect_openalex_sri_lanka: Saved Sri Lankan-affiliated work number=74,043 progress=98.3% api_total=75,333
2026-08-05 13:29:18,123 INFO src.pipeline.kaggle_collect_openalex_sri_lanka: Saved Sri Lankan-affiliated work number=74,044 progress=98.3% api_total=75,333
2026-08-05 13:29:28,360 INFO src.collectors.openalex_collector: Fetched OpenAlex page page=20/377 progress=5.3% fetched=200 kept=199 skipped=1 next_cursor=yes
2026-08-05 13:29:28,366 INFO src.pipeline.kaggle_collect_openalex_sri_lanka: Saved Sri Lankan-affiliated work number=74,045 progress=98.3% api_total=75,333
2026-08-05 13:29:28,366 INFO src.pipeline.kaggle_collect_openalex_sri_lanka: Saved Sri Lankan-affiliated work number=74,046 progress=98.3% api_total=75,333
2026-08-05 13:29:28,366 INFO src.pipeline.kaggle_collect_openalex_sri_lanka: Saved Sri Lankan-affiliated work number=74,047 progress=98.3% api_total=75,333
2026-08-05 13:29:28,366 INFO src.pipeline.kaggle_collect_openalex_sri_lanka: Saved Sri Lankan-affiliated work number=74,048 progress=98.3% api_total=75,333
2026-08-05 13:29:28,367 INFO src.pipeline.kaggle_collect_openalex_sri_lanka: Saved Sri Lankan-affiliated work number=74,049 progress=98.3% api_total=75,333
2026-08-05 13:29:28,367 INFO src.pipeline.kaggle_collect_openalex_sri_lanka: Saved Sri Lankan-affiliated work number=74,050 progress=98.3% api_total=75,333
2026-08-05 13:29:28,368 INFO src.pipeline.kaggle_collect_openalex_sri_lanka: Saved Sri Lankan-affiliated work number=74,051 progress=98.3% api_total=75,333
2026-08-05 13:29:28,368 INFO src.pipeline.kaggle_collect_openalex_sri_lanka: Saved Sri Lankan-affiliated work number=74,052 progress=98.3% api_total=75,333
2026-08-05 13:29:28,369 INFO src.pipeline.kaggle_collect_openalex_sri_lanka: Saved Sri Lankan-affiliated work number=74,053 progress=98.3% api_total=75,333
2026-08-05 13:29:28,369 INFO src.pipeline.kaggle_collect_openalex_sri_lanka: Saved Sri Lankan-affiliated work number=74,054 progress=98.3% api_total=75,333
2026-08-05 13:29:28,369 INFO src.pipeline.kaggle_collect_openalex_sri_lanka: Saved Sri Lankan-affiliated work number=74,055 progress=98.3% api_total=75,333
2026-08-05 13:29:28,370 INFO src.pipeline.kaggle_collect_openalex_sri_lanka: Saved Sri Lankan-affiliated work number=74,056 progress=98.3% api_total=75,333
2026-08-05 13:29:28,370 INFO src.pipeline.kaggle_collect_openalex_sri_lanka: Saved Sri Lankan-affiliated work number=74,057 progress=98.3% api_total=75,333
2026-08-05 13:29:28,370 INFO src.pipeline.kaggle_collect_openalex_sri_lanka: Saved Sri Lankan-affiliated work number=74,058 progress=98.3% api_total=75,333
2026-08-05 13:29:28,371 INFO src.pipeline.kaggle_collect_openalex_sri_lanka: Saved Sri Lankan-affiliated work number=74,059 progress=98.3% api_total=75,333
2026-08-05 13:29:28,371 INFO src.pipeline.kaggle_collect_openalex_sri_lanka: Saved Sri Lankan-affiliated work number=74,060 progress=98.3% api_total=75,333
2026-08-05 13:29:28,372 INFO src.pipeline.kaggle_collect_openalex_sri_lanka: Saved Sri Lankan-affiliated work number=74,061 progress=98.3% api_total=75,333
2026-08-05 13:29:28,372 INFO src.pipeline.kaggle_collect_openalex_sri_lanka: Saved Sri Lankan-affiliated work number=74,062 progress=98.3% api_total=75,333
2026-08-05 13:29:28,372 INFO src.pipeline.kaggle_collect_openalex_sri_lanka: Saved Sri Lankan-affiliated work number=74,063 progress=98.3% api_total=75,333
2026-08-05 13:29:28,373 INFO src.pipeline.kaggle_collect_openalex_sri_lanka: Saved Sri Lankan-affiliated work number=74,064 progress=98.3% api_total=75,333
2026-08-05 13:29:28,373 INFO src.pipeline.kaggle_collect_openalex_sri_lanka: Saved Sri Lankan-affiliated work number=74,065 progress=98.3% api_total=75,333
2026-08-05 13:29:28,373 INFO src.pipeline.kaggle_collect_openalex_sri_lanka: Saved Sri Lankan-affiliated work number=74,066 progress=98.3% api_total=75,333
2026-08-05 13:29:28,374 INFO src.pipeline.kaggle_collect_openalex_sri_lanka: Saved Sri Lankan-affiliated work number=74,067 progress=98.3% api_total=75,333
2026-08-05 13:29:28,374 INFO src.pipeline.kaggle_collect_openalex_sri_lanka: Saved Sri Lankan-affiliated work number=74,068 progress=98.3% api_total=75,333
2026-08-05 13:29:28,374 INFO src.pipeline.kaggle_collect_openalex_sri_lanka: Saved Sri Lankan-affiliated work number=74,069 progress=98.3% api_total=75,333
2026-08-05 13:29:28,374 INFO src.pipeline.kaggle_collect_openalex_sri_lanka: Saved Sri Lankan-affiliated work number=74,070 progress=98.3% api_total=75,333
2026-08-05 13:29:28,375 INFO src.pipeline.kaggle_collect_openalex_sri_lanka: Saved Sri Lankan-affiliated work number=74,071 progress=98.3% api_total=75,333
2026-08-05 13:29:28,375 INFO src.pipeline.kaggle_collect_openalex_sri_lanka: Saved Sri Lankan-affiliated work number=74,072 progress=98.3% api_total=75,333
2026-08-05 13:29:28,376 INFO src.pipeline.kaggle_collect_openalex_sri_lanka: Saved Sri Lankan-affiliated work number=74,073 progress=98.3% api_total=75,333
2026-08-05 13:29:28,376 INFO src.pipeline.kaggle_collect_openalex_sri_lanka: Saved Sri Lankan-affiliated work number=74,074 progress=98.3% api_total=75,333
2026-08-05 13:29:28,376 INFO src.pipeline.kaggle_collect_openalex_sri_lanka: Saved Sri Lankan-affiliated work number=74,075 progress=98.3% api_total=75,333
2026-08-05 13:29:28,376 INFO src.pipeline.kaggle_collect_openalex_sri_lanka: Saved Sri Lankan-affiliated work number=74,076 progress=98.3% api_total=75,333
2026-08-05 13:29:28,377 INFO src.pipeline.kaggle_collect_openalex_sri_lanka: Saved Sri Lankan-affiliated work number=74,077 progress=98.3% api_total=75,333
2026-08-05 13:29:28,377 INFO src.pipeline.kaggle_collect_openalex_sri_lanka: Saved Sri Lankan-affiliated work number=74,078 progress=98.3% api_total=75,333
2026-08-05 13:29:28,377 INFO src.pipeline.kaggle_collect_openalex_sri_lanka: Saved Sri Lankan-affiliated work number=74,079 progress=98.3% api_total=75,333
2026-08-05 13:29:28,378 INFO src.pipeline.kaggle_collect_openalex_sri_lanka: Saved Sri Lankan-affiliated work number=74,080 progress=98.3% api_total=75,333
2026-08-05 13:29:28,378 INFO src.pipeline.kaggle_collect_openalex_sri_lanka: Saved Sri Lankan-affiliated work number=74,081 progress=98.3% api_total=75,333
2026-08-05 13:29:28,378 INFO src.pipeline.kaggle_collect_openalex_sri_lanka: Saved Sri Lankan-affiliated work number=74,082 progress=98.3% api_total=75,333
2026-08-05 13:29:28,379 INFO src.pipeline.kaggle_collect_openalex_sri_lanka: Saved Sri Lankan-affiliated work number=74,083 progress=98.3% api_total=75,333
2026-08-05 13:29:28,379 INFO src.pipeline.kaggle_collect_openalex_sri_lanka: Saved Sri Lankan-affiliated work number=74,084 progress=98.3% api_total=75,333
2026-08-05 13:29:28,380 INFO src.pipeline.kaggle_collect_openalex_sri_lanka: Saved Sri Lankan-affiliated work number=74,085 progress=98.3% api_total=75,333
2026-08-05 13:29:28,380 INFO src.pipeline.kaggle_collect_openalex_sri_lanka: Saved Sri Lankan-affiliated work number=74,086 progress=98.3% api_total=75,333
2026-08-05 13:29:28,380 INFO src.pipeline.kaggle_collect_openalex_sri_lanka: Saved Sri Lankan-affiliated work number=74,087 progress=98.3% api_total=75,333
2026-08-05 13:29:28,381 INFO src.pipeline.kaggle_collect_openalex_sri_lanka: Saved Sri Lankan-affiliated work number=74,088 progress=98.3% api_total=75,333
2026-08-05 13:29:28,381 INFO src.pipeline.kaggle_collect_openalex_sri_lanka: Saved Sri Lankan-affiliated work number=74,089 progress=98.3% api_total=75,333
2026-08-05 13:29:28,381 INFO src.pipeline.kaggle_collect_openalex_sri_lanka: Saved Sri Lankan-affiliated work number=74,090 progress=98.3% api_total=75,333
2026-08-05 13:29:28,382 INFO src.pipeline.kaggle_collect_openalex_sri_lanka: Saved Sri Lankan-affiliated work number=74,091 progress=98.4% api_total=75,333
2026-08-05 13:29:28,382 INFO src.pipeline.kaggle_collect_openalex_sri_lanka: Saved Sri Lankan-affiliated work number=74,092 progress=98.4% api_total=75,333
2026-08-05 13:29:28,383 INFO src.pipeline.kaggle_collect_openalex_sri_lanka: Saved Sri Lankan-affiliated work number=74,093 progress=98.4% api_total=75,333
2026-08-05 13:29:28,383 INFO src.pipeline.kaggle_collect_openalex_sri_lanka: Saved Sri Lankan-affiliated work number=74,094 progress=98.4% api_total=75,333
2026-08-05 13:29:28,383 INFO src.pipeline.kaggle_collect_openalex_sri_lanka: Saved Sri Lankan-affiliated work number=74,095 progress=98.4% api_total=75,333
2026-08-05 13:29:28,383 INFO src.pipeline.kaggle_collect_openalex_sri_lanka: Saved Sri Lankan-affiliated work number=74,096 progress=98.4% api_total=75,333
2026-08-05 13:29:28,384 INFO src.pipeline.kaggle_collect_openalex_sri_lanka: Saved Sri Lankan-affiliated work number=74,097 progress=98.4% api_total=75,333
2026-08-05 13:29:28,384 INFO src.pipeline.kaggle_collect_openalex_sri_lanka: Saved Sri Lankan-affiliated work number=74,098 progress=98.4% api_total=75,333
2026-08-05 13:29:28,384 INFO src.pipeline.kaggle_collect_openalex_sri_lanka: Saved Sri Lankan-affiliated work number=74,099 progress=98.4% api_total=75,333
2026-08-05 13:29:28,385 INFO src.pipeline.kaggle_collect_openalex_sri_lanka: Saved Sri Lankan-affiliated work number=74,100 progress=98.4% api_total=75,333
2026-08-05 13:29:28,385 INFO src.pipeline.kaggle_collect_openalex_sri_lanka: Saved Sri Lankan-affiliated work number=74,101 progress=98.4% api_total=75,333
2026-08-05 13:29:28,385 INFO src.pipeline.kaggle_collect_openalex_sri_lanka: Saved Sri Lankan-affiliated work number=74,102 progress=98.4% api_total=75,333
2026-08-05 13:29:28,386 INFO src.pipeline.kaggle_collect_openalex_sri_lanka: Saved Sri Lankan-affiliated work number=74,103 progress=98.4% api_total=75,333
2026-08-05 13:29:28,386 INFO src.pipeline.kaggle_collect_openalex_sri_lanka: Saved Sri Lankan-affiliated work number=74,104 progress=98.4% api_total=75,333
2026-08-05 13:29:28,387 INFO src.pipeline.kaggle_collect_openalex_sri_lanka: Saved Sri Lankan-affiliated work number=74,105 progress=98.4% api_total=75,333
2026-08-05 13:29:28,387 INFO src.pipeline.kaggle_collect_openalex_sri_lanka: Saved Sri Lankan-affiliated work number=74,106 progress=98.4% api_total=75,333
2026-08-05 13:29:28,387 INFO src.pipeline.kaggle_collect_openalex_sri_lanka: Saved Sri Lankan-affiliated work number=74,107 progress=98.4% api_total=75,333
2026-08-05 13:29:28,388 INFO src.pipeline.kaggle_collect_openalex_sri_lanka: Saved Sri Lankan-affiliated work number=74,108 progress=98.4% api_total=75,333
2026-08-05 13:29:28,388 INFO src.pipeline.kaggle_collect_openalex_sri_lanka: Saved Sri Lankan-affiliated work number=74,109 progress=98.4% api_total=75,333
2026-08-05 13:29:28,389 INFO src.pipeline.kaggle_collect_openalex_sri_lanka: Saved Sri Lankan-affiliated work number=74,110 progress=98.4% api_total=75,333
2026-08-05 13:29:28,389 INFO src.pipeline.kaggle_collect_openalex_sri_lanka: Saved Sri Lankan-affiliated work number=74,111 progress=98.4% api_total=75,333
2026-08-05 13:29:28,389 INFO src.pipeline.kaggle_collect_openalex_sri_lanka: Saved Sri Lankan-affiliated work number=74,112 progress=98.4% api_total=75,333
2026-08-05 13:29:28,390 INFO src.pipeline.kaggle_collect_openalex_sri_lanka: Saved Sri Lankan-affiliated work number=74,113 progress=98.4% api_total=75,333
2026-08-05 13:29:28,390 INFO src.pipeline.kaggle_collect_openalex_sri_lanka: Saved Sri Lankan-affiliated work number=74,114 progress=98.4% api_total=75,333
2026-08-05 13:29:28,390 INFO src.pipeline.kaggle_collect_openalex_sri_lanka: Saved Sri Lankan-affiliated work number=74,115 progress=98.4% api_total=75,333
2026-08-05 13:29:28,391 INFO src.pipeline.kaggle_collect_openalex_sri_lanka: Saved Sri Lankan-affiliated work number=74,116 progress=98.4% api_total=75,333
2026-08-05 13:29:28,391 INFO src.pipeline.kaggle_collect_openalex_sri_lanka: Saved Sri Lankan-affiliated work number=74,117 progress=98.4% api_total=75,333
2026-08-05 13:29:28,392 INFO src.pipeline.kaggle_collect_openalex_sri_lanka: Saved Sri Lankan-affiliated work number=74,118 progress=98.4% api_total=75,333
2026-08-05 13:29:28,392 INFO src.pipeline.kaggle_collect_openalex_sri_lanka: Saved Sri Lankan-affiliated work number=74,119 progress=98.4% api_total=75,333
2026-08-05 13:29:28,393 INFO src.pipeline.kaggle_collect_openalex_sri_lanka: Saved Sri Lankan-affiliated work number=74,120 progress=98.4% api_total=75,333
2026-08-05 13:29:28,393 INFO src.pipeline.kaggle_collect_openalex_sri_lanka: Saved Sri Lankan-affiliated work number=74,121 progress=98.4% api_total=75,333
2026-08-05 13:29:28,393 INFO src.pipeline.kaggle_collect_openalex_sri_lanka: Saved Sri Lankan-affiliated work number=74,122 progress=98.4% api_total=75,333
2026-08-05 13:29:28,394 INFO src.pipeline.kaggle_collect_openalex_sri_lanka: Saved Sri Lankan-affiliated work number=74,123 progress=98.4% api_total=75,333
2026-08-05 13:29:28,394 INFO src.pipeline.kaggle_collect_openalex_sri_lanka: Saved Sri Lankan-affiliated work number=74,124 progress=98.4% api_total=75,333
2026-08-05 13:29:28,395 INFO src.pipeline.kaggle_collect_openalex_sri_lanka: Saved Sri Lankan-affiliated work number=74,125 progress=98.4% api_total=75,333
2026-08-05 13:29:28,395 INFO src.pipeline.kaggle_collect_openalex_sri_lanka: Saved Sri Lankan-affiliated work number=74,126 progress=98.4% api_total=75,333
2026-08-05 13:29:28,395 INFO src.pipeline.kaggle_collect_openalex_sri_lanka: Saved Sri Lankan-affiliated work number=74,127 progress=98.4% api_total=75,333
2026-08-05 13:29:28,396 INFO src.pipeline.kaggle_collect_openalex_sri_lanka: Saved Sri Lankan-affiliated work number=74,128 progress=98.4% api_total=75,333
2026-08-05 13:29:28,396 INFO src.pipeline.kaggle_collect_openalex_sri_lanka: Saved Sri Lankan-affiliated work number=74,129 progress=98.4% api_total=75,333
2026-08-05 13:29:28,397 INFO src.pipeline.kaggle_collect_openalex_sri_lanka: Saved Sri Lankan-affiliated work number=74,130 progress=98.4% api_total=75,333
2026-08-05 13:29:28,397 INFO src.pipeline.kaggle_collect_openalex_sri_lanka: Saved Sri Lankan-affiliated work number=74,131 progress=98.4% api_total=75,333
2026-08-05 13:29:28,398 INFO src.pipeline.kaggle_collect_openalex_sri_lanka: Saved Sri Lankan-affiliated work number=74,132 progress=98.4% api_total=75,333
2026-08-05 13:29:28,398 INFO src.pipeline.kaggle_collect_openalex_sri_lanka: Saved Sri Lankan-affiliated work number=74,133 progress=98.4% api_total=75,333
2026-08-05 13:29:28,399 INFO src.pipeline.kaggle_collect_openalex_sri_lanka: Saved Sri Lankan-affiliated work number=74,134 progress=98.4% api_total=75,333
2026-08-05 13:29:28,399 INFO src.pipeline.kaggle_collect_openalex_sri_lanka: Saved Sri Lankan-affiliated work number=74,135 progress=98.4% api_total=75,333
2026-08-05 13:29:28,399 INFO src.pipeline.kaggle_collect_openalex_sri_lanka: Saved Sri Lankan-affiliated work number=74,136 progress=98.4% api_total=75,333
2026-08-05 13:29:28,400 INFO src.pipeline.kaggle_collect_openalex_sri_lanka: Saved Sri Lankan-affiliated work number=74,137 progress=98.4% api_total=75,333
2026-08-05 13:29:28,400 INFO src.pipeline.kaggle_collect_openalex_sri_lanka: Saved Sri Lankan-affiliated work number=74,138 progress=98.4% api_total=75,333
2026-08-05 13:29:28,401 INFO src.pipeline.kaggle_collect_openalex_sri_lanka: Saved Sri Lankan-affiliated work number=74,139 progress=98.4% api_total=75,333
2026-08-05 13:29:28,401 INFO src.pipeline.kaggle_collect_openalex_sri_lanka: Saved Sri Lankan-affiliated work number=74,140 progress=98.4% api_total=75,333
2026-08-05 13:29:28,401 INFO src.pipeline.kaggle_collect_openalex_sri_lanka: Saved Sri Lankan-affiliated work number=74,141 progress=98.4% api_total=75,333
2026-08-05 13:29:28,402 INFO src.pipeline.kaggle_collect_openalex_sri_lanka: Saved Sri Lankan-affiliated work number=74,142 progress=98.4% api_total=75,333
2026-08-05 13:29:28,402 INFO src.pipeline.kaggle_collect_openalex_sri_lanka: Saved Sri Lankan-affiliated work number=74,143 progress=98.4% api_total=75,333
2026-08-05 13:29:28,403 INFO src.pipeline.kaggle_collect_openalex_sri_lanka: Saved Sri Lankan-affiliated work number=74,144 progress=98.4% api_total=75,333
2026-08-05 13:29:28,404 INFO src.pipeline.kaggle_collect_openalex_sri_lanka: Saved Sri Lankan-affiliated work number=74,145 progress=98.4% api_total=75,333
2026-08-05 13:29:28,404 INFO src.pipeline.kaggle_collect_openalex_sri_lanka: Saved Sri Lankan-affiliated work number=74,146 progress=98.4% api_total=75,333
2026-08-05 13:29:28,405 INFO src.pipeline.kaggle_collect_openalex_sri_lanka: Saved Sri Lankan-affiliated work number=74,147 progress=98.4% api_total=75,333
2026-08-05 13:29:28,405 INFO src.pipeline.kaggle_collect_openalex_sri_lanka: Saved Sri Lankan-affiliated work number=74,148 progress=98.4% api_total=75,333
2026-08-05 13:29:28,406 INFO src.pipeline.kaggle_collect_openalex_sri_lanka: Saved Sri Lankan-affiliated work number=74,149 progress=98.4% api_total=75,333
2026-08-05 13:29:28,406 INFO src.pipeline.kaggle_collect_openalex_sri_lanka: Saved Sri Lankan-affiliated work number=74,150 progress=98.4% api_total=75,333
2026-08-05 13:29:28,407 INFO src.pipeline.kaggle_collect_openalex_sri_lanka: Saved Sri Lankan-affiliated work number=74,151 progress=98.4% api_total=75,333
2026-08-05 13:29:28,407 INFO src.pipeline.kaggle_collect_openalex_sri_lanka: Saved Sri Lankan-affiliated work number=74,152 progress=98.4% api_total=75,333
2026-08-05 13:29:28,408 INFO src.pipeline.kaggle_collect_openalex_sri_lanka: Saved Sri Lankan-affiliated work number=74,153 progress=98.4% api_total=75,333
2026-08-05 13:29:28,408 INFO src.pipeline.kaggle_collect_openalex_sri_lanka: Saved Sri Lankan-affiliated work number=74,154 progress=98.4% api_total=75,333
2026-08-05 13:29:28,409 INFO src.pipeline.kaggle_collect_openalex_sri_lanka: Saved Sri Lankan-affiliated work number=74,155 progress=98.4% api_total=75,333
2026-08-05 13:29:28,409 INFO src.pipeline.kaggle_collect_openalex_sri_lanka: Saved Sri Lankan-affiliated work number=74,156 progress=98.4% api_total=75,333
2026-08-05 13:29:28,410 INFO src.pipeline.kaggle_collect_openalex_sri_lanka: Saved Sri Lankan-affiliated work number=74,157 progress=98.4% api_total=75,333
2026-08-05 13:29:28,410 INFO src.pipeline.kaggle_collect_openalex_sri_lanka: Saved Sri Lankan-affiliated work number=74,158 progress=98.4% api_total=75,333
2026-08-05 13:29:28,410 INFO src.pipeline.kaggle_collect_openalex_sri_lanka: Saved Sri Lankan-affiliated work number=74,159 progress=98.4% api_total=75,333
2026-08-05 13:29:28,411 INFO src.pipeline.kaggle_collect_openalex_sri_lanka: Saved Sri Lankan-affiliated work number=74,160 progress=98.4% api_total=75,333
2026-08-05 13:29:28,411 INFO src.pipeline.kaggle_collect_openalex_sri_lanka: Saved Sri Lankan-affiliated work number=74,161 progress=98.4% api_total=75,333
2026-08-05 13:29:28,412 INFO src.pipeline.kaggle_collect_openalex_sri_lanka: Saved Sri Lankan-affiliated work number=74,162 progress=98.4% api_total=75,333
2026-08-05 13:29:28,412 INFO src.pipeline.kaggle_collect_openalex_sri_lanka: Saved Sri Lankan-affiliated work number=74,163 progress=98.4% api_total=75,333
2026-08-05 13:29:28,413 INFO src.pipeline.kaggle_collect_openalex_sri_lanka: Saved Sri Lankan-affiliated work number=74,164 progress=98.4% api_total=75,333
2026-08-05 13:29:28,414 INFO src.pipeline.kaggle_collect_openalex_sri_lanka: Saved Sri Lankan-affiliated work number=74,165 progress=98.4% api_total=75,333
2026-08-05 13:29:28,414 INFO src.pipeline.kaggle_collect_openalex_sri_lanka: Saved Sri Lankan-affiliated work number=74,166 progress=98.5% api_total=75,333
2026-08-05 13:29:28,415 INFO src.pipeline.kaggle_collect_openalex_sri_lanka: Saved Sri Lankan-affiliated work number=74,167 progress=98.5% api_total=75,333
2026-08-05 13:29:28,415 INFO src.pipeline.kaggle_collect_openalex_sri_lanka: Saved Sri Lankan-affiliated work number=74,168 progress=98.5% api_total=75,333
2026-08-05 13:29:28,416 INFO src.pipeline.kaggle_collect_openalex_sri_lanka: Saved Sri Lankan-affiliated work number=74,169 progress=98.5% api_total=75,333
2026-08-05 13:29:28,416 INFO src.pipeline.kaggle_collect_openalex_sri_lanka: Saved Sri Lankan-affiliated work number=74,170 progress=98.5% api_total=75,333
2026-08-05 13:29:28,417 INFO src.pipeline.kaggle_collect_openalex_sri_lanka: Saved Sri Lankan-affiliated work number=74,171 progress=98.5% api_total=75,333
2026-08-05 13:29:28,417 INFO src.pipeline.kaggle_collect_openalex_sri_lanka: Saved Sri Lankan-affiliated work number=74,172 progress=98.5% api_total=75,333
2026-08-05 13:29:28,418 INFO src.pipeline.kaggle_collect_openalex_sri_lanka: Saved Sri Lankan-affiliated work number=74,173 progress=98.5% api_total=75,333
2026-08-05 13:29:28,418 INFO src.pipeline.kaggle_collect_openalex_sri_lanka: Saved Sri Lankan-affiliated work number=74,174 progress=98.5% api_total=75,333
2026-08-05 13:29:28,419 INFO src.pipeline.kaggle_collect_openalex_sri_lanka: Saved Sri Lankan-affiliated work number=74,175 progress=98.5% api_total=75,333
2026-08-05 13:29:28,420 INFO src.pipeline.kaggle_collect_openalex_sri_lanka: Saved Sri Lankan-affiliated work number=74,176 progress=98.5% api_total=75,333
2026-08-05 13:29:28,421 INFO src.pipeline.kaggle_collect_openalex_sri_lanka: Saved Sri Lankan-affiliated work number=74,177 progress=98.5% api_total=75,333
2026-08-05 13:29:28,421 INFO src.pipeline.kaggle_collect_openalex_sri_lanka: Saved Sri Lankan-affiliated work number=74,178 progress=98.5% api_total=75,333
2026-08-05 13:29:28,422 INFO src.pipeline.kaggle_collect_openalex_sri_lanka: Saved Sri Lankan-affiliated work number=74,179 progress=98.5% api_total=75,333
2026-08-05 13:29:28,422 INFO src.pipeline.kaggle_collect_openalex_sri_lanka: Saved Sri Lankan-affiliated work number=74,180 progress=98.5% api_total=75,333
2026-08-05 13:29:28,423 INFO src.pipeline.kaggle_collect_openalex_sri_lanka: Saved Sri Lankan-affiliated work number=74,181 progress=98.5% api_total=75,333
2026-08-05 13:29:28,423 INFO src.pipeline.kaggle_collect_openalex_sri_lanka: Saved Sri Lankan-affiliated work number=74,182 progress=98.5% api_total=75,333
2026-08-05 13:29:28,424 INFO src.pipeline.kaggle_collect_openalex_sri_lanka: Saved Sri Lankan-affiliated work number=74,183 progress=98.5% api_total=75,333
2026-08-05 13:29:28,425 INFO src.pipeline.kaggle_collect_openalex_sri_lanka: Saved Sri Lankan-affiliated work number=74,184 progress=98.5% api_total=75,333
2026-08-05 13:29:28,425 INFO src.pipeline.kaggle_collect_openalex_sri_lanka: Saved Sri Lankan-affiliated work number=74,185 progress=98.5% api_total=75,333
2026-08-05 13:29:28,426 INFO src.pipeline.kaggle_collect_openalex_sri_lanka: Saved Sri Lankan-affiliated work number=74,186 progress=98.5% api_total=75,333
2026-08-05 13:29:28,426 INFO src.pipeline.kaggle_collect_openalex_sri_lanka: Saved Sri Lankan-affiliated work number=74,187 progress=98.5% api_total=75,333
2026-08-05 13:29:28,426 INFO src.pipeline.kaggle_collect_openalex_sri_lanka: Saved Sri Lankan-affiliated work number=74,188 progress=98.5% api_total=75,333
2026-08-05 13:29:28,427 INFO src.pipeline.kaggle_collect_openalex_sri_lanka: Saved Sri Lankan-affiliated work number=74,189 progress=98.5% api_total=75,333
2026-08-05 13:29:28,427 INFO src.pipeline.kaggle_collect_openalex_sri_lanka: Saved Sri Lankan-affiliated work number=74,190 progress=98.5% api_total=75,333
2026-08-05 13:29:28,428 INFO src.pipeline.kaggle_collect_openalex_sri_lanka: Saved Sri Lankan-affiliated work number=74,191 progress=98.5% api_total=75,333
2026-08-05 13:29:28,429 INFO src.pipeline.kaggle_collect_openalex_sri_lanka: Saved Sri Lankan-affiliated work number=74,192 progress=98.5% api_total=75,333
2026-08-05 13:29:28,429 INFO src.pipeline.kaggle_collect_openalex_sri_lanka: Saved Sri Lankan-affiliated work number=74,193 progress=98.5% api_total=75,333
2026-08-05 13:29:28,430 INFO src.pipeline.kaggle_collect_openalex_sri_lanka: Saved Sri Lankan-affiliated work number=74,194 progress=98.5% api_total=75,333
2026-08-05 13:29:28,430 INFO src.pipeline.kaggle_collect_openalex_sri_lanka: Saved Sri Lankan-affiliated work number=74,195 progress=98.5% api_total=75,333
2026-08-05 13:29:28,431 INFO src.pipeline.kaggle_collect_openalex_sri_lanka: Saved Sri Lankan-affiliated work number=74,196 progress=98.5% api_total=75,333
2026-08-05 13:29:28,432 INFO src.pipeline.kaggle_collect_openalex_sri_lanka: Saved Sri Lankan-affiliated work number=74,197 progress=98.5% api_total=75,333
2026-08-05 13:29:28,432 INFO src.pipeline.kaggle_collect_openalex_sri_lanka: Saved Sri Lankan-affiliated work number=74,198 progress=98.5% api_total=75,333
2026-08-05 13:29:28,433 INFO src.pipeline.kaggle_collect_openalex_sri_lanka: Saved Sri Lankan-affiliated work number=74,199 progress=98.5% api_total=75,333
2026-08-05 13:29:28,433 INFO src.pipeline.kaggle_collect_openalex_sri_lanka: Saved Sri Lankan-affiliated work number=74,200 progress=98.5% api_total=75,333
2026-08-05 13:29:28,434 INFO src.pipeline.kaggle_collect_openalex_sri_lanka: Saved Sri Lankan-affiliated work number=74,201 progress=98.5% api_total=75,333
2026-08-05 13:29:28,434 INFO src.pipeline.kaggle_collect_openalex_sri_lanka: Saved Sri Lankan-affiliated work number=74,202 progress=98.5% api_total=75,333
2026-08-05 13:29:28,434 INFO src.pipeline.kaggle_collect_openalex_sri_lanka: Saved Sri Lankan-affiliated work number=74,203 progress=98.5% api_total=75,333
2026-08-05 13:29:28,434 INFO src.pipeline.kaggle_collect_openalex_sri_lanka: Saved Sri Lankan-affiliated work number=74,204 progress=98.5% api_total=75,333
2026-08-05 13:29:28,435 INFO src.pipeline.kaggle_collect_openalex_sri_lanka: Saved Sri Lankan-affiliated work number=74,205 progress=98.5% api_total=75,333
2026-08-05 13:29:28,435 INFO src.pipeline.kaggle_collect_openalex_sri_lanka: Saved Sri Lankan-affiliated work number=74,206 progress=98.5% api_total=75,333
2026-08-05 13:29:28,436 INFO src.pipeline.kaggle_collect_openalex_sri_lanka: Saved Sri Lankan-affiliated work number=74,207 progress=98.5% api_total=75,333
2026-08-05 13:29:28,436 INFO src.pipeline.kaggle_collect_openalex_sri_lanka: Saved Sri Lankan-affiliated work number=74,208 progress=98.5% api_total=75,333
2026-08-05 13:29:28,436 INFO src.pipeline.kaggle_collect_openalex_sri_lanka: Saved Sri Lankan-affiliated work number=74,209 progress=98.5% api_total=75,333
2026-08-05 13:29:28,437 INFO src.pipeline.kaggle_collect_openalex_sri_lanka: Saved Sri Lankan-affiliated work number=74,210 progress=98.5% api_total=75,333
2026-08-05 13:29:28,437 INFO src.pipeline.kaggle_collect_openalex_sri_lanka: Saved Sri Lankan-affiliated work number=74,211 progress=98.5% api_total=75,333
2026-08-05 13:29:28,437 INFO src.pipeline.kaggle_collect_openalex_sri_lanka: Saved Sri Lankan-affiliated work number=74,212 progress=98.5% api_total=75,333
2026-08-05 13:29:28,438 INFO src.pipeline.kaggle_collect_openalex_sri_lanka: Saved Sri Lankan-affiliated work number=74,213 progress=98.5% api_total=75,333
2026-08-05 13:29:28,438 INFO src.pipeline.kaggle_collect_openalex_sri_lanka: Saved Sri Lankan-affiliated work number=74,214 progress=98.5% api_total=75,333
2026-08-05 13:29:28,439 INFO src.pipeline.kaggle_collect_openalex_sri_lanka: Saved Sri Lankan-affiliated work number=74,215 progress=98.5% api_total=75,333
2026-08-05 13:29:28,439 INFO src.pipeline.kaggle_collect_openalex_sri_lanka: Saved Sri Lankan-affiliated work number=74,216 progress=98.5% api_total=75,333
2026-08-05 13:29:28,440 INFO src.pipeline.kaggle_collect_openalex_sri_lanka: Saved Sri Lankan-affiliated work number=74,217 progress=98.5% api_total=75,333
2026-08-05 13:29:28,440 INFO src.pipeline.kaggle_collect_openalex_sri_lanka: Saved Sri Lankan-affiliated work number=74,218 progress=98.5% api_total=75,333
2026-08-05 13:29:28,440 INFO src.pipeline.kaggle_collect_openalex_sri_lanka: Saved Sri Lankan-affiliated work number=74,219 progress=98.5% api_total=75,333
2026-08-05 13:29:28,441 INFO src.pipeline.kaggle_collect_openalex_sri_lanka: Saved Sri Lankan-affiliated work number=74,220 progress=98.5% api_total=75,333
2026-08-05 13:29:28,441 INFO src.pipeline.kaggle_collect_openalex_sri_lanka: Saved Sri Lankan-affiliated work number=74,221 progress=98.5% api_total=75,333
2026-08-05 13:29:28,441 INFO src.pipeline.kaggle_collect_openalex_sri_lanka: Saved Sri Lankan-affiliated work number=74,222 progress=98.5% api_total=75,333
2026-08-05 13:29:28,442 INFO src.pipeline.kaggle_collect_openalex_sri_lanka: Saved Sri Lankan-affiliated work number=74,223 progress=98.5% api_total=75,333
2026-08-05 13:29:28,442 INFO src.pipeline.kaggle_collect_openalex_sri_lanka: Saved Sri Lankan-affiliated work number=74,224 progress=98.5% api_total=75,333
2026-08-05 13:29:28,442 INFO src.pipeline.kaggle_collect_openalex_sri_lanka: Saved Sri Lankan-affiliated work number=74,225 progress=98.5% api_total=75,333
2026-08-05 13:29:28,443 INFO src.pipeline.kaggle_collect_openalex_sri_lanka: Saved Sri Lankan-affiliated work number=74,226 progress=98.5% api_total=75,333
2026-08-05 13:29:28,443 INFO src.pipeline.kaggle_collect_openalex_sri_lanka: Saved Sri Lankan-affiliated work number=74,227 progress=98.5% api_total=75,333
2026-08-05 13:29:28,443 INFO src.pipeline.kaggle_collect_openalex_sri_lanka: Saved Sri Lankan-affiliated work number=74,228 progress=98.5% api_total=75,333
2026-08-05 13:29:28,444 INFO src.pipeline.kaggle_collect_openalex_sri_lanka: Saved Sri Lankan-affiliated work number=74,229 progress=98.5% api_total=75,333
2026-08-05 13:29:28,444 INFO src.pipeline.kaggle_collect_openalex_sri_lanka: Saved Sri Lankan-affiliated work number=74,230 progress=98.5% api_total=75,333
2026-08-05 13:29:28,444 INFO src.pipeline.kaggle_collect_openalex_sri_lanka: Saved Sri Lankan-affiliated work number=74,231 progress=98.5% api_total=75,333
2026-08-05 13:29:28,445 INFO src.pipeline.kaggle_collect_openalex_sri_lanka: Saved Sri Lankan-affiliated work number=74,232 progress=98.5% api_total=75,333
2026-08-05 13:29:28,445 INFO src.pipeline.kaggle_collect_openalex_sri_lanka: Saved Sri Lankan-affiliated work number=74,233 progress=98.5% api_total=75,333
2026-08-05 13:29:28,445 INFO src.pipeline.kaggle_collect_openalex_sri_lanka: Saved Sri Lankan-affiliated work number=74,234 progress=98.5% api_total=75,333
2026-08-05 13:29:28,446 INFO src.pipeline.kaggle_collect_openalex_sri_lanka: Saved Sri Lankan-affiliated work number=74,235 progress=98.5% api_total=75,333
2026-08-05 13:29:28,446 INFO src.pipeline.kaggle_collect_openalex_sri_lanka: Saved Sri Lankan-affiliated work number=74,236 progress=98.5% api_total=75,333
2026-08-05 13:29:28,447 INFO src.pipeline.kaggle_collect_openalex_sri_lanka: Saved Sri Lankan-affiliated work number=74,237 progress=98.5% api_total=75,333
2026-08-05 13:29:28,447 INFO src.pipeline.kaggle_collect_openalex_sri_lanka: Saved Sri Lankan-affiliated work number=74,238 progress=98.5% api_total=75,333
2026-08-05 13:29:28,447 INFO src.pipeline.kaggle_collect_openalex_sri_lanka: Saved Sri Lankan-affiliated work number=74,239 progress=98.5% api_total=75,333
2026-08-05 13:29:28,448 INFO src.pipeline.kaggle_collect_openalex_sri_lanka: Saved Sri Lankan-affiliated work number=74,240 progress=98.5% api_total=75,333
2026-08-05 13:29:28,448 INFO src.pipeline.kaggle_collect_openalex_sri_lanka: Saved Sri Lankan-affiliated work number=74,241 progress=98.6% api_total=75,333
2026-08-05 13:29:28,448 INFO src.pipeline.kaggle_collect_openalex_sri_lanka: Saved Sri Lankan-affiliated work number=74,242 progress=98.6% api_total=75,333
2026-08-05 13:29:28,449 INFO src.pipeline.kaggle_collect_openalex_sri_lanka: Saved Sri Lankan-affiliated work number=74,243 progress=98.6% api_total=75,333
2026-08-05 13:29:33,284 INFO src.collectors.openalex_collector: Fetched OpenAlex page page=21/377 progress=5.6% fetched=200 kept=199 skipped=1 next_cursor=yes
2026-08-05 13:29:33,289 INFO src.pipeline.kaggle_collect_openalex_sri_lanka: Saved Sri Lankan-affiliated work number=74,244 progress=98.6% api_total=75,333
2026-08-05 13:29:33,290 INFO src.pipeline.kaggle_collect_openalex_sri_lanka: Saved Sri Lankan-affiliated work number=74,245 progress=98.6% api_total=75,333
2026-08-05 13:29:33,290 INFO src.pipeline.kaggle_collect_openalex_sri_lanka: Saved Sri Lankan-affiliated work number=74,246 progress=98.6% api_total=75,333
2026-08-05 13:29:33,291 INFO src.pipeline.kaggle_collect_openalex_sri_lanka: Saved Sri Lankan-affiliated work number=74,247 progress=98.6% api_total=75,333
2026-08-05 13:29:33,291 INFO src.pipeline.kaggle_collect_openalex_sri_lanka: Saved Sri Lankan-affiliated work number=74,248 progress=98.6% api_total=75,333
2026-08-05 13:29:33,292 INFO src.pipeline.kaggle_collect_openalex_sri_lanka: Saved Sri Lankan-affiliated work number=74,249 progress=98.6% api_total=75,333
2026-08-05 13:29:33,292 INFO src.pipeline.kaggle_collect_openalex_sri_lanka: Saved Sri Lankan-affiliated work number=74,250 progress=98.6% api_total=75,333
2026-08-05 13:29:33,293 INFO src.pipeline.kaggle_collect_openalex_sri_lanka: Saved Sri Lankan-affiliated work number=74,251 progress=98.6% api_total=75,333
2026-08-05 13:29:33,293 INFO src.pipeline.kaggle_collect_openalex_sri_lanka: Saved Sri Lankan-affiliated work number=74,252 progress=98.6% api_total=75,333
2026-08-05 13:29:33,293 INFO src.pipeline.kaggle_collect_openalex_sri_lanka: Saved Sri Lankan-affiliated work number=74,253 progress=98.6% api_total=75,333
2026-08-05 13:29:33,293 INFO src.pipeline.kaggle_collect_openalex_sri_lanka: Saved Sri Lankan-affiliated work number=74,254 progress=98.6% api_total=75,333
2026-08-05 13:29:33,294 INFO src.pipeline.kaggle_collect_openalex_sri_lanka: Saved Sri Lankan-affiliated work number=74,255 progress=98.6% api_total=75,333
2026-08-05 13:29:33,294 INFO src.pipeline.kaggle_collect_openalex_sri_lanka: Saved Sri Lankan-affiliated work number=74,256 progress=98.6% api_total=75,333
2026-08-05 13:29:33,294 INFO src.pipeline.kaggle_collect_openalex_sri_lanka: Saved Sri Lankan-affiliated work number=74,257 progress=98.6% api_total=75,333
2026-08-05 13:29:33,295 INFO src.pipeline.kaggle_collect_openalex_sri_lanka: Saved Sri Lankan-affiliated work number=74,258 progress=98.6% api_total=75,333
2026-08-05 13:29:33,295 INFO src.pipeline.kaggle_collect_openalex_sri_lanka: Saved Sri Lankan-affiliated work number=74,259 progress=98.6% api_total=75,333
2026-08-05 13:29:33,295 INFO src.pipeline.kaggle_collect_openalex_sri_lanka: Saved Sri Lankan-affiliated work number=74,260 progress=98.6% api_total=75,333
2026-08-05 13:29:33,296 INFO src.pipeline.kaggle_collect_openalex_sri_lanka: Saved Sri Lankan-affiliated work number=74,261 progress=98.6% api_total=75,333
2026-08-05 13:29:33,296 INFO src.pipeline.kaggle_collect_openalex_sri_lanka: Saved Sri Lankan-affiliated work number=74,262 progress=98.6% api_total=75,333
2026-08-05 13:29:33,296 INFO src.pipeline.kaggle_collect_openalex_sri_lanka: Saved Sri Lankan-affiliated work number=74,263 progress=98.6% api_total=75,333
2026-08-05 13:29:33,297 INFO src.pipeline.kaggle_collect_openalex_sri_lanka: Saved Sri Lankan-affiliated work number=74,264 progress=98.6% api_total=75,333
2026-08-05 13:29:33,297 INFO src.pipeline.kaggle_collect_openalex_sri_lanka: Saved Sri Lankan-affiliated work number=74,265 progress=98.6% api_total=75,333
2026-08-05 13:29:33,298 INFO src.pipeline.kaggle_collect_openalex_sri_lanka: Saved Sri Lankan-affiliated work number=74,266 progress=98.6% api_total=75,333
2026-08-05 13:29:33,298 INFO src.pipeline.kaggle_collect_openalex_sri_lanka: Saved Sri Lankan-affiliated work number=74,267 progress=98.6% api_total=75,333
2026-08-05 13:29:33,298 INFO src.pipeline.kaggle_collect_openalex_sri_lanka: Saved Sri Lankan-affiliated work number=74,268 progress=98.6% api_total=75,333
2026-08-05 13:29:33,299 INFO src.pipeline.kaggle_collect_openalex_sri_lanka: Saved Sri Lankan-affiliated work number=74,269 progress=98.6% api_total=75,333
2026-08-05 13:29:33,299 INFO src.pipeline.kaggle_collect_openalex_sri_lanka: Saved Sri Lankan-affiliated work number=74,270 progress=98.6% api_total=75,333
2026-08-05 13:29:33,299 INFO src.pipeline.kaggle_collect_openalex_sri_lanka: Saved Sri Lankan-affiliated work number=74,271 progress=98.6% api_total=75,333
2026-08-05 13:29:33,299 INFO src.pipeline.kaggle_collect_openalex_sri_lanka: Saved Sri Lankan-affiliated work number=74,272 progress=98.6% api_total=75,333
2026-08-05 13:29:33,300 INFO src.pipeline.kaggle_collect_openalex_sri_lanka: Saved Sri Lankan-affiliated work number=74,273 progress=98.6% api_total=75,333
2026-08-05 13:29:33,300 INFO src.pipeline.kaggle_collect_openalex_sri_lanka: Saved Sri Lankan-affiliated work number=74,274 progress=98.6% api_total=75,333
2026-08-05 13:29:33,301 INFO src.pipeline.kaggle_collect_openalex_sri_lanka: Saved Sri Lankan-affiliated work number=74,275 progress=98.6% api_total=75,333
2026-08-05 13:29:33,301 INFO src.pipeline.kaggle_collect_openalex_sri_lanka: Saved Sri Lankan-affiliated work number=74,276 progress=98.6% api_total=75,333
2026-08-05 13:29:33,301 INFO src.pipeline.kaggle_collect_openalex_sri_lanka: Saved Sri Lankan-affiliated work number=74,277 progress=98.6% api_total=75,333
2026-08-05 13:29:33,302 INFO src.pipeline.kaggle_collect_openalex_sri_lanka: Saved Sri Lankan-affiliated work number=74,278 progress=98.6% api_total=75,333
2026-08-05 13:29:33,302 INFO src.pipeline.kaggle_collect_openalex_sri_lanka: Saved Sri Lankan-affiliated work number=74,279 progress=98.6% api_total=75,333
2026-08-05 13:29:33,302 INFO src.pipeline.kaggle_collect_openalex_sri_lanka: Saved Sri Lankan-affiliated work number=74,280 progress=98.6% api_total=75,333
2026-08-05 13:29:33,303 INFO src.pipeline.kaggle_collect_openalex_sri_lanka: Saved Sri Lankan-affiliated work number=74,281 progress=98.6% api_total=75,333
2026-08-05 13:29:33,303 INFO src.pipeline.kaggle_collect_openalex_sri_lanka: Saved Sri Lankan-affiliated work number=74,282 progress=98.6% api_total=75,333
2026-08-05 13:29:33,303 INFO src.pipeline.kaggle_collect_openalex_sri_lanka: Saved Sri Lankan-affiliated work number=74,283 progress=98.6% api_total=75,333
2026-08-05 13:29:33,304 INFO src.pipeline.kaggle_collect_openalex_sri_lanka: Saved Sri Lankan-affiliated work number=74,284 progress=98.6% api_total=75,333
2026-08-05 13:29:33,304 INFO src.pipeline.kaggle_collect_openalex_sri_lanka: Saved Sri Lankan-affiliated work number=74,285 progress=98.6% api_total=75,333
2026-08-05 13:29:33,304 INFO src.pipeline.kaggle_collect_openalex_sri_lanka: Saved Sri Lankan-affiliated work number=74,286 progress=98.6% api_total=75,333
2026-08-05 13:29:33,304 INFO src.pipeline.kaggle_collect_openalex_sri_lanka: Saved Sri Lankan-affiliated work number=74,287 progress=98.6% api_total=75,333
2026-08-05 13:29:33,305 INFO src.pipeline.kaggle_collect_openalex_sri_lanka: Saved Sri Lankan-affiliated work number=74,288 progress=98.6% api_total=75,333
2026-08-05 13:29:33,305 INFO src.pipeline.kaggle_collect_openalex_sri_lanka: Saved Sri Lankan-affiliated work number=74,289 progress=98.6% api_total=75,333
2026-08-05 13:29:33,306 INFO src.pipeline.kaggle_collect_openalex_sri_lanka: Saved Sri Lankan-affiliated work number=74,290 progress=98.6% api_total=75,333
2026-08-05 13:29:33,306 INFO src.pipeline.kaggle_collect_openalex_sri_lanka: Saved Sri Lankan-affiliated work number=74,291 progress=98.6% api_total=75,333
2026-08-05 13:29:33,306 INFO src.pipeline.kaggle_collect_openalex_sri_lanka: Saved Sri Lankan-affiliated work number=74,292 progress=98.6% api_total=75,333
2026-08-05 13:29:33,306 INFO src.pipeline.kaggle_collect_openalex_sri_lanka: Saved Sri Lankan-affiliated work number=74,293 progress=98.6% api_total=75,333
2026-08-05 13:29:33,307 INFO src.pipeline.kaggle_collect_openalex_sri_lanka: Saved Sri Lankan-affiliated work number=74,294 progress=98.6% api_total=75,333
2026-08-05 13:29:33,307 INFO src.pipeline.kaggle_collect_openalex_sri_lanka: Saved Sri Lankan-affiliated work number=74,295 progress=98.6% api_total=75,333
2026-08-05 13:29:33,307 INFO src.pipeline.kaggle_collect_openalex_sri_lanka: Saved Sri Lankan-affiliated work number=74,296 progress=98.6% api_total=75,333
2026-08-05 13:29:33,308 INFO src.pipeline.kaggle_collect_openalex_sri_lanka: Saved Sri Lankan-affiliated work number=74,297 progress=98.6% api_total=75,333
2026-08-05 13:29:33,308 INFO src.pipeline.kaggle_collect_openalex_sri_lanka: Saved Sri Lankan-affiliated work number=74,298 progress=98.6% api_total=75,333
2026-08-05 13:29:33,308 INFO src.pipeline.kaggle_collect_openalex_sri_lanka: Saved Sri Lankan-affiliated work number=74,299 progress=98.6% api_total=75,333
2026-08-05 13:29:33,309 INFO src.pipeline.kaggle_collect_openalex_sri_lanka: Saved Sri Lankan-affiliated work number=74,300 progress=98.6% api_total=75,333
2026-08-05 13:29:33,309 INFO src.pipeline.kaggle_collect_openalex_sri_lanka: Saved Sri Lankan-affiliated work number=74,301 progress=98.6% api_total=75,333
2026-08-05 13:29:33,310 INFO src.pipeline.kaggle_collect_openalex_sri_lanka: Saved Sri Lankan-affiliated work number=74,302 progress=98.6% api_total=75,333
2026-08-05 13:29:33,311 INFO src.pipeline.kaggle_collect_openalex_sri_lanka: Saved Sri Lankan-affiliated work number=74,303 progress=98.6% api_total=75,333
2026-08-05 13:29:33,311 INFO src.pipeline.kaggle_collect_openalex_sri_lanka: Saved Sri Lankan-affiliated work number=74,304 progress=98.6% api_total=75,333
2026-08-05 13:29:33,311 INFO src.pipeline.kaggle_collect_openalex_sri_lanka: Saved Sri Lankan-affiliated work number=74,305 progress=98.6% api_total=75,333
2026-08-05 13:29:33,312 INFO src.pipeline.kaggle_collect_openalex_sri_lanka: Saved Sri Lankan-affiliated work number=74,306 progress=98.6% api_total=75,333
2026-08-05 13:29:33,312 INFO src.pipeline.kaggle_collect_openalex_sri_lanka: Saved Sri Lankan-affiliated work number=74,307 progress=98.6% api_total=75,333
2026-08-05 13:29:33,313 INFO src.pipeline.kaggle_collect_openalex_sri_lanka: Saved Sri Lankan-affiliated work number=74,308 progress=98.6% api_total=75,333
2026-08-05 13:29:33,313 INFO src.pipeline.kaggle_collect_openalex_sri_lanka: Saved Sri Lankan-affiliated work number=74,309 progress=98.6% api_total=75,333
2026-08-05 13:29:33,313 INFO src.pipeline.kaggle_collect_openalex_sri_lanka: Saved Sri Lankan-affiliated work number=74,310 progress=98.6% api_total=75,333
2026-08-05 13:29:33,314 INFO src.pipeline.kaggle_collect_openalex_sri_lanka: Saved Sri Lankan-affiliated work number=74,311 progress=98.6% api_total=75,333
2026-08-05 13:29:33,314 INFO src.pipeline.kaggle_collect_openalex_sri_lanka: Saved Sri Lankan-affiliated work number=74,312 progress=98.6% api_total=75,333
2026-08-05 13:29:33,314 INFO src.pipeline.kaggle_collect_openalex_sri_lanka: Saved Sri Lankan-affiliated work number=74,313 progress=98.6% api_total=75,333
2026-08-05 13:29:33,314 INFO src.pipeline.kaggle_collect_openalex_sri_lanka: Saved Sri Lankan-affiliated work number=74,314 progress=98.6% api_total=75,333
2026-08-05 13:29:33,315 INFO src.pipeline.kaggle_collect_openalex_sri_lanka: Saved Sri Lankan-affiliated work number=74,315 progress=98.6% api_total=75,333
2026-08-05 13:29:33,315 INFO src.pipeline.kaggle_collect_openalex_sri_lanka: Saved Sri Lankan-affiliated work number=74,316 progress=98.6% api_total=75,333
2026-08-05 13:29:33,316 INFO src.pipeline.kaggle_collect_openalex_sri_lanka: Saved Sri Lankan-affiliated work number=74,317 progress=98.7% api_total=75,333
2026-08-05 13:29:33,316 INFO src.pipeline.kaggle_collect_openalex_sri_lanka: Saved Sri Lankan-affiliated work number=74,318 progress=98.7% api_total=75,333
2026-08-05 13:29:33,316 INFO src.pipeline.kaggle_collect_openalex_sri_lanka: Saved Sri Lankan-affiliated work number=74,319 progress=98.7% api_total=75,333
2026-08-05 13:29:33,317 INFO src.pipeline.kaggle_collect_openalex_sri_lanka: Saved Sri Lankan-affiliated work number=74,320 progress=98.7% api_total=75,333
2026-08-05 13:29:33,317 INFO src.pipeline.kaggle_collect_openalex_sri_lanka: Saved Sri Lankan-affiliated work number=74,321 progress=98.7% api_total=75,333
2026-08-05 13:29:33,317 INFO src.pipeline.kaggle_collect_openalex_sri_lanka: Saved Sri Lankan-affiliated work number=74,322 progress=98.7% api_total=75,333
2026-08-05 13:29:33,318 INFO src.pipeline.kaggle_collect_openalex_sri_lanka: Saved Sri Lankan-affiliated work number=74,323 progress=98.7% api_total=75,333
2026-08-05 13:29:33,318 INFO src.pipeline.kaggle_collect_openalex_sri_lanka: Saved Sri Lankan-affiliated work number=74,324 progress=98.7% api_total=75,333
2026-08-05 13:29:33,318 INFO src.pipeline.kaggle_collect_openalex_sri_lanka: Saved Sri Lankan-affiliated work number=74,325 progress=98.7% api_total=75,333
2026-08-05 13:29:33,319 INFO src.pipeline.kaggle_collect_openalex_sri_lanka: Saved Sri Lankan-affiliated work number=74,326 progress=98.7% api_total=75,333
2026-08-05 13:29:33,319 INFO src.pipeline.kaggle_collect_openalex_sri_lanka: Saved Sri Lankan-affiliated work number=74,327 progress=98.7% api_total=75,333
2026-08-05 13:29:33,319 INFO src.pipeline.kaggle_collect_openalex_sri_lanka: Saved Sri Lankan-affiliated work number=74,328 progress=98.7% api_total=75,333
2026-08-05 13:29:33,320 INFO src.pipeline.kaggle_collect_openalex_sri_lanka: Saved Sri Lankan-affiliated work number=74,329 progress=98.7% api_total=75,333
2026-08-05 13:29:33,320 INFO src.pipeline.kaggle_collect_openalex_sri_lanka: Saved Sri Lankan-affiliated work number=74,330 progress=98.7% api_total=75,333
2026-08-05 13:29:33,321 INFO src.pipeline.kaggle_collect_openalex_sri_lanka: Saved Sri Lankan-affiliated work number=74,331 progress=98.7% api_total=75,333
2026-08-05 13:29:33,321 INFO src.pipeline.kaggle_collect_openalex_sri_lanka: Saved Sri Lankan-affiliated work number=74,332 progress=98.7% api_total=75,333
2026-08-05 13:29:33,321 INFO src.pipeline.kaggle_collect_openalex_sri_lanka: Saved Sri Lankan-affiliated work number=74,333 progress=98.7% api_total=75,333
2026-08-05 13:29:33,321 INFO src.pipeline.kaggle_collect_openalex_sri_lanka: Saved Sri Lankan-affiliated work number=74,334 progress=98.7% api_total=75,333
2026-08-05 13:29:33,322 INFO src.pipeline.kaggle_collect_openalex_sri_lanka: Saved Sri Lankan-affiliated work number=74,335 progress=98.7% api_total=75,333
2026-08-05 13:29:33,322 INFO src.pipeline.kaggle_collect_openalex_sri_lanka: Saved Sri Lankan-affiliated work number=74,336 progress=98.7% api_total=75,333
2026-08-05 13:29:33,323 INFO src.pipeline.kaggle_collect_openalex_sri_lanka: Saved Sri Lankan-affiliated work number=74,337 progress=98.7% api_total=75,333
2026-08-05 13:29:33,323 INFO src.pipeline.kaggle_collect_openalex_sri_lanka: Saved Sri Lankan-affiliated work number=74,338 progress=98.7% api_total=75,333
2026-08-05 13:29:33,323 INFO src.pipeline.kaggle_collect_openalex_sri_lanka: Saved Sri Lankan-affiliated work number=74,339 progress=98.7% api_total=75,333
2026-08-05 13:29:33,324 INFO src.pipeline.kaggle_collect_openalex_sri_lanka: Saved Sri Lankan-affiliated work number=74,340 progress=98.7% api_total=75,333
2026-08-05 13:29:33,324 INFO src.pipeline.kaggle_collect_openalex_sri_lanka: Saved Sri Lankan-affiliated work number=74,341 progress=98.7% api_total=75,333
2026-08-05 13:29:33,324 INFO src.pipeline.kaggle_collect_openalex_sri_lanka: Saved Sri Lankan-affiliated work number=74,342 progress=98.7% api_total=75,333
2026-08-05 13:29:33,325 INFO src.pipeline.kaggle_collect_openalex_sri_lanka: Saved Sri Lankan-affiliated work number=74,343 progress=98.7% api_total=75,333
2026-08-05 13:29:33,325 INFO src.pipeline.kaggle_collect_openalex_sri_lanka: Saved Sri Lankan-affiliated work number=74,344 progress=98.7% api_total=75,333
2026-08-05 13:29:33,326 INFO src.pipeline.kaggle_collect_openalex_sri_lanka: Saved Sri Lankan-affiliated work number=74,345 progress=98.7% api_total=75,333
2026-08-05 13:29:33,326 INFO src.pipeline.kaggle_collect_openalex_sri_lanka: Saved Sri Lankan-affiliated work number=74,346 progress=98.7% api_total=75,333
2026-08-05 13:29:33,326 INFO src.pipeline.kaggle_collect_openalex_sri_lanka: Saved Sri Lankan-affiliated work number=74,347 progress=98.7% api_total=75,333
2026-08-05 13:29:33,327 INFO src.pipeline.kaggle_collect_openalex_sri_lanka: Saved Sri Lankan-affiliated work number=74,348 progress=98.7% api_total=75,333
2026-08-05 13:29:33,327 INFO src.pipeline.kaggle_collect_openalex_sri_lanka: Saved Sri Lankan-affiliated work number=74,349 progress=98.7% api_total=75,333
2026-08-05 13:29:33,328 INFO src.pipeline.kaggle_collect_openalex_sri_lanka: Saved Sri Lankan-affiliated work number=74,350 progress=98.7% api_total=75,333
2026-08-05 13:29:33,328 INFO src.pipeline.kaggle_collect_openalex_sri_lanka: Saved Sri Lankan-affiliated work number=74,351 progress=98.7% api_total=75,333
2026-08-05 13:29:33,328 INFO src.pipeline.kaggle_collect_openalex_sri_lanka: Saved Sri Lankan-affiliated work number=74,352 progress=98.7% api_total=75,333
2026-08-05 13:29:33,328 INFO src.pipeline.kaggle_collect_openalex_sri_lanka: Saved Sri Lankan-affiliated work number=74,353 progress=98.7% api_total=75,333
2026-08-05 13:29:33,329 INFO src.pipeline.kaggle_collect_openalex_sri_lanka: Saved Sri Lankan-affiliated work number=74,354 progress=98.7% api_total=75,333
2026-08-05 13:29:33,329 INFO src.pipeline.kaggle_collect_openalex_sri_lanka: Saved Sri Lankan-affiliated work number=74,355 progress=98.7% api_total=75,333
2026-08-05 13:29:33,330 INFO src.pipeline.kaggle_collect_openalex_sri_lanka: Saved Sri Lankan-affiliated work number=74,356 progress=98.7% api_total=75,333
2026-08-05 13:29:33,330 INFO src.pipeline.kaggle_collect_openalex_sri_lanka: Saved Sri Lankan-affiliated work number=74,357 progress=98.7% api_total=75,333
2026-08-05 13:29:33,330 INFO src.pipeline.kaggle_collect_openalex_sri_lanka: Saved Sri Lankan-affiliated work number=74,358 progress=98.7% api_total=75,333
2026-08-05 13:29:33,331 INFO src.pipeline.kaggle_collect_openalex_sri_lanka: Saved Sri Lankan-affiliated work number=74,359 progress=98.7% api_total=75,333
2026-08-05 13:29:33,331 INFO src.pipeline.kaggle_collect_openalex_sri_lanka: Saved Sri Lankan-affiliated work number=74,360 progress=98.7% api_total=75,333
2026-08-05 13:29:33,331 INFO src.pipeline.kaggle_collect_openalex_sri_lanka: Saved Sri Lankan-affiliated work number=74,361 progress=98.7% api_total=75,333
2026-08-05 13:29:33,332 INFO src.pipeline.kaggle_collect_openalex_sri_lanka: Saved Sri Lankan-affiliated work number=74,362 progress=98.7% api_total=75,333
2026-08-05 13:29:33,332 INFO src.pipeline.kaggle_collect_openalex_sri_lanka: Saved Sri Lankan-affiliated work number=74,363 progress=98.7% api_total=75,333
2026-08-05 13:29:33,332 INFO src.pipeline.kaggle_collect_openalex_sri_lanka: Saved Sri Lankan-affiliated work number=74,364 progress=98.7% api_total=75,333
2026-08-05 13:29:33,333 INFO src.pipeline.kaggle_collect_openalex_sri_lanka: Saved Sri Lankan-affiliated work number=74,365 progress=98.7% api_total=75,333
2026-08-05 13:29:33,333 INFO src.pipeline.kaggle_collect_openalex_sri_lanka: Saved Sri Lankan-affiliated work number=74,366 progress=98.7% api_total=75,333
2026-08-05 13:29:33,333 INFO src.pipeline.kaggle_collect_openalex_sri_lanka: Saved Sri Lankan-affiliated work number=74,367 progress=98.7% api_total=75,333
2026-08-05 13:29:33,334 INFO src.pipeline.kaggle_collect_openalex_sri_lanka: Saved Sri Lankan-affiliated work number=74,368 progress=98.7% api_total=75,333
2026-08-05 13:29:33,334 INFO src.pipeline.kaggle_collect_openalex_sri_lanka: Saved Sri Lankan-affiliated work number=74,369 progress=98.7% api_total=75,333
2026-08-05 13:29:33,335 INFO src.pipeline.kaggle_collect_openalex_sri_lanka: Saved Sri Lankan-affiliated work number=74,370 progress=98.7% api_total=75,333
2026-08-05 13:29:33,335 INFO src.pipeline.kaggle_collect_openalex_sri_lanka: Saved Sri Lankan-affiliated work number=74,371 progress=98.7% api_total=75,333
2026-08-05 13:29:33,336 INFO src.pipeline.kaggle_collect_openalex_sri_lanka: Saved Sri Lankan-affiliated work number=74,372 progress=98.7% api_total=75,333
2026-08-05 13:29:33,336 INFO src.pipeline.kaggle_collect_openalex_sri_lanka: Saved Sri Lankan-affiliated work number=74,373 progress=98.7% api_total=75,333
2026-08-05 13:29:33,336 INFO src.pipeline.kaggle_collect_openalex_sri_lanka: Saved Sri Lankan-affiliated work number=74,374 progress=98.7% api_total=75,333
2026-08-05 13:29:33,337 INFO src.pipeline.kaggle_collect_openalex_sri_lanka: Saved Sri Lankan-affiliated work number=74,375 progress=98.7% api_total=75,333
2026-08-05 13:29:33,337 INFO src.pipeline.kaggle_collect_openalex_sri_lanka: Saved Sri Lankan-affiliated work number=74,376 progress=98.7% api_total=75,333
2026-08-05 13:29:33,337 INFO src.pipeline.kaggle_collect_openalex_sri_lanka: Saved Sri Lankan-affiliated work number=74,377 progress=98.7% api_total=75,333
2026-08-05 13:29:33,337 INFO src.pipeline.kaggle_collect_openalex_sri_lanka: Saved Sri Lankan-affiliated work number=74,378 progress=98.7% api_total=75,333
2026-08-05 13:29:33,338 INFO src.pipeline.kaggle_collect_openalex_sri_lanka: Saved Sri Lankan-affiliated work number=74,379 progress=98.7% api_total=75,333
2026-08-05 13:29:33,338 INFO src.pipeline.kaggle_collect_openalex_sri_lanka: Saved Sri Lankan-affiliated work number=74,380 progress=98.7% api_total=75,333
2026-08-05 13:29:33,339 INFO src.pipeline.kaggle_collect_openalex_sri_lanka: Saved Sri Lankan-affiliated work number=74,381 progress=98.7% api_total=75,333
2026-08-05 13:29:33,339 INFO src.pipeline.kaggle_collect_openalex_sri_lanka: Saved Sri Lankan-affiliated work number=74,382 progress=98.7% api_total=75,333
2026-08-05 13:29:33,339 INFO src.pipeline.kaggle_collect_openalex_sri_lanka: Saved Sri Lankan-affiliated work number=74,383 progress=98.7% api_total=75,333
2026-08-05 13:29:33,339 INFO src.pipeline.kaggle_collect_openalex_sri_lanka: Saved Sri Lankan-affiliated work number=74,384 progress=98.7% api_total=75,333
2026-08-05 13:29:33,340 INFO src.pipeline.kaggle_collect_openalex_sri_lanka: Saved Sri Lankan-affiliated work number=74,385 progress=98.7% api_total=75,333
2026-08-05 13:29:33,340 INFO src.pipeline.kaggle_collect_openalex_sri_lanka: Saved Sri Lankan-affiliated work number=74,386 progress=98.7% api_total=75,333
2026-08-05 13:29:33,341 INFO src.pipeline.kaggle_collect_openalex_sri_lanka: Saved Sri Lankan-affiliated work number=74,387 progress=98.7% api_total=75,333
2026-08-05 13:29:33,341 INFO src.pipeline.kaggle_collect_openalex_sri_lanka: Saved Sri Lankan-affiliated work number=74,388 progress=98.7% api_total=75,333
2026-08-05 13:29:33,341 INFO src.pipeline.kaggle_collect_openalex_sri_lanka: Saved Sri Lankan-affiliated work number=74,389 progress=98.7% api_total=75,333
2026-08-05 13:29:33,342 INFO src.pipeline.kaggle_collect_openalex_sri_lanka: Saved Sri Lankan-affiliated work number=74,390 progress=98.7% api_total=75,333
2026-08-05 13:29:33,342 INFO src.pipeline.kaggle_collect_openalex_sri_lanka: Saved Sri Lankan-affiliated work number=74,391 progress=98.7% api_total=75,333
2026-08-05 13:29:33,342 INFO src.pipeline.kaggle_collect_openalex_sri_lanka: Saved Sri Lankan-affiliated work number=74,392 progress=98.8% api_total=75,333
2026-08-05 13:29:33,343 INFO src.pipeline.kaggle_collect_openalex_sri_lanka: Saved Sri Lankan-affiliated work number=74,393 progress=98.8% api_total=75,333
2026-08-05 13:29:33,343 INFO src.pipeline.kaggle_collect_openalex_sri_lanka: Saved Sri Lankan-affiliated work number=74,394 progress=98.8% api_total=75,333
2026-08-05 13:29:33,344 INFO src.pipeline.kaggle_collect_openalex_sri_lanka: Saved Sri Lankan-affiliated work number=74,395 progress=98.8% api_total=75,333
2026-08-05 13:29:33,344 INFO src.pipeline.kaggle_collect_openalex_sri_lanka: Saved Sri Lankan-affiliated work number=74,396 progress=98.8% api_total=75,333
2026-08-05 13:29:33,344 INFO src.pipeline.kaggle_collect_openalex_sri_lanka: Saved Sri Lankan-affiliated work number=74,397 progress=98.8% api_total=75,333
2026-08-05 13:29:33,345 INFO src.pipeline.kaggle_collect_openalex_sri_lanka: Saved Sri Lankan-affiliated work number=74,398 progress=98.8% api_total=75,333
2026-08-05 13:29:33,345 INFO src.pipeline.kaggle_collect_openalex_sri_lanka: Saved Sri Lankan-affiliated work number=74,399 progress=98.8% api_total=75,333
2026-08-05 13:29:33,345 INFO src.pipeline.kaggle_collect_openalex_sri_lanka: Saved Sri Lankan-affiliated work number=74,400 progress=98.8% api_total=75,333
2026-08-05 13:29:33,346 INFO src.pipeline.kaggle_collect_openalex_sri_lanka: Saved Sri Lankan-affiliated work number=74,401 progress=98.8% api_total=75,333
2026-08-05 13:29:33,346 INFO src.pipeline.kaggle_collect_openalex_sri_lanka: Saved Sri Lankan-affiliated work number=74,402 progress=98.8% api_total=75,333
2026-08-05 13:29:33,346 INFO src.pipeline.kaggle_collect_openalex_sri_lanka: Saved Sri Lankan-affiliated work number=74,403 progress=98.8% api_total=75,333
2026-08-05 13:29:33,347 INFO src.pipeline.kaggle_collect_openalex_sri_lanka: Saved Sri Lankan-affiliated work number=74,404 progress=98.8% api_total=75,333
2026-08-05 13:29:33,347 INFO src.pipeline.kaggle_collect_openalex_sri_lanka: Saved Sri Lankan-affiliated work number=74,405 progress=98.8% api_total=75,333
2026-08-05 13:29:33,348 INFO src.pipeline.kaggle_collect_openalex_sri_lanka: Saved Sri Lankan-affiliated work number=74,406 progress=98.8% api_total=75,333
2026-08-05 13:29:33,348 INFO src.pipeline.kaggle_collect_openalex_sri_lanka: Saved Sri Lankan-affiliated work number=74,407 progress=98.8% api_total=75,333
2026-08-05 13:29:33,348 INFO src.pipeline.kaggle_collect_openalex_sri_lanka: Saved Sri Lankan-affiliated work number=74,408 progress=98.8% api_total=75,333
2026-08-05 13:29:33,349 INFO src.pipeline.kaggle_collect_openalex_sri_lanka: Saved Sri Lankan-affiliated work number=74,409 progress=98.8% api_total=75,333
2026-08-05 13:29:33,349 INFO src.pipeline.kaggle_collect_openalex_sri_lanka: Saved Sri Lankan-affiliated work number=74,410 progress=98.8% api_total=75,333
2026-08-05 13:29:33,349 INFO src.pipeline.kaggle_collect_openalex_sri_lanka: Saved Sri Lankan-affiliated work number=74,411 progress=98.8% api_total=75,333
2026-08-05 13:29:33,350 INFO src.pipeline.kaggle_collect_openalex_sri_lanka: Saved Sri Lankan-affiliated work number=74,412 progress=98.8% api_total=75,333
2026-08-05 13:29:33,350 INFO src.pipeline.kaggle_collect_openalex_sri_lanka: Saved Sri Lankan-affiliated work number=74,413 progress=98.8% api_total=75,333
2026-08-05 13:29:33,350 INFO src.pipeline.kaggle_collect_openalex_sri_lanka: Saved Sri Lankan-affiliated work number=74,414 progress=98.8% api_total=75,333
2026-08-05 13:29:33,350 INFO src.pipeline.kaggle_collect_openalex_sri_lanka: Saved Sri Lankan-affiliated work number=74,415 progress=98.8% api_total=75,333
2026-08-05 13:29:33,351 INFO src.pipeline.kaggle_collect_openalex_sri_lanka: Saved Sri Lankan-affiliated work number=74,416 progress=98.8% api_total=75,333
2026-08-05 13:29:33,351 INFO src.pipeline.kaggle_collect_openalex_sri_lanka: Saved Sri Lankan-affiliated work number=74,417 progress=98.8% api_total=75,333
2026-08-05 13:29:33,351 INFO src.pipeline.kaggle_collect_openalex_sri_lanka: Saved Sri Lankan-affiliated work number=74,418 progress=98.8% api_total=75,333
2026-08-05 13:29:33,352 INFO src.pipeline.kaggle_collect_openalex_sri_lanka: Saved Sri Lankan-affiliated work number=74,419 progress=98.8% api_total=75,333
2026-08-05 13:29:33,352 INFO src.pipeline.kaggle_collect_openalex_sri_lanka: Saved Sri Lankan-affiliated work number=74,420 progress=98.8% api_total=75,333
2026-08-05 13:29:33,352 INFO src.pipeline.kaggle_collect_openalex_sri_lanka: Saved Sri Lankan-affiliated work number=74,421 progress=98.8% api_total=75,333
2026-08-05 13:29:33,353 INFO src.pipeline.kaggle_collect_openalex_sri_lanka: Saved Sri Lankan-affiliated work number=74,422 progress=98.8% api_total=75,333
2026-08-05 13:29:33,353 INFO src.pipeline.kaggle_collect_openalex_sri_lanka: Saved Sri Lankan-affiliated work number=74,423 progress=98.8% api_total=75,333
2026-08-05 13:29:33,353 INFO src.pipeline.kaggle_collect_openalex_sri_lanka: Saved Sri Lankan-affiliated work number=74,424 progress=98.8% api_total=75,333
2026-08-05 13:29:33,353 INFO src.pipeline.kaggle_collect_openalex_sri_lanka: Saved Sri Lankan-affiliated work number=74,425 progress=98.8% api_total=75,333
2026-08-05 13:29:33,354 INFO src.pipeline.kaggle_collect_openalex_sri_lanka: Saved Sri Lankan-affiliated work number=74,426 progress=98.8% api_total=75,333
2026-08-05 13:29:33,354 INFO src.pipeline.kaggle_collect_openalex_sri_lanka: Saved Sri Lankan-affiliated work number=74,427 progress=98.8% api_total=75,333
2026-08-05 13:29:33,354 INFO src.pipeline.kaggle_collect_openalex_sri_lanka: Saved Sri Lankan-affiliated work number=74,428 progress=98.8% api_total=75,333
2026-08-05 13:29:33,354 INFO src.pipeline.kaggle_collect_openalex_sri_lanka: Saved Sri Lankan-affiliated work number=74,429 progress=98.8% api_total=75,333
2026-08-05 13:29:33,355 INFO src.pipeline.kaggle_collect_openalex_sri_lanka: Saved Sri Lankan-affiliated work number=74,430 progress=98.8% api_total=75,333
2026-08-05 13:29:33,355 INFO src.pipeline.kaggle_collect_openalex_sri_lanka: Saved Sri Lankan-affiliated work number=74,431 progress=98.8% api_total=75,333
2026-08-05 13:29:33,355 INFO src.pipeline.kaggle_collect_openalex_sri_lanka: Saved Sri Lankan-affiliated work number=74,432 progress=98.8% api_total=75,333
2026-08-05 13:29:33,356 INFO src.pipeline.kaggle_collect_openalex_sri_lanka: Saved Sri Lankan-affiliated work number=74,433 progress=98.8% api_total=75,333
2026-08-05 13:29:33,356 INFO src.pipeline.kaggle_collect_openalex_sri_lanka: Saved Sri Lankan-affiliated work number=74,434 progress=98.8% api_total=75,333
2026-08-05 13:29:33,357 INFO src.pipeline.kaggle_collect_openalex_sri_lanka: Saved Sri Lankan-affiliated work number=74,435 progress=98.8% api_total=75,333
2026-08-05 13:29:33,357 INFO src.pipeline.kaggle_collect_openalex_sri_lanka: Saved Sri Lankan-affiliated work number=74,436 progress=98.8% api_total=75,333
2026-08-05 13:29:33,357 INFO src.pipeline.kaggle_collect_openalex_sri_lanka: Saved Sri Lankan-affiliated work number=74,437 progress=98.8% api_total=75,333
2026-08-05 13:29:33,357 INFO src.pipeline.kaggle_collect_openalex_sri_lanka: Saved Sri Lankan-affiliated work number=74,438 progress=98.8% api_total=75,333
2026-08-05 13:29:33,358 INFO src.pipeline.kaggle_collect_openalex_sri_lanka: Saved Sri Lankan-affiliated work number=74,439 progress=98.8% api_total=75,333
2026-08-05 13:29:33,358 INFO src.pipeline.kaggle_collect_openalex_sri_lanka: Saved Sri Lankan-affiliated work number=74,440 progress=98.8% api_total=75,333
2026-08-05 13:29:33,358 INFO src.pipeline.kaggle_collect_openalex_sri_lanka: Saved Sri Lankan-affiliated work number=74,441 progress=98.8% api_total=75,333
2026-08-05 13:29:33,358 INFO src.pipeline.kaggle_collect_openalex_sri_lanka: Saved Sri Lankan-affiliated work number=74,442 progress=98.8% api_total=75,333
2026-08-05 13:29:40,417 INFO src.collectors.openalex_collector: Fetched OpenAlex page page=22/377 progress=5.8% fetched=200 kept=200 skipped=0 next_cursor=yes
2026-08-05 13:29:40,422 INFO src.pipeline.kaggle_collect_openalex_sri_lanka: Saved Sri Lankan-affiliated work number=74,443 progress=98.8% api_total=75,333
2026-08-05 13:29:40,422 INFO src.pipeline.kaggle_collect_openalex_sri_lanka: Saved Sri Lankan-affiliated work number=74,444 progress=98.8% api_total=75,333
2026-08-05 13:29:40,423 INFO src.pipeline.kaggle_collect_openalex_sri_lanka: Saved Sri Lankan-affiliated work number=74,445 progress=98.8% api_total=75,333
2026-08-05 13:29:40,423 INFO src.pipeline.kaggle_collect_openalex_sri_lanka: Saved Sri Lankan-affiliated work number=74,446 progress=98.8% api_total=75,333
2026-08-05 13:29:40,423 INFO src.pipeline.kaggle_collect_openalex_sri_lanka: Saved Sri Lankan-affiliated work number=74,447 progress=98.8% api_total=75,333
2026-08-05 13:29:40,423 INFO src.pipeline.kaggle_collect_openalex_sri_lanka: Saved Sri Lankan-affiliated work number=74,448 progress=98.8% api_total=75,333
2026-08-05 13:29:40,424 INFO src.pipeline.kaggle_collect_openalex_sri_lanka: Saved Sri Lankan-affiliated work number=74,449 progress=98.8% api_total=75,333
2026-08-05 13:29:40,424 INFO src.pipeline.kaggle_collect_openalex_sri_lanka: Saved Sri Lankan-affiliated work number=74,450 progress=98.8% api_total=75,333
2026-08-05 13:29:40,425 INFO src.pipeline.kaggle_collect_openalex_sri_lanka: Saved Sri Lankan-affiliated work number=74,451 progress=98.8% api_total=75,333
2026-08-05 13:29:40,425 INFO src.pipeline.kaggle_collect_openalex_sri_lanka: Saved Sri Lankan-affiliated work number=74,452 progress=98.8% api_total=75,333
2026-08-05 13:29:40,425 INFO src.pipeline.kaggle_collect_openalex_sri_lanka: Saved Sri Lankan-affiliated work number=74,453 progress=98.8% api_total=75,333
2026-08-05 13:29:40,426 INFO src.pipeline.kaggle_collect_openalex_sri_lanka: Saved Sri Lankan-affiliated work number=74,454 progress=98.8% api_total=75,333
2026-08-05 13:29:40,426 INFO src.pipeline.kaggle_collect_openalex_sri_lanka: Saved Sri Lankan-affiliated work number=74,455 progress=98.8% api_total=75,333
2026-08-05 13:29:40,426 INFO src.pipeline.kaggle_collect_openalex_sri_lanka: Saved Sri Lankan-affiliated work number=74,456 progress=98.8% api_total=75,333
2026-08-05 13:29:40,427 INFO src.pipeline.kaggle_collect_openalex_sri_lanka: Saved Sri Lankan-affiliated work number=74,457 progress=98.8% api_total=75,333
2026-08-05 13:29:40,427 INFO src.pipeline.kaggle_collect_openalex_sri_lanka: Saved Sri Lankan-affiliated work number=74,458 progress=98.8% api_total=75,333
2026-08-05 13:29:40,427 INFO src.pipeline.kaggle_collect_openalex_sri_lanka: Saved Sri Lankan-affiliated work number=74,459 progress=98.8% api_total=75,333
2026-08-05 13:29:40,428 INFO src.pipeline.kaggle_collect_openalex_sri_lanka: Saved Sri Lankan-affiliated work number=74,460 progress=98.8% api_total=75,333
2026-08-05 13:29:40,428 INFO src.pipeline.kaggle_collect_openalex_sri_lanka: Saved Sri Lankan-affiliated work number=74,461 progress=98.8% api_total=75,333
2026-08-05 13:29:40,428 INFO src.pipeline.kaggle_collect_openalex_sri_lanka: Saved Sri Lankan-affiliated work number=74,462 progress=98.8% api_total=75,333
2026-08-05 13:29:40,429 INFO src.pipeline.kaggle_collect_openalex_sri_lanka: Saved Sri Lankan-affiliated work number=74,463 progress=98.8% api_total=75,333
2026-08-05 13:29:40,430 INFO src.pipeline.kaggle_collect_openalex_sri_lanka: Saved Sri Lankan-affiliated work number=74,464 progress=98.8% api_total=75,333
2026-08-05 13:29:40,430 INFO src.pipeline.kaggle_collect_openalex_sri_lanka: Saved Sri Lankan-affiliated work number=74,465 progress=98.8% api_total=75,333
2026-08-05 13:29:40,430 INFO src.pipeline.kaggle_collect_openalex_sri_lanka: Saved Sri Lankan-affiliated work number=74,466 progress=98.8% api_total=75,333
2026-08-05 13:29:40,431 INFO src.pipeline.kaggle_collect_openalex_sri_lanka: Saved Sri Lankan-affiliated work number=74,467 progress=98.9% api_total=75,333
2026-08-05 13:29:40,431 INFO src.pipeline.kaggle_collect_openalex_sri_lanka: Saved Sri Lankan-affiliated work number=74,468 progress=98.9% api_total=75,333
2026-08-05 13:29:40,431 INFO src.pipeline.kaggle_collect_openalex_sri_lanka: Saved Sri Lankan-affiliated work number=74,469 progress=98.9% api_total=75,333
2026-08-05 13:29:40,432 INFO src.pipeline.kaggle_collect_openalex_sri_lanka: Saved Sri Lankan-affiliated work number=74,470 progress=98.9% api_total=75,333
2026-08-05 13:29:40,432 INFO src.pipeline.kaggle_collect_openalex_sri_lanka: Saved Sri Lankan-affiliated work number=74,471 progress=98.9% api_total=75,333
2026-08-05 13:29:40,432 INFO src.pipeline.kaggle_collect_openalex_sri_lanka: Saved Sri Lankan-affiliated work number=74,472 progress=98.9% api_total=75,333
2026-08-05 13:29:40,433 INFO src.pipeline.kaggle_collect_openalex_sri_lanka: Saved Sri Lankan-affiliated work number=74,473 progress=98.9% api_total=75,333
2026-08-05 13:29:40,433 INFO src.pipeline.kaggle_collect_openalex_sri_lanka: Saved Sri Lankan-affiliated work number=74,474 progress=98.9% api_total=75,333
2026-08-05 13:29:40,433 INFO src.pipeline.kaggle_collect_openalex_sri_lanka: Saved Sri Lankan-affiliated work number=74,475 progress=98.9% api_total=75,333
2026-08-05 13:29:40,434 INFO src.pipeline.kaggle_collect_openalex_sri_lanka: Saved Sri Lankan-affiliated work number=74,476 progress=98.9% api_total=75,333
2026-08-05 13:29:40,435 INFO src.pipeline.kaggle_collect_openalex_sri_lanka: Saved Sri Lankan-affiliated work number=74,477 progress=98.9% api_total=75,333
2026-08-05 13:29:40,435 INFO src.pipeline.kaggle_collect_openalex_sri_lanka: Saved Sri Lankan-affiliated work number=74,478 progress=98.9% api_total=75,333
2026-08-05 13:29:40,435 INFO src.pipeline.kaggle_collect_openalex_sri_lanka: Saved Sri Lankan-affiliated work number=74,479 progress=98.9% api_total=75,333
2026-08-05 13:29:40,435 INFO src.pipeline.kaggle_collect_openalex_sri_lanka: Saved Sri Lankan-affiliated work number=74,480 progress=98.9% api_total=75,333
2026-08-05 13:29:40,436 INFO src.pipeline.kaggle_collect_openalex_sri_lanka: Saved Sri Lankan-affiliated work number=74,481 progress=98.9% api_total=75,333
2026-08-05 13:29:40,436 INFO src.pipeline.kaggle_collect_openalex_sri_lanka: Saved Sri Lankan-affiliated work number=74,482 progress=98.9% api_total=75,333
2026-08-05 13:29:40,436 INFO src.pipeline.kaggle_collect_openalex_sri_lanka: Saved Sri Lankan-affiliated work number=74,483 progress=98.9% api_total=75,333
2026-08-05 13:29:40,437 INFO src.pipeline.kaggle_collect_openalex_sri_lanka: Saved Sri Lankan-affiliated work number=74,484 progress=98.9% api_total=75,333
2026-08-05 13:29:40,437 INFO src.pipeline.kaggle_collect_openalex_sri_lanka: Saved Sri Lankan-affiliated work number=74,485 progress=98.9% api_total=75,333
2026-08-05 13:29:40,438 INFO src.pipeline.kaggle_collect_openalex_sri_lanka: Saved Sri Lankan-affiliated work number=74,486 progress=98.9% api_total=75,333
2026-08-05 13:29:40,438 INFO src.pipeline.kaggle_collect_openalex_sri_lanka: Saved Sri Lankan-affiliated work number=74,487 progress=98.9% api_total=75,333
2026-08-05 13:29:40,438 INFO src.pipeline.kaggle_collect_openalex_sri_lanka: Saved Sri Lankan-affiliated work number=74,488 progress=98.9% api_total=75,333
2026-08-05 13:29:40,439 INFO src.pipeline.kaggle_collect_openalex_sri_lanka: Saved Sri Lankan-affiliated work number=74,489 progress=98.9% api_total=75,333
2026-08-05 13:29:40,439 INFO src.pipeline.kaggle_collect_openalex_sri_lanka: Saved Sri Lankan-affiliated work number=74,490 progress=98.9% api_total=75,333
2026-08-05 13:29:40,440 INFO src.pipeline.kaggle_collect_openalex_sri_lanka: Saved Sri Lankan-affiliated work number=74,491 progress=98.9% api_total=75,333
2026-08-05 13:29:40,440 INFO src.pipeline.kaggle_collect_openalex_sri_lanka: Saved Sri Lankan-affiliated work number=74,492 progress=98.9% api_total=75,333
2026-08-05 13:29:40,441 INFO src.pipeline.kaggle_collect_openalex_sri_lanka: Saved Sri Lankan-affiliated work number=74,493 progress=98.9% api_total=75,333
2026-08-05 13:29:40,441 INFO src.pipeline.kaggle_collect_openalex_sri_lanka: Saved Sri Lankan-affiliated work number=74,494 progress=98.9% api_total=75,333
2026-08-05 13:29:40,441 INFO src.pipeline.kaggle_collect_openalex_sri_lanka: Saved Sri Lankan-affiliated work number=74,495 progress=98.9% api_total=75,333
2026-08-05 13:29:40,442 INFO src.pipeline.kaggle_collect_openalex_sri_lanka: Saved Sri Lankan-affiliated work number=74,496 progress=98.9% api_total=75,333
2026-08-05 13:29:40,443 INFO src.pipeline.kaggle_collect_openalex_sri_lanka: Saved Sri Lankan-affiliated work number=74,497 progress=98.9% api_total=75,333
2026-08-05 13:29:40,443 INFO src.pipeline.kaggle_collect_openalex_sri_lanka: Saved Sri Lankan-affiliated work number=74,498 progress=98.9% api_total=75,333
2026-08-05 13:29:40,443 INFO src.pipeline.kaggle_collect_openalex_sri_lanka: Saved Sri Lankan-affiliated work number=74,499 progress=98.9% api_total=75,333
2026-08-05 13:29:40,444 INFO src.pipeline.kaggle_collect_openalex_sri_lanka: Saved Sri Lankan-affiliated work number=74,500 progress=98.9% api_total=75,333
2026-08-05 13:29:40,444 INFO src.pipeline.kaggle_collect_openalex_sri_lanka: Saved Sri Lankan-affiliated work number=74,501 progress=98.9% api_total=75,333
2026-08-05 13:29:40,444 INFO src.pipeline.kaggle_collect_openalex_sri_lanka: Saved Sri Lankan-affiliated work number=74,502 progress=98.9% api_total=75,333
2026-08-05 13:29:40,445 INFO src.pipeline.kaggle_collect_openalex_sri_lanka: Saved Sri Lankan-affiliated work number=74,503 progress=98.9% api_total=75,333
2026-08-05 13:29:40,445 INFO src.pipeline.kaggle_collect_openalex_sri_lanka: Saved Sri Lankan-affiliated work number=74,504 progress=98.9% api_total=75,333
2026-08-05 13:29:40,445 INFO src.pipeline.kaggle_collect_openalex_sri_lanka: Saved Sri Lankan-affiliated work number=74,505 progress=98.9% api_total=75,333
2026-08-05 13:29:40,446 INFO src.pipeline.kaggle_collect_openalex_sri_lanka: Saved Sri Lankan-affiliated work number=74,506 progress=98.9% api_total=75,333
2026-08-05 13:29:40,446 INFO src.pipeline.kaggle_collect_openalex_sri_lanka: Saved Sri Lankan-affiliated work number=74,507 progress=98.9% api_total=75,333
2026-08-05 13:29:40,446 INFO src.pipeline.kaggle_collect_openalex_sri_lanka: Saved Sri Lankan-affiliated work number=74,508 progress=98.9% api_total=75,333
2026-08-05 13:29:40,447 INFO src.pipeline.kaggle_collect_openalex_sri_lanka: Saved Sri Lankan-affiliated work number=74,509 progress=98.9% api_total=75,333
2026-08-05 13:29:40,447 INFO src.pipeline.kaggle_collect_openalex_sri_lanka: Saved Sri Lankan-affiliated work number=74,510 progress=98.9% api_total=75,333
2026-08-05 13:29:40,447 INFO src.pipeline.kaggle_collect_openalex_sri_lanka: Saved Sri Lankan-affiliated work number=74,511 progress=98.9% api_total=75,333
2026-08-05 13:29:40,448 INFO src.pipeline.kaggle_collect_openalex_sri_lanka: Saved Sri Lankan-affiliated work number=74,512 progress=98.9% api_total=75,333
2026-08-05 13:29:40,448 INFO src.pipeline.kaggle_collect_openalex_sri_lanka: Saved Sri Lankan-affiliated work number=74,513 progress=98.9% api_total=75,333
2026-08-05 13:29:40,448 INFO src.pipeline.kaggle_collect_openalex_sri_lanka: Saved Sri Lankan-affiliated work number=74,514 progress=98.9% api_total=75,333
2026-08-05 13:29:40,449 INFO src.pipeline.kaggle_collect_openalex_sri_lanka: Saved Sri Lankan-affiliated work number=74,515 progress=98.9% api_total=75,333
2026-08-05 13:29:40,449 INFO src.pipeline.kaggle_collect_openalex_sri_lanka: Saved Sri Lankan-affiliated work number=74,516 progress=98.9% api_total=75,333
2026-08-05 13:29:40,450 INFO src.pipeline.kaggle_collect_openalex_sri_lanka: Saved Sri Lankan-affiliated work number=74,517 progress=98.9% api_total=75,333
2026-08-05 13:29:40,450 INFO src.pipeline.kaggle_collect_openalex_sri_lanka: Saved Sri Lankan-affiliated work number=74,518 progress=98.9% api_total=75,333
2026-08-05 13:29:40,451 INFO src.pipeline.kaggle_collect_openalex_sri_lanka: Saved Sri Lankan-affiliated work number=74,519 progress=98.9% api_total=75,333
2026-08-05 13:29:40,451 INFO src.pipeline.kaggle_collect_openalex_sri_lanka: Saved Sri Lankan-affiliated work number=74,520 progress=98.9% api_total=75,333
2026-08-05 13:29:40,452 INFO src.pipeline.kaggle_collect_openalex_sri_lanka: Saved Sri Lankan-affiliated work number=74,521 progress=98.9% api_total=75,333
2026-08-05 13:29:40,452 INFO src.pipeline.kaggle_collect_openalex_sri_lanka: Saved Sri Lankan-affiliated work number=74,522 progress=98.9% api_total=75,333
2026-08-05 13:29:40,453 INFO src.pipeline.kaggle_collect_openalex_sri_lanka: Saved Sri Lankan-affiliated work number=74,523 progress=98.9% api_total=75,333
2026-08-05 13:29:40,453 INFO src.pipeline.kaggle_collect_openalex_sri_lanka: Saved Sri Lankan-affiliated work number=74,524 progress=98.9% api_total=75,333
2026-08-05 13:29:40,454 INFO src.pipeline.kaggle_collect_openalex_sri_lanka: Saved Sri Lankan-affiliated work number=74,525 progress=98.9% api_total=75,333
2026-08-05 13:29:40,454 INFO src.pipeline.kaggle_collect_openalex_sri_lanka: Saved Sri Lankan-affiliated work number=74,526 progress=98.9% api_total=75,333
2026-08-05 13:29:40,455 INFO src.pipeline.kaggle_collect_openalex_sri_lanka: Saved Sri Lankan-affiliated work number=74,527 progress=98.9% api_total=75,333
2026-08-05 13:29:40,455 INFO src.pipeline.kaggle_collect_openalex_sri_lanka: Saved Sri Lankan-affiliated work number=74,528 progress=98.9% api_total=75,333
2026-08-05 13:29:40,456 INFO src.pipeline.kaggle_collect_openalex_sri_lanka: Saved Sri Lankan-affiliated work number=74,529 progress=98.9% api_total=75,333
2026-08-05 13:29:40,456 INFO src.pipeline.kaggle_collect_openalex_sri_lanka: Saved Sri Lankan-affiliated work number=74,530 progress=98.9% api_total=75,333
2026-08-05 13:29:40,457 INFO src.pipeline.kaggle_collect_openalex_sri_lanka: Saved Sri Lankan-affiliated work number=74,531 progress=98.9% api_total=75,333
2026-08-05 13:29:40,457 INFO src.pipeline.kaggle_collect_openalex_sri_lanka: Saved Sri Lankan-affiliated work number=74,532 progress=98.9% api_total=75,333
2026-08-05 13:29:40,457 INFO src.pipeline.kaggle_collect_openalex_sri_lanka: Saved Sri Lankan-affiliated work number=74,533 progress=98.9% api_total=75,333
2026-08-05 13:29:40,458 INFO src.pipeline.kaggle_collect_openalex_sri_lanka: Saved Sri Lankan-affiliated work number=74,534 progress=98.9% api_total=75,333
2026-08-05 13:29:40,458 INFO src.pipeline.kaggle_collect_openalex_sri_lanka: Saved Sri Lankan-affiliated work number=74,535 progress=98.9% api_total=75,333
2026-08-05 13:29:40,458 INFO src.pipeline.kaggle_collect_openalex_sri_lanka: Saved Sri Lankan-affiliated work number=74,536 progress=98.9% api_total=75,333
2026-08-05 13:29:40,459 INFO src.pipeline.kaggle_collect_openalex_sri_lanka: Saved Sri Lankan-affiliated work number=74,537 progress=98.9% api_total=75,333
2026-08-05 13:29:40,460 INFO src.pipeline.kaggle_collect_openalex_sri_lanka: Saved Sri Lankan-affiliated work number=74,538 progress=98.9% api_total=75,333
2026-08-05 13:29:40,460 INFO src.pipeline.kaggle_collect_openalex_sri_lanka: Saved Sri Lankan-affiliated work number=74,539 progress=98.9% api_total=75,333
2026-08-05 13:29:40,460 INFO src.pipeline.kaggle_collect_openalex_sri_lanka: Saved Sri Lankan-affiliated work number=74,540 progress=98.9% api_total=75,333
2026-08-05 13:29:40,461 INFO src.pipeline.kaggle_collect_openalex_sri_lanka: Saved Sri Lankan-affiliated work number=74,541 progress=98.9% api_total=75,333
2026-08-05 13:29:40,461 INFO src.pipeline.kaggle_collect_openalex_sri_lanka: Saved Sri Lankan-affiliated work number=74,542 progress=98.9% api_total=75,333
2026-08-05 13:29:40,461 INFO src.pipeline.kaggle_collect_openalex_sri_lanka: Saved Sri Lankan-affiliated work number=74,543 progress=99.0% api_total=75,333
2026-08-05 13:29:40,462 INFO src.pipeline.kaggle_collect_openalex_sri_lanka: Saved Sri Lankan-affiliated work number=74,544 progress=99.0% api_total=75,333
2026-08-05 13:29:40,462 INFO src.pipeline.kaggle_collect_openalex_sri_lanka: Saved Sri Lankan-affiliated work number=74,545 progress=99.0% api_total=75,333
2026-08-05 13:29:40,462 INFO src.pipeline.kaggle_collect_openalex_sri_lanka: Saved Sri Lankan-affiliated work number=74,546 progress=99.0% api_total=75,333
2026-08-05 13:29:40,463 INFO src.pipeline.kaggle_collect_openalex_sri_lanka: Saved Sri Lankan-affiliated work number=74,547 progress=99.0% api_total=75,333
2026-08-05 13:29:40,463 INFO src.pipeline.kaggle_collect_openalex_sri_lanka: Saved Sri Lankan-affiliated work number=74,548 progress=99.0% api_total=75,333
2026-08-05 13:29:40,464 INFO src.pipeline.kaggle_collect_openalex_sri_lanka: Saved Sri Lankan-affiliated work number=74,549 progress=99.0% api_total=75,333
2026-08-05 13:29:40,464 INFO src.pipeline.kaggle_collect_openalex_sri_lanka: Saved Sri Lankan-affiliated work number=74,550 progress=99.0% api_total=75,333
2026-08-05 13:29:40,465 INFO src.pipeline.kaggle_collect_openalex_sri_lanka: Saved Sri Lankan-affiliated work number=74,551 progress=99.0% api_total=75,333
2026-08-05 13:29:40,465 INFO src.pipeline.kaggle_collect_openalex_sri_lanka: Saved Sri Lankan-affiliated work number=74,552 progress=99.0% api_total=75,333
2026-08-05 13:29:40,466 INFO src.pipeline.kaggle_collect_openalex_sri_lanka: Saved Sri Lankan-affiliated work number=74,553 progress=99.0% api_total=75,333
2026-08-05 13:29:40,466 INFO src.pipeline.kaggle_collect_openalex_sri_lanka: Saved Sri Lankan-affiliated work number=74,554 progress=99.0% api_total=75,333
2026-08-05 13:29:40,467 INFO src.pipeline.kaggle_collect_openalex_sri_lanka: Saved Sri Lankan-affiliated work number=74,555 progress=99.0% api_total=75,333
2026-08-05 13:29:40,467 INFO src.pipeline.kaggle_collect_openalex_sri_lanka: Saved Sri Lankan-affiliated work number=74,556 progress=99.0% api_total=75,333
2026-08-05 13:29:40,467 INFO src.pipeline.kaggle_collect_openalex_sri_lanka: Saved Sri Lankan-affiliated work number=74,557 progress=99.0% api_total=75,333
2026-08-05 13:29:40,468 INFO src.pipeline.kaggle_collect_openalex_sri_lanka: Saved Sri Lankan-affiliated work number=74,558 progress=99.0% api_total=75,333
2026-08-05 13:29:40,468 INFO src.pipeline.kaggle_collect_openalex_sri_lanka: Saved Sri Lankan-affiliated work number=74,559 progress=99.0% api_total=75,333
2026-08-05 13:29:40,469 INFO src.pipeline.kaggle_collect_openalex_sri_lanka: Saved Sri Lankan-affiliated work number=74,560 progress=99.0% api_total=75,333
2026-08-05 13:29:40,470 INFO src.pipeline.kaggle_collect_openalex_sri_lanka: Saved Sri Lankan-affiliated work number=74,561 progress=99.0% api_total=75,333
2026-08-05 13:29:40,470 INFO src.pipeline.kaggle_collect_openalex_sri_lanka: Saved Sri Lankan-affiliated work number=74,562 progress=99.0% api_total=75,333
2026-08-05 13:29:40,471 INFO src.pipeline.kaggle_collect_openalex_sri_lanka: Saved Sri Lankan-affiliated work number=74,563 progress=99.0% api_total=75,333
2026-08-05 13:29:40,471 INFO src.pipeline.kaggle_collect_openalex_sri_lanka: Saved Sri Lankan-affiliated work number=74,564 progress=99.0% api_total=75,333
2026-08-05 13:29:40,471 INFO src.pipeline.kaggle_collect_openalex_sri_lanka: Saved Sri Lankan-affiliated work number=74,565 progress=99.0% api_total=75,333
2026-08-05 13:29:40,472 INFO src.pipeline.kaggle_collect_openalex_sri_lanka: Saved Sri Lankan-affiliated work number=74,566 progress=99.0% api_total=75,333
2026-08-05 13:29:40,473 INFO src.pipeline.kaggle_collect_openalex_sri_lanka: Saved Sri Lankan-affiliated work number=74,567 progress=99.0% api_total=75,333
2026-08-05 13:29:40,474 INFO src.pipeline.kaggle_collect_openalex_sri_lanka: Saved Sri Lankan-affiliated work number=74,568 progress=99.0% api_total=75,333
2026-08-05 13:29:40,475 INFO src.pipeline.kaggle_collect_openalex_sri_lanka: Saved Sri Lankan-affiliated work number=74,569 progress=99.0% api_total=75,333
2026-08-05 13:29:40,475 INFO src.pipeline.kaggle_collect_openalex_sri_lanka: Saved Sri Lankan-affiliated work number=74,570 progress=99.0% api_total=75,333
2026-08-05 13:29:40,476 INFO src.pipeline.kaggle_collect_openalex_sri_lanka: Saved Sri Lankan-affiliated work number=74,571 progress=99.0% api_total=75,333
2026-08-05 13:29:40,476 INFO src.pipeline.kaggle_collect_openalex_sri_lanka: Saved Sri Lankan-affiliated work number=74,572 progress=99.0% api_total=75,333
2026-08-05 13:29:40,477 INFO src.pipeline.kaggle_collect_openalex_sri_lanka: Saved Sri Lankan-affiliated work number=74,573 progress=99.0% api_total=75,333
2026-08-05 13:29:40,477 INFO src.pipeline.kaggle_collect_openalex_sri_lanka: Saved Sri Lankan-affiliated work number=74,574 progress=99.0% api_total=75,333
2026-08-05 13:29:40,477 INFO src.pipeline.kaggle_collect_openalex_sri_lanka: Saved Sri Lankan-affiliated work number=74,575 progress=99.0% api_total=75,333
2026-08-05 13:29:40,478 INFO src.pipeline.kaggle_collect_openalex_sri_lanka: Saved Sri Lankan-affiliated work number=74,576 progress=99.0% api_total=75,333
2026-08-05 13:29:40,478 INFO src.pipeline.kaggle_collect_openalex_sri_lanka: Saved Sri Lankan-affiliated work number=74,577 progress=99.0% api_total=75,333
2026-08-05 13:29:40,479 INFO src.pipeline.kaggle_collect_openalex_sri_lanka: Saved Sri Lankan-affiliated work number=74,578 progress=99.0% api_total=75,333
2026-08-05 13:29:40,479 INFO src.pipeline.kaggle_collect_openalex_sri_lanka: Saved Sri Lankan-affiliated work number=74,579 progress=99.0% api_total=75,333
2026-08-05 13:29:40,480 INFO src.pipeline.kaggle_collect_openalex_sri_lanka: Saved Sri Lankan-affiliated work number=74,580 progress=99.0% api_total=75,333
2026-08-05 13:29:40,480 INFO src.pipeline.kaggle_collect_openalex_sri_lanka: Saved Sri Lankan-affiliated work number=74,581 progress=99.0% api_total=75,333
2026-08-05 13:29:40,481 INFO src.pipeline.kaggle_collect_openalex_sri_lanka: Saved Sri Lankan-affiliated work number=74,582 progress=99.0% api_total=75,333
2026-08-05 13:29:40,482 INFO src.pipeline.kaggle_collect_openalex_sri_lanka: Saved Sri Lankan-affiliated work number=74,583 progress=99.0% api_total=75,333
2026-08-05 13:29:40,482 INFO src.pipeline.kaggle_collect_openalex_sri_lanka: Saved Sri Lankan-affiliated work number=74,584 progress=99.0% api_total=75,333
2026-08-05 13:29:40,483 INFO src.pipeline.kaggle_collect_openalex_sri_lanka: Saved Sri Lankan-affiliated work number=74,585 progress=99.0% api_total=75,333
2026-08-05 13:29:40,483 INFO src.pipeline.kaggle_collect_openalex_sri_lanka: Saved Sri Lankan-affiliated work number=74,586 progress=99.0% api_total=75,333
2026-08-05 13:29:40,484 INFO src.pipeline.kaggle_collect_openalex_sri_lanka: Saved Sri Lankan-affiliated work number=74,587 progress=99.0% api_total=75,333
2026-08-05 13:29:40,484 INFO src.pipeline.kaggle_collect_openalex_sri_lanka: Saved Sri Lankan-affiliated work number=74,588 progress=99.0% api_total=75,333
2026-08-05 13:29:40,485 INFO src.pipeline.kaggle_collect_openalex_sri_lanka: Saved Sri Lankan-affiliated work number=74,589 progress=99.0% api_total=75,333
2026-08-05 13:29:40,485 INFO src.pipeline.kaggle_collect_openalex_sri_lanka: Saved Sri Lankan-affiliated work number=74,590 progress=99.0% api_total=75,333
2026-08-05 13:29:40,486 INFO src.pipeline.kaggle_collect_openalex_sri_lanka: Saved Sri Lankan-affiliated work number=74,591 progress=99.0% api_total=75,333
2026-08-05 13:29:40,486 INFO src.pipeline.kaggle_collect_openalex_sri_lanka: Saved Sri Lankan-affiliated work number=74,592 progress=99.0% api_total=75,333
2026-08-05 13:29:40,486 INFO src.pipeline.kaggle_collect_openalex_sri_lanka: Saved Sri Lankan-affiliated work number=74,593 progress=99.0% api_total=75,333
2026-08-05 13:29:40,487 INFO src.pipeline.kaggle_collect_openalex_sri_lanka: Saved Sri Lankan-affiliated work number=74,594 progress=99.0% api_total=75,333
2026-08-05 13:29:40,487 INFO src.pipeline.kaggle_collect_openalex_sri_lanka: Saved Sri Lankan-affiliated work number=74,595 progress=99.0% api_total=75,333
2026-08-05 13:29:40,488 INFO src.pipeline.kaggle_collect_openalex_sri_lanka: Saved Sri Lankan-affiliated work number=74,596 progress=99.0% api_total=75,333
2026-08-05 13:29:40,488 INFO src.pipeline.kaggle_collect_openalex_sri_lanka: Saved Sri Lankan-affiliated work number=74,597 progress=99.0% api_total=75,333
2026-08-05 13:29:40,488 INFO src.pipeline.kaggle_collect_openalex_sri_lanka: Saved Sri Lankan-affiliated work number=74,598 progress=99.0% api_total=75,333
2026-08-05 13:29:40,489 INFO src.pipeline.kaggle_collect_openalex_sri_lanka: Saved Sri Lankan-affiliated work number=74,599 progress=99.0% api_total=75,333
2026-08-05 13:29:40,489 INFO src.pipeline.kaggle_collect_openalex_sri_lanka: Saved Sri Lankan-affiliated work number=74,600 progress=99.0% api_total=75,333
2026-08-05 13:29:40,490 INFO src.pipeline.kaggle_collect_openalex_sri_lanka: Saved Sri Lankan-affiliated work number=74,601 progress=99.0% api_total=75,333
2026-08-05 13:29:40,491 INFO src.pipeline.kaggle_collect_openalex_sri_lanka: Saved Sri Lankan-affiliated work number=74,602 progress=99.0% api_total=75,333
2026-08-05 13:29:40,491 INFO src.pipeline.kaggle_collect_openalex_sri_lanka: Saved Sri Lankan-affiliated work number=74,603 progress=99.0% api_total=75,333
2026-08-05 13:29:40,492 INFO src.pipeline.kaggle_collect_openalex_sri_lanka: Saved Sri Lankan-affiliated work number=74,604 progress=99.0% api_total=75,333
2026-08-05 13:29:40,492 INFO src.pipeline.kaggle_collect_openalex_sri_lanka: Saved Sri Lankan-affiliated work number=74,605 progress=99.0% api_total=75,333
2026-08-05 13:29:40,493 INFO src.pipeline.kaggle_collect_openalex_sri_lanka: Saved Sri Lankan-affiliated work number=74,606 progress=99.0% api_total=75,333
2026-08-05 13:29:40,493 INFO src.pipeline.kaggle_collect_openalex_sri_lanka: Saved Sri Lankan-affiliated work number=74,607 progress=99.0% api_total=75,333
2026-08-05 13:29:40,493 INFO src.pipeline.kaggle_collect_openalex_sri_lanka: Saved Sri Lankan-affiliated work number=74,608 progress=99.0% api_total=75,333
2026-08-05 13:29:40,494 INFO src.pipeline.kaggle_collect_openalex_sri_lanka: Saved Sri Lankan-affiliated work number=74,609 progress=99.0% api_total=75,333
2026-08-05 13:29:40,494 INFO src.pipeline.kaggle_collect_openalex_sri_lanka: Saved Sri Lankan-affiliated work number=74,610 progress=99.0% api_total=75,333
2026-08-05 13:29:40,494 INFO src.pipeline.kaggle_collect_openalex_sri_lanka: Saved Sri Lankan-affiliated work number=74,611 progress=99.0% api_total=75,333
2026-08-05 13:29:40,494 INFO src.pipeline.kaggle_collect_openalex_sri_lanka: Saved Sri Lankan-affiliated work number=74,612 progress=99.0% api_total=75,333
2026-08-05 13:29:40,495 INFO src.pipeline.kaggle_collect_openalex_sri_lanka: Saved Sri Lankan-affiliated work number=74,613 progress=99.0% api_total=75,333
2026-08-05 13:29:40,495 INFO src.pipeline.kaggle_collect_openalex_sri_lanka: Saved Sri Lankan-affiliated work number=74,614 progress=99.0% api_total=75,333
2026-08-05 13:29:40,496 INFO src.pipeline.kaggle_collect_openalex_sri_lanka: Saved Sri Lankan-affiliated work number=74,615 progress=99.0% api_total=75,333
2026-08-05 13:29:40,496 INFO src.pipeline.kaggle_collect_openalex_sri_lanka: Saved Sri Lankan-affiliated work number=74,616 progress=99.0% api_total=75,333
2026-08-05 13:29:40,497 INFO src.pipeline.kaggle_collect_openalex_sri_lanka: Saved Sri Lankan-affiliated work number=74,617 progress=99.0% api_total=75,333
2026-08-05 13:29:40,498 INFO src.pipeline.kaggle_collect_openalex_sri_lanka: Saved Sri Lankan-affiliated work number=74,618 progress=99.1% api_total=75,333
2026-08-05 13:29:40,498 INFO src.pipeline.kaggle_collect_openalex_sri_lanka: Saved Sri Lankan-affiliated work number=74,619 progress=99.1% api_total=75,333
2026-08-05 13:29:40,498 INFO src.pipeline.kaggle_collect_openalex_sri_lanka: Saved Sri Lankan-affiliated work number=74,620 progress=99.1% api_total=75,333
2026-08-05 13:29:40,499 INFO src.pipeline.kaggle_collect_openalex_sri_lanka: Saved Sri Lankan-affiliated work number=74,621 progress=99.1% api_total=75,333
2026-08-05 13:29:40,499 INFO src.pipeline.kaggle_collect_openalex_sri_lanka: Saved Sri Lankan-affiliated work number=74,622 progress=99.1% api_total=75,333
2026-08-05 13:29:40,499 INFO src.pipeline.kaggle_collect_openalex_sri_lanka: Saved Sri Lankan-affiliated work number=74,623 progress=99.1% api_total=75,333
2026-08-05 13:29:40,500 INFO src.pipeline.kaggle_collect_openalex_sri_lanka: Saved Sri Lankan-affiliated work number=74,624 progress=99.1% api_total=75,333
2026-08-05 13:29:40,500 INFO src.pipeline.kaggle_collect_openalex_sri_lanka: Saved Sri Lankan-affiliated work number=74,625 progress=99.1% api_total=75,333
2026-08-05 13:29:40,501 INFO src.pipeline.kaggle_collect_openalex_sri_lanka: Saved Sri Lankan-affiliated work number=74,626 progress=99.1% api_total=75,333
2026-08-05 13:29:40,501 INFO src.pipeline.kaggle_collect_openalex_sri_lanka: Saved Sri Lankan-affiliated work number=74,627 progress=99.1% api_total=75,333
2026-08-05 13:29:40,502 INFO src.pipeline.kaggle_collect_openalex_sri_lanka: Saved Sri Lankan-affiliated work number=74,628 progress=99.1% api_total=75,333
2026-08-05 13:29:40,502 INFO src.pipeline.kaggle_collect_openalex_sri_lanka: Saved Sri Lankan-affiliated work number=74,629 progress=99.1% api_total=75,333
2026-08-05 13:29:40,503 INFO src.pipeline.kaggle_collect_openalex_sri_lanka: Saved Sri Lankan-affiliated work number=74,630 progress=99.1% api_total=75,333
2026-08-05 13:29:40,503 INFO src.pipeline.kaggle_collect_openalex_sri_lanka: Saved Sri Lankan-affiliated work number=74,631 progress=99.1% api_total=75,333
2026-08-05 13:29:40,503 INFO src.pipeline.kaggle_collect_openalex_sri_lanka: Saved Sri Lankan-affiliated work number=74,632 progress=99.1% api_total=75,333
2026-08-05 13:29:40,504 INFO src.pipeline.kaggle_collect_openalex_sri_lanka: Saved Sri Lankan-affiliated work number=74,633 progress=99.1% api_total=75,333
2026-08-05 13:29:40,504 INFO src.pipeline.kaggle_collect_openalex_sri_lanka: Saved Sri Lankan-affiliated work number=74,634 progress=99.1% api_total=75,333
2026-08-05 13:29:40,504 INFO src.pipeline.kaggle_collect_openalex_sri_lanka: Saved Sri Lankan-affiliated work number=74,635 progress=99.1% api_total=75,333
2026-08-05 13:29:40,505 INFO src.pipeline.kaggle_collect_openalex_sri_lanka: Saved Sri Lankan-affiliated work number=74,636 progress=99.1% api_total=75,333
2026-08-05 13:29:40,505 INFO src.pipeline.kaggle_collect_openalex_sri_lanka: Saved Sri Lankan-affiliated work number=74,637 progress=99.1% api_total=75,333
2026-08-05 13:29:40,505 INFO src.pipeline.kaggle_collect_openalex_sri_lanka: Saved Sri Lankan-affiliated work number=74,638 progress=99.1% api_total=75,333
2026-08-05 13:29:40,505 INFO src.pipeline.kaggle_collect_openalex_sri_lanka: Saved Sri Lankan-affiliated work number=74,639 progress=99.1% api_total=75,333
2026-08-05 13:29:40,506 INFO src.pipeline.kaggle_collect_openalex_sri_lanka: Saved Sri Lankan-affiliated work number=74,640 progress=99.1% api_total=75,333
2026-08-05 13:29:40,506 INFO src.pipeline.kaggle_collect_openalex_sri_lanka: Saved Sri Lankan-affiliated work number=74,641 progress=99.1% api_total=75,333
2026-08-05 13:29:40,506 INFO src.pipeline.kaggle_collect_openalex_sri_lanka: Saved Sri Lankan-affiliated work number=74,642 progress=99.1% api_total=75,333
2026-08-05 13:29:46,072 INFO src.collectors.openalex_collector: Fetched OpenAlex page page=23/377 progress=6.1% fetched=200 kept=200 skipped=0 next_cursor=yes
2026-08-05 13:29:46,079 INFO src.pipeline.kaggle_collect_openalex_sri_lanka: Saved Sri Lankan-affiliated work number=74,643 progress=99.1% api_total=75,333
2026-08-05 13:29:46,079 INFO src.pipeline.kaggle_collect_openalex_sri_lanka: Saved Sri Lankan-affiliated work number=74,644 progress=99.1% api_total=75,333
2026-08-05 13:29:46,080 INFO src.pipeline.kaggle_collect_openalex_sri_lanka: Saved Sri Lankan-affiliated work number=74,645 progress=99.1% api_total=75,333
2026-08-05 13:29:46,080 INFO src.pipeline.kaggle_collect_openalex_sri_lanka: Saved Sri Lankan-affiliated work number=74,646 progress=99.1% api_total=75,333
2026-08-05 13:29:46,081 INFO src.pipeline.kaggle_collect_openalex_sri_lanka: Saved Sri Lankan-affiliated work number=74,647 progress=99.1% api_total=75,333
2026-08-05 13:29:46,081 INFO src.pipeline.kaggle_collect_openalex_sri_lanka: Saved Sri Lankan-affiliated work number=74,648 progress=99.1% api_total=75,333
2026-08-05 13:29:46,081 INFO src.pipeline.kaggle_collect_openalex_sri_lanka: Saved Sri Lankan-affiliated work number=74,649 progress=99.1% api_total=75,333
2026-08-05 13:29:46,082 INFO src.pipeline.kaggle_collect_openalex_sri_lanka: Saved Sri Lankan-affiliated work number=74,650 progress=99.1% api_total=75,333
2026-08-05 13:29:46,082 INFO src.pipeline.kaggle_collect_openalex_sri_lanka: Saved Sri Lankan-affiliated work number=74,651 progress=99.1% api_total=75,333
2026-08-05 13:29:46,083 INFO src.pipeline.kaggle_collect_openalex_sri_lanka: Saved Sri Lankan-affiliated work number=74,652 progress=99.1% api_total=75,333
2026-08-05 13:29:46,083 INFO src.pipeline.kaggle_collect_openalex_sri_lanka: Saved Sri Lankan-affiliated work number=74,653 progress=99.1% api_total=75,333
2026-08-05 13:29:46,083 INFO src.pipeline.kaggle_collect_openalex_sri_lanka: Saved Sri Lankan-affiliated work number=74,654 progress=99.1% api_total=75,333
2026-08-05 13:29:46,084 INFO src.pipeline.kaggle_collect_openalex_sri_lanka: Saved Sri Lankan-affiliated work number=74,655 progress=99.1% api_total=75,333
2026-08-05 13:29:46,084 INFO src.pipeline.kaggle_collect_openalex_sri_lanka: Saved Sri Lankan-affiliated work number=74,656 progress=99.1% api_total=75,333
2026-08-05 13:29:46,085 INFO src.pipeline.kaggle_collect_openalex_sri_lanka: Saved Sri Lankan-affiliated work number=74,657 progress=99.1% api_total=75,333
2026-08-05 13:29:46,085 INFO src.pipeline.kaggle_collect_openalex_sri_lanka: Saved Sri Lankan-affiliated work number=74,658 progress=99.1% api_total=75,333
2026-08-05 13:29:46,086 INFO src.pipeline.kaggle_collect_openalex_sri_lanka: Saved Sri Lankan-affiliated work number=74,659 progress=99.1% api_total=75,333
2026-08-05 13:29:46,086 INFO src.pipeline.kaggle_collect_openalex_sri_lanka: Saved Sri Lankan-affiliated work number=74,660 progress=99.1% api_total=75,333
2026-08-05 13:29:46,086 INFO src.pipeline.kaggle_collect_openalex_sri_lanka: Saved Sri Lankan-affiliated work number=74,661 progress=99.1% api_total=75,333
2026-08-05 13:29:46,087 INFO src.pipeline.kaggle_collect_openalex_sri_lanka: Saved Sri Lankan-affiliated work number=74,662 progress=99.1% api_total=75,333
2026-08-05 13:29:46,087 INFO src.pipeline.kaggle_collect_openalex_sri_lanka: Saved Sri Lankan-affiliated work number=74,663 progress=99.1% api_total=75,333
2026-08-05 13:29:46,087 INFO src.pipeline.kaggle_collect_openalex_sri_lanka: Saved Sri Lankan-affiliated work number=74,664 progress=99.1% api_total=75,333
2026-08-05 13:29:46,087 INFO src.pipeline.kaggle_collect_openalex_sri_lanka: Saved Sri Lankan-affiliated work number=74,665 progress=99.1% api_total=75,333
2026-08-05 13:29:46,088 INFO src.pipeline.kaggle_collect_openalex_sri_lanka: Saved Sri Lankan-affiliated work number=74,666 progress=99.1% api_total=75,333
2026-08-05 13:29:46,088 INFO src.pipeline.kaggle_collect_openalex_sri_lanka: Saved Sri Lankan-affiliated work number=74,667 progress=99.1% api_total=75,333
2026-08-05 13:29:46,089 INFO src.pipeline.kaggle_collect_openalex_sri_lanka: Saved Sri Lankan-affiliated work number=74,668 progress=99.1% api_total=75,333
2026-08-05 13:29:46,089 INFO src.pipeline.kaggle_collect_openalex_sri_lanka: Saved Sri Lankan-affiliated work number=74,669 progress=99.1% api_total=75,333
2026-08-05 13:29:46,089 INFO src.pipeline.kaggle_collect_openalex_sri_lanka: Saved Sri Lankan-affiliated work number=74,670 progress=99.1% api_total=75,333
2026-08-05 13:29:46,090 INFO src.pipeline.kaggle_collect_openalex_sri_lanka: Saved Sri Lankan-affiliated work number=74,671 progress=99.1% api_total=75,333
2026-08-05 13:29:46,090 INFO src.pipeline.kaggle_collect_openalex_sri_lanka: Saved Sri Lankan-affiliated work number=74,672 progress=99.1% api_total=75,333
2026-08-05 13:29:46,090 INFO src.pipeline.kaggle_collect_openalex_sri_lanka: Saved Sri Lankan-affiliated work number=74,673 progress=99.1% api_total=75,333
2026-08-05 13:29:46,091 INFO src.pipeline.kaggle_collect_openalex_sri_lanka: Saved Sri Lankan-affiliated work number=74,674 progress=99.1% api_total=75,333
2026-08-05 13:29:46,091 INFO src.pipeline.kaggle_collect_openalex_sri_lanka: Saved Sri Lankan-affiliated work number=74,675 progress=99.1% api_total=75,333
2026-08-05 13:29:46,092 INFO src.pipeline.kaggle_collect_openalex_sri_lanka: Saved Sri Lankan-affiliated work number=74,676 progress=99.1% api_total=75,333
2026-08-05 13:29:46,092 INFO src.pipeline.kaggle_collect_openalex_sri_lanka: Saved Sri Lankan-affiliated work number=74,677 progress=99.1% api_total=75,333
2026-08-05 13:29:46,093 INFO src.pipeline.kaggle_collect_openalex_sri_lanka: Saved Sri Lankan-affiliated work number=74,678 progress=99.1% api_total=75,333
2026-08-05 13:29:46,093 INFO src.pipeline.kaggle_collect_openalex_sri_lanka: Saved Sri Lankan-affiliated work number=74,679 progress=99.1% api_total=75,333
2026-08-05 13:29:46,094 INFO src.pipeline.kaggle_collect_openalex_sri_lanka: Saved Sri Lankan-affiliated work number=74,680 progress=99.1% api_total=75,333
2026-08-05 13:29:46,094 INFO src.pipeline.kaggle_collect_openalex_sri_lanka: Saved Sri Lankan-affiliated work number=74,681 progress=99.1% api_total=75,333
2026-08-05 13:29:46,094 INFO src.pipeline.kaggle_collect_openalex_sri_lanka: Saved Sri Lankan-affiliated work number=74,682 progress=99.1% api_total=75,333
2026-08-05 13:29:46,095 INFO src.pipeline.kaggle_collect_openalex_sri_lanka: Saved Sri Lankan-affiliated work number=74,683 progress=99.1% api_total=75,333
2026-08-05 13:29:46,095 INFO src.pipeline.kaggle_collect_openalex_sri_lanka: Saved Sri Lankan-affiliated work number=74,684 progress=99.1% api_total=75,333
2026-08-05 13:29:46,096 INFO src.pipeline.kaggle_collect_openalex_sri_lanka: Saved Sri Lankan-affiliated work number=74,685 progress=99.1% api_total=75,333
2026-08-05 13:29:46,096 INFO src.pipeline.kaggle_collect_openalex_sri_lanka: Saved Sri Lankan-affiliated work number=74,686 progress=99.1% api_total=75,333
2026-08-05 13:29:46,096 INFO src.pipeline.kaggle_collect_openalex_sri_lanka: Saved Sri Lankan-affiliated work number=74,687 progress=99.1% api_total=75,333
2026-08-05 13:29:46,096 INFO src.pipeline.kaggle_collect_openalex_sri_lanka: Saved Sri Lankan-affiliated work number=74,688 progress=99.1% api_total=75,333
2026-08-05 13:29:46,097 INFO src.pipeline.kaggle_collect_openalex_sri_lanka: Saved Sri Lankan-affiliated work number=74,689 progress=99.1% api_total=75,333
2026-08-05 13:29:46,097 INFO src.pipeline.kaggle_collect_openalex_sri_lanka: Saved Sri Lankan-affiliated work number=74,690 progress=99.1% api_total=75,333
2026-08-05 13:29:46,097 INFO src.pipeline.kaggle_collect_openalex_sri_lanka: Saved Sri Lankan-affiliated work number=74,691 progress=99.1% api_total=75,333
2026-08-05 13:29:46,098 INFO src.pipeline.kaggle_collect_openalex_sri_lanka: Saved Sri Lankan-affiliated work number=74,692 progress=99.1% api_total=75,333
2026-08-05 13:29:46,098 INFO src.pipeline.kaggle_collect_openalex_sri_lanka: Saved Sri Lankan-affiliated work number=74,693 progress=99.2% api_total=75,333
2026-08-05 13:29:46,098 INFO src.pipeline.kaggle_collect_openalex_sri_lanka: Saved Sri Lankan-affiliated work number=74,694 progress=99.2% api_total=75,333
2026-08-05 13:29:46,098 INFO src.pipeline.kaggle_collect_openalex_sri_lanka: Saved Sri Lankan-affiliated work number=74,695 progress=99.2% api_total=75,333
2026-08-05 13:29:46,099 INFO src.pipeline.kaggle_collect_openalex_sri_lanka: Saved Sri Lankan-affiliated work number=74,696 progress=99.2% api_total=75,333
2026-08-05 13:29:46,099 INFO src.pipeline.kaggle_collect_openalex_sri_lanka: Saved Sri Lankan-affiliated work number=74,697 progress=99.2% api_total=75,333
2026-08-05 13:29:46,099 INFO src.pipeline.kaggle_collect_openalex_sri_lanka: Saved Sri Lankan-affiliated work number=74,698 progress=99.2% api_total=75,333
2026-08-05 13:29:46,100 INFO src.pipeline.kaggle_collect_openalex_sri_lanka: Saved Sri Lankan-affiliated work number=74,699 progress=99.2% api_total=75,333
2026-08-05 13:29:46,100 INFO src.pipeline.kaggle_collect_openalex_sri_lanka: Saved Sri Lankan-affiliated work number=74,700 progress=99.2% api_total=75,333
2026-08-05 13:29:46,101 INFO src.pipeline.kaggle_collect_openalex_sri_lanka: Saved Sri Lankan-affiliated work number=74,701 progress=99.2% api_total=75,333
2026-08-05 13:29:46,101 INFO src.pipeline.kaggle_collect_openalex_sri_lanka: Saved Sri Lankan-affiliated work number=74,702 progress=99.2% api_total=75,333
2026-08-05 13:29:46,101 INFO src.pipeline.kaggle_collect_openalex_sri_lanka: Saved Sri Lankan-affiliated work number=74,703 progress=99.2% api_total=75,333
2026-08-05 13:29:46,102 INFO src.pipeline.kaggle_collect_openalex_sri_lanka: Saved Sri Lankan-affiliated work number=74,704 progress=99.2% api_total=75,333
2026-08-05 13:29:46,102 INFO src.pipeline.kaggle_collect_openalex_sri_lanka: Saved Sri Lankan-affiliated work number=74,705 progress=99.2% api_total=75,333
2026-08-05 13:29:46,102 INFO src.pipeline.kaggle_collect_openalex_sri_lanka: Saved Sri Lankan-affiliated work number=74,706 progress=99.2% api_total=75,333
2026-08-05 13:29:46,103 INFO src.pipeline.kaggle_collect_openalex_sri_lanka: Saved Sri Lankan-affiliated work number=74,707 progress=99.2% api_total=75,333
2026-08-05 13:29:46,103 INFO src.pipeline.kaggle_collect_openalex_sri_lanka: Saved Sri Lankan-affiliated work number=74,708 progress=99.2% api_total=75,333
2026-08-05 13:29:46,103 INFO src.pipeline.kaggle_collect_openalex_sri_lanka: Saved Sri Lankan-affiliated work number=74,709 progress=99.2% api_total=75,333
2026-08-05 13:29:46,104 INFO src.pipeline.kaggle_collect_openalex_sri_lanka: Saved Sri Lankan-affiliated work number=74,710 progress=99.2% api_total=75,333
2026-08-05 13:29:46,104 INFO src.pipeline.kaggle_collect_openalex_sri_lanka: Saved Sri Lankan-affiliated work number=74,711 progress=99.2% api_total=75,333
2026-08-05 13:29:46,104 INFO src.pipeline.kaggle_collect_openalex_sri_lanka: Saved Sri Lankan-affiliated work number=74,712 progress=99.2% api_total=75,333
2026-08-05 13:29:46,105 INFO src.pipeline.kaggle_collect_openalex_sri_lanka: Saved Sri Lankan-affiliated work number=74,713 progress=99.2% api_total=75,333
2026-08-05 13:29:46,105 INFO src.pipeline.kaggle_collect_openalex_sri_lanka: Saved Sri Lankan-affiliated work number=74,714 progress=99.2% api_total=75,333
2026-08-05 13:29:46,105 INFO src.pipeline.kaggle_collect_openalex_sri_lanka: Saved Sri Lankan-affiliated work number=74,715 progress=99.2% api_total=75,333
2026-08-05 13:29:46,106 INFO src.pipeline.kaggle_collect_openalex_sri_lanka: Saved Sri Lankan-affiliated work number=74,716 progress=99.2% api_total=75,333
2026-08-05 13:29:46,106 INFO src.pipeline.kaggle_collect_openalex_sri_lanka: Saved Sri Lankan-affiliated work number=74,717 progress=99.2% api_total=75,333
2026-08-05 13:29:46,106 INFO src.pipeline.kaggle_collect_openalex_sri_lanka: Saved Sri Lankan-affiliated work number=74,718 progress=99.2% api_total=75,333
2026-08-05 13:29:46,107 INFO src.pipeline.kaggle_collect_openalex_sri_lanka: Saved Sri Lankan-affiliated work number=74,719 progress=99.2% api_total=75,333
2026-08-05 13:29:46,107 INFO src.pipeline.kaggle_collect_openalex_sri_lanka: Saved Sri Lankan-affiliated work number=74,720 progress=99.2% api_total=75,333
2026-08-05 13:29:46,107 INFO src.pipeline.kaggle_collect_openalex_sri_lanka: Saved Sri Lankan-affiliated work number=74,721 progress=99.2% api_total=75,333
2026-08-05 13:29:46,108 INFO src.pipeline.kaggle_collect_openalex_sri_lanka: Saved Sri Lankan-affiliated work number=74,722 progress=99.2% api_total=75,333
2026-08-05 13:29:46,108 INFO src.pipeline.kaggle_collect_openalex_sri_lanka: Saved Sri Lankan-affiliated work number=74,723 progress=99.2% api_total=75,333
2026-08-05 13:29:46,108 INFO src.pipeline.kaggle_collect_openalex_sri_lanka: Saved Sri Lankan-affiliated work number=74,724 progress=99.2% api_total=75,333
2026-08-05 13:29:46,109 INFO src.pipeline.kaggle_collect_openalex_sri_lanka: Saved Sri Lankan-affiliated work number=74,725 progress=99.2% api_total=75,333
2026-08-05 13:29:46,109 INFO src.pipeline.kaggle_collect_openalex_sri_lanka: Saved Sri Lankan-affiliated work number=74,726 progress=99.2% api_total=75,333
2026-08-05 13:29:46,110 INFO src.pipeline.kaggle_collect_openalex_sri_lanka: Saved Sri Lankan-affiliated work number=74,727 progress=99.2% api_total=75,333
2026-08-05 13:29:46,110 INFO src.pipeline.kaggle_collect_openalex_sri_lanka: Saved Sri Lankan-affiliated work number=74,728 progress=99.2% api_total=75,333
2026-08-05 13:29:46,111 INFO src.pipeline.kaggle_collect_openalex_sri_lanka: Saved Sri Lankan-affiliated work number=74,729 progress=99.2% api_total=75,333
2026-08-05 13:29:46,111 INFO src.pipeline.kaggle_collect_openalex_sri_lanka: Saved Sri Lankan-affiliated work number=74,730 progress=99.2% api_total=75,333
2026-08-05 13:29:46,112 INFO src.pipeline.kaggle_collect_openalex_sri_lanka: Saved Sri Lankan-affiliated work number=74,731 progress=99.2% api_total=75,333
2026-08-05 13:29:46,112 INFO src.pipeline.kaggle_collect_openalex_sri_lanka: Saved Sri Lankan-affiliated work number=74,732 progress=99.2% api_total=75,333
2026-08-05 13:29:46,112 INFO src.pipeline.kaggle_collect_openalex_sri_lanka: Saved Sri Lankan-affiliated work number=74,733 progress=99.2% api_total=75,333
2026-08-05 13:29:46,113 INFO src.pipeline.kaggle_collect_openalex_sri_lanka: Saved Sri Lankan-affiliated work number=74,734 progress=99.2% api_total=75,333
2026-08-05 13:29:46,113 INFO src.pipeline.kaggle_collect_openalex_sri_lanka: Saved Sri Lankan-affiliated work number=74,735 progress=99.2% api_total=75,333
2026-08-05 13:29:46,113 INFO src.pipeline.kaggle_collect_openalex_sri_lanka: Saved Sri Lankan-affiliated work number=74,736 progress=99.2% api_total=75,333
2026-08-05 13:29:46,114 INFO src.pipeline.kaggle_collect_openalex_sri_lanka: Saved Sri Lankan-affiliated work number=74,737 progress=99.2% api_total=75,333
2026-08-05 13:29:46,114 INFO src.pipeline.kaggle_collect_openalex_sri_lanka: Saved Sri Lankan-affiliated work number=74,738 progress=99.2% api_total=75,333
2026-08-05 13:29:46,115 INFO src.pipeline.kaggle_collect_openalex_sri_lanka: Saved Sri Lankan-affiliated work number=74,739 progress=99.2% api_total=75,333
2026-08-05 13:29:46,115 INFO src.pipeline.kaggle_collect_openalex_sri_lanka: Saved Sri Lankan-affiliated work number=74,740 progress=99.2% api_total=75,333
2026-08-05 13:29:46,115 INFO src.pipeline.kaggle_collect_openalex_sri_lanka: Saved Sri Lankan-affiliated work number=74,741 progress=99.2% api_total=75,333
2026-08-05 13:29:46,116 INFO src.pipeline.kaggle_collect_openalex_sri_lanka: Saved Sri Lankan-affiliated work number=74,742 progress=99.2% api_total=75,333
2026-08-05 13:29:46,116 INFO src.pipeline.kaggle_collect_openalex_sri_lanka: Saved Sri Lankan-affiliated work number=74,743 progress=99.2% api_total=75,333
2026-08-05 13:29:46,116 INFO src.pipeline.kaggle_collect_openalex_sri_lanka: Saved Sri Lankan-affiliated work number=74,744 progress=99.2% api_total=75,333
2026-08-05 13:29:46,117 INFO src.pipeline.kaggle_collect_openalex_sri_lanka: Saved Sri Lankan-affiliated work number=74,745 progress=99.2% api_total=75,333
2026-08-05 13:29:46,117 INFO src.pipeline.kaggle_collect_openalex_sri_lanka: Saved Sri Lankan-affiliated work number=74,746 progress=99.2% api_total=75,333
2026-08-05 13:29:46,117 INFO src.pipeline.kaggle_collect_openalex_sri_lanka: Saved Sri Lankan-affiliated work number=74,747 progress=99.2% api_total=75,333
2026-08-05 13:29:46,118 INFO src.pipeline.kaggle_collect_openalex_sri_lanka: Saved Sri Lankan-affiliated work number=74,748 progress=99.2% api_total=75,333
2026-08-05 13:29:46,118 INFO src.pipeline.kaggle_collect_openalex_sri_lanka: Saved Sri Lankan-affiliated work number=74,749 progress=99.2% api_total=75,333
2026-08-05 13:29:46,118 INFO src.pipeline.kaggle_collect_openalex_sri_lanka: Saved Sri Lankan-affiliated work number=74,750 progress=99.2% api_total=75,333
2026-08-05 13:29:46,119 INFO src.pipeline.kaggle_collect_openalex_sri_lanka: Saved Sri Lankan-affiliated work number=74,751 progress=99.2% api_total=75,333
2026-08-05 13:29:46,119 INFO src.pipeline.kaggle_collect_openalex_sri_lanka: Saved Sri Lankan-affiliated work number=74,752 progress=99.2% api_total=75,333
2026-08-05 13:29:46,119 INFO src.pipeline.kaggle_collect_openalex_sri_lanka: Saved Sri Lankan-affiliated work number=74,753 progress=99.2% api_total=75,333
2026-08-05 13:29:46,120 INFO src.pipeline.kaggle_collect_openalex_sri_lanka: Saved Sri Lankan-affiliated work number=74,754 progress=99.2% api_total=75,333
2026-08-05 13:29:46,120 INFO src.pipeline.kaggle_collect_openalex_sri_lanka: Saved Sri Lankan-affiliated work number=74,755 progress=99.2% api_total=75,333
2026-08-05 13:29:46,120 INFO src.pipeline.kaggle_collect_openalex_sri_lanka: Saved Sri Lankan-affiliated work number=74,756 progress=99.2% api_total=75,333
2026-08-05 13:29:46,121 INFO src.pipeline.kaggle_collect_openalex_sri_lanka: Saved Sri Lankan-affiliated work number=74,757 progress=99.2% api_total=75,333
2026-08-05 13:29:46,121 INFO src.pipeline.kaggle_collect_openalex_sri_lanka: Saved Sri Lankan-affiliated work number=74,758 progress=99.2% api_total=75,333
2026-08-05 13:29:46,121 INFO src.pipeline.kaggle_collect_openalex_sri_lanka: Saved Sri Lankan-affiliated work number=74,759 progress=99.2% api_total=75,333
2026-08-05 13:29:46,122 INFO src.pipeline.kaggle_collect_openalex_sri_lanka: Saved Sri Lankan-affiliated work number=74,760 progress=99.2% api_total=75,333
2026-08-05 13:29:46,123 INFO src.pipeline.kaggle_collect_openalex_sri_lanka: Saved Sri Lankan-affiliated work number=74,761 progress=99.2% api_total=75,333
2026-08-05 13:29:46,123 INFO src.pipeline.kaggle_collect_openalex_sri_lanka: Saved Sri Lankan-affiliated work number=74,762 progress=99.2% api_total=75,333
2026-08-05 13:29:46,124 INFO src.pipeline.kaggle_collect_openalex_sri_lanka: Saved Sri Lankan-affiliated work number=74,763 progress=99.2% api_total=75,333
2026-08-05 13:29:46,124 INFO src.pipeline.kaggle_collect_openalex_sri_lanka: Saved Sri Lankan-affiliated work number=74,764 progress=99.2% api_total=75,333
2026-08-05 13:29:46,124 INFO src.pipeline.kaggle_collect_openalex_sri_lanka: Saved Sri Lankan-affiliated work number=74,765 progress=99.2% api_total=75,333
2026-08-05 13:29:46,125 INFO src.pipeline.kaggle_collect_openalex_sri_lanka: Saved Sri Lankan-affiliated work number=74,766 progress=99.2% api_total=75,333
2026-08-05 13:29:46,125 INFO src.pipeline.kaggle_collect_openalex_sri_lanka: Saved Sri Lankan-affiliated work number=74,767 progress=99.2% api_total=75,333
2026-08-05 13:29:46,125 INFO src.pipeline.kaggle_collect_openalex_sri_lanka: Saved Sri Lankan-affiliated work number=74,768 progress=99.2% api_total=75,333
2026-08-05 13:29:46,126 INFO src.pipeline.kaggle_collect_openalex_sri_lanka: Saved Sri Lankan-affiliated work number=74,769 progress=99.3% api_total=75,333
2026-08-05 13:29:46,126 INFO src.pipeline.kaggle_collect_openalex_sri_lanka: Saved Sri Lankan-affiliated work number=74,770 progress=99.3% api_total=75,333
2026-08-05 13:29:46,126 INFO src.pipeline.kaggle_collect_openalex_sri_lanka: Saved Sri Lankan-affiliated work number=74,771 progress=99.3% api_total=75,333
2026-08-05 13:29:46,127 INFO src.pipeline.kaggle_collect_openalex_sri_lanka: Saved Sri Lankan-affiliated work number=74,772 progress=99.3% api_total=75,333
2026-08-05 13:29:46,127 INFO src.pipeline.kaggle_collect_openalex_sri_lanka: Saved Sri Lankan-affiliated work number=74,773 progress=99.3% api_total=75,333
2026-08-05 13:29:46,128 INFO src.pipeline.kaggle_collect_openalex_sri_lanka: Saved Sri Lankan-affiliated work number=74,774 progress=99.3% api_total=75,333
2026-08-05 13:29:46,128 INFO src.pipeline.kaggle_collect_openalex_sri_lanka: Saved Sri Lankan-affiliated work number=74,775 progress=99.3% api_total=75,333
2026-08-05 13:29:46,128 INFO src.pipeline.kaggle_collect_openalex_sri_lanka: Saved Sri Lankan-affiliated work number=74,776 progress=99.3% api_total=75,333
2026-08-05 13:29:46,129 INFO src.pipeline.kaggle_collect_openalex_sri_lanka: Saved Sri Lankan-affiliated work number=74,777 progress=99.3% api_total=75,333
2026-08-05 13:29:46,129 INFO src.pipeline.kaggle_collect_openalex_sri_lanka: Saved Sri Lankan-affiliated work number=74,778 progress=99.3% api_total=75,333
2026-08-05 13:29:46,130 INFO src.pipeline.kaggle_collect_openalex_sri_lanka: Saved Sri Lankan-affiliated work number=74,779 progress=99.3% api_total=75,333
2026-08-05 13:29:46,130 INFO src.pipeline.kaggle_collect_openalex_sri_lanka: Saved Sri Lankan-affiliated work number=74,780 progress=99.3% api_total=75,333
2026-08-05 13:29:46,131 INFO src.pipeline.kaggle_collect_openalex_sri_lanka: Saved Sri Lankan-affiliated work number=74,781 progress=99.3% api_total=75,333
2026-08-05 13:29:46,131 INFO src.pipeline.kaggle_collect_openalex_sri_lanka: Saved Sri Lankan-affiliated work number=74,782 progress=99.3% api_total=75,333
2026-08-05 13:29:46,132 INFO src.pipeline.kaggle_collect_openalex_sri_lanka: Saved Sri Lankan-affiliated work number=74,783 progress=99.3% api_total=75,333
2026-08-05 13:29:46,132 INFO src.pipeline.kaggle_collect_openalex_sri_lanka: Saved Sri Lankan-affiliated work number=74,784 progress=99.3% api_total=75,333
2026-08-05 13:29:46,132 INFO src.pipeline.kaggle_collect_openalex_sri_lanka: Saved Sri Lankan-affiliated work number=74,785 progress=99.3% api_total=75,333
2026-08-05 13:29:46,133 INFO src.pipeline.kaggle_collect_openalex_sri_lanka: Saved Sri Lankan-affiliated work number=74,786 progress=99.3% api_total=75,333
2026-08-05 13:29:46,133 INFO src.pipeline.kaggle_collect_openalex_sri_lanka: Saved Sri Lankan-affiliated work number=74,787 progress=99.3% api_total=75,333
2026-08-05 13:29:46,133 INFO src.pipeline.kaggle_collect_openalex_sri_lanka: Saved Sri Lankan-affiliated work number=74,788 progress=99.3% api_total=75,333
2026-08-05 13:29:46,133 INFO src.pipeline.kaggle_collect_openalex_sri_lanka: Saved Sri Lankan-affiliated work number=74,789 progress=99.3% api_total=75,333
2026-08-05 13:29:46,134 INFO src.pipeline.kaggle_collect_openalex_sri_lanka: Saved Sri Lankan-affiliated work number=74,790 progress=99.3% api_total=75,333
2026-08-05 13:29:46,134 INFO src.pipeline.kaggle_collect_openalex_sri_lanka: Saved Sri Lankan-affiliated work number=74,791 progress=99.3% api_total=75,333
2026-08-05 13:29:46,134 INFO src.pipeline.kaggle_collect_openalex_sri_lanka: Saved Sri Lankan-affiliated work number=74,792 progress=99.3% api_total=75,333
2026-08-05 13:29:46,135 INFO src.pipeline.kaggle_collect_openalex_sri_lanka: Saved Sri Lankan-affiliated work number=74,793 progress=99.3% api_total=75,333
2026-08-05 13:29:46,135 INFO src.pipeline.kaggle_collect_openalex_sri_lanka: Saved Sri Lankan-affiliated work number=74,794 progress=99.3% api_total=75,333
2026-08-05 13:29:46,136 INFO src.pipeline.kaggle_collect_openalex_sri_lanka: Saved Sri Lankan-affiliated work number=74,795 progress=99.3% api_total=75,333
2026-08-05 13:29:46,136 INFO src.pipeline.kaggle_collect_openalex_sri_lanka: Saved Sri Lankan-affiliated work number=74,796 progress=99.3% api_total=75,333
2026-08-05 13:29:46,136 INFO src.pipeline.kaggle_collect_openalex_sri_lanka: Saved Sri Lankan-affiliated work number=74,797 progress=99.3% api_total=75,333
2026-08-05 13:29:46,136 INFO src.pipeline.kaggle_collect_openalex_sri_lanka: Saved Sri Lankan-affiliated work number=74,798 progress=99.3% api_total=75,333
2026-08-05 13:29:46,137 INFO src.pipeline.kaggle_collect_openalex_sri_lanka: Saved Sri Lankan-affiliated work number=74,799 progress=99.3% api_total=75,333
2026-08-05 13:29:46,137 INFO src.pipeline.kaggle_collect_openalex_sri_lanka: Saved Sri Lankan-affiliated work number=74,800 progress=99.3% api_total=75,333
2026-08-05 13:29:46,137 INFO src.pipeline.kaggle_collect_openalex_sri_lanka: Saved Sri Lankan-affiliated work number=74,801 progress=99.3% api_total=75,333
2026-08-05 13:29:46,138 INFO src.pipeline.kaggle_collect_openalex_sri_lanka: Saved Sri Lankan-affiliated work number=74,802 progress=99.3% api_total=75,333
2026-08-05 13:29:46,138 INFO src.pipeline.kaggle_collect_openalex_sri_lanka: Saved Sri Lankan-affiliated work number=74,803 progress=99.3% api_total=75,333
2026-08-05 13:29:46,138 INFO src.pipeline.kaggle_collect_openalex_sri_lanka: Saved Sri Lankan-affiliated work number=74,804 progress=99.3% api_total=75,333
2026-08-05 13:29:46,138 INFO src.pipeline.kaggle_collect_openalex_sri_lanka: Saved Sri Lankan-affiliated work number=74,805 progress=99.3% api_total=75,333
2026-08-05 13:29:46,139 INFO src.pipeline.kaggle_collect_openalex_sri_lanka: Saved Sri Lankan-affiliated work number=74,806 progress=99.3% api_total=75,333
2026-08-05 13:29:46,139 INFO src.pipeline.kaggle_collect_openalex_sri_lanka: Saved Sri Lankan-affiliated work number=74,807 progress=99.3% api_total=75,333
2026-08-05 13:29:46,139 INFO src.pipeline.kaggle_collect_openalex_sri_lanka: Saved Sri Lankan-affiliated work number=74,808 progress=99.3% api_total=75,333
2026-08-05 13:29:46,140 INFO src.pipeline.kaggle_collect_openalex_sri_lanka: Saved Sri Lankan-affiliated work number=74,809 progress=99.3% api_total=75,333
2026-08-05 13:29:46,140 INFO src.pipeline.kaggle_collect_openalex_sri_lanka: Saved Sri Lankan-affiliated work number=74,810 progress=99.3% api_total=75,333
2026-08-05 13:29:46,140 INFO src.pipeline.kaggle_collect_openalex_sri_lanka: Saved Sri Lankan-affiliated work number=74,811 progress=99.3% api_total=75,333
2026-08-05 13:29:46,141 INFO src.pipeline.kaggle_collect_openalex_sri_lanka: Saved Sri Lankan-affiliated work number=74,812 progress=99.3% api_total=75,333
2026-08-05 13:29:46,141 INFO src.pipeline.kaggle_collect_openalex_sri_lanka: Saved Sri Lankan-affiliated work number=74,813 progress=99.3% api_total=75,333
2026-08-05 13:29:46,142 INFO src.pipeline.kaggle_collect_openalex_sri_lanka: Saved Sri Lankan-affiliated work number=74,814 progress=99.3% api_total=75,333
2026-08-05 13:29:46,142 INFO src.pipeline.kaggle_collect_openalex_sri_lanka: Saved Sri Lankan-affiliated work number=74,815 progress=99.3% api_total=75,333
2026-08-05 13:29:46,143 INFO src.pipeline.kaggle_collect_openalex_sri_lanka: Saved Sri Lankan-affiliated work number=74,816 progress=99.3% api_total=75,333
2026-08-05 13:29:46,143 INFO src.pipeline.kaggle_collect_openalex_sri_lanka: Saved Sri Lankan-affiliated work number=74,817 progress=99.3% api_total=75,333
2026-08-05 13:29:46,144 INFO src.pipeline.kaggle_collect_openalex_sri_lanka: Saved Sri Lankan-affiliated work number=74,818 progress=99.3% api_total=75,333
2026-08-05 13:29:46,144 INFO src.pipeline.kaggle_collect_openalex_sri_lanka: Saved Sri Lankan-affiliated work number=74,819 progress=99.3% api_total=75,333
2026-08-05 13:29:46,144 INFO src.pipeline.kaggle_collect_openalex_sri_lanka: Saved Sri Lankan-affiliated work number=74,820 progress=99.3% api_total=75,333
2026-08-05 13:29:46,145 INFO src.pipeline.kaggle_collect_openalex_sri_lanka: Saved Sri Lankan-affiliated work number=74,821 progress=99.3% api_total=75,333
2026-08-05 13:29:46,145 INFO src.pipeline.kaggle_collect_openalex_sri_lanka: Saved Sri Lankan-affiliated work number=74,822 progress=99.3% api_total=75,333
2026-08-05 13:29:46,146 INFO src.pipeline.kaggle_collect_openalex_sri_lanka: Saved Sri Lankan-affiliated work number=74,823 progress=99.3% api_total=75,333
2026-08-05 13:29:46,146 INFO src.pipeline.kaggle_collect_openalex_sri_lanka: Saved Sri Lankan-affiliated work number=74,824 progress=99.3% api_total=75,333
2026-08-05 13:29:46,146 INFO src.pipeline.kaggle_collect_openalex_sri_lanka: Saved Sri Lankan-affiliated work number=74,825 progress=99.3% api_total=75,333
2026-08-05 13:29:46,147 INFO src.pipeline.kaggle_collect_openalex_sri_lanka: Saved Sri Lankan-affiliated work number=74,826 progress=99.3% api_total=75,333
2026-08-05 13:29:46,147 INFO src.pipeline.kaggle_collect_openalex_sri_lanka: Saved Sri Lankan-affiliated work number=74,827 progress=99.3% api_total=75,333
2026-08-05 13:29:46,147 INFO src.pipeline.kaggle_collect_openalex_sri_lanka: Saved Sri Lankan-affiliated work number=74,828 progress=99.3% api_total=75,333
2026-08-05 13:29:46,148 INFO src.pipeline.kaggle_collect_openalex_sri_lanka: Saved Sri Lankan-affiliated work number=74,829 progress=99.3% api_total=75,333
2026-08-05 13:29:46,148 INFO src.pipeline.kaggle_collect_openalex_sri_lanka: Saved Sri Lankan-affiliated work number=74,830 progress=99.3% api_total=75,333
2026-08-05 13:29:46,148 INFO src.pipeline.kaggle_collect_openalex_sri_lanka: Saved Sri Lankan-affiliated work number=74,831 progress=99.3% api_total=75,333
2026-08-05 13:29:46,148 INFO src.pipeline.kaggle_collect_openalex_sri_lanka: Saved Sri Lankan-affiliated work number=74,832 progress=99.3% api_total=75,333
2026-08-05 13:29:46,149 INFO src.pipeline.kaggle_collect_openalex_sri_lanka: Saved Sri Lankan-affiliated work number=74,833 progress=99.3% api_total=75,333
2026-08-05 13:29:46,149 INFO src.pipeline.kaggle_collect_openalex_sri_lanka: Saved Sri Lankan-affiliated work number=74,834 progress=99.3% api_total=75,333
2026-08-05 13:29:46,149 INFO src.pipeline.kaggle_collect_openalex_sri_lanka: Saved Sri Lankan-affiliated work number=74,835 progress=99.3% api_total=75,333
2026-08-05 13:29:46,150 INFO src.pipeline.kaggle_collect_openalex_sri_lanka: Saved Sri Lankan-affiliated work number=74,836 progress=99.3% api_total=75,333
2026-08-05 13:29:46,150 INFO src.pipeline.kaggle_collect_openalex_sri_lanka: Saved Sri Lankan-affiliated work number=74,837 progress=99.3% api_total=75,333
2026-08-05 13:29:46,150 INFO src.pipeline.kaggle_collect_openalex_sri_lanka: Saved Sri Lankan-affiliated work number=74,838 progress=99.3% api_total=75,333
2026-08-05 13:29:46,151 INFO src.pipeline.kaggle_collect_openalex_sri_lanka: Saved Sri Lankan-affiliated work number=74,839 progress=99.3% api_total=75,333
2026-08-05 13:29:46,152 INFO src.pipeline.kaggle_collect_openalex_sri_lanka: Saved Sri Lankan-affiliated work number=74,840 progress=99.3% api_total=75,333
2026-08-05 13:29:46,152 INFO src.pipeline.kaggle_collect_openalex_sri_lanka: Saved Sri Lankan-affiliated work number=74,841 progress=99.3% api_total=75,333
2026-08-05 13:29:46,152 INFO src.pipeline.kaggle_collect_openalex_sri_lanka: Saved Sri Lankan-affiliated work number=74,842 progress=99.3% api_total=75,333
2026-08-05 13:29:51,246 INFO src.collectors.openalex_collector: Fetched OpenAlex page page=24/377 progress=6.4% fetched=200 kept=198 skipped=2 next_cursor=yes
2026-08-05 13:29:51,252 INFO src.pipeline.kaggle_collect_openalex_sri_lanka: Saved Sri Lankan-affiliated work number=74,843 progress=99.3% api_total=75,333
2026-08-05 13:29:51,252 INFO src.pipeline.kaggle_collect_openalex_sri_lanka: Saved Sri Lankan-affiliated work number=74,844 progress=99.4% api_total=75,333
2026-08-05 13:29:51,252 INFO src.pipeline.kaggle_collect_openalex_sri_lanka: Saved Sri Lankan-affiliated work number=74,845 progress=99.4% api_total=75,333
2026-08-05 13:29:51,253 INFO src.pipeline.kaggle_collect_openalex_sri_lanka: Saved Sri Lankan-affiliated work number=74,846 progress=99.4% api_total=75,333
2026-08-05 13:29:51,253 INFO src.pipeline.kaggle_collect_openalex_sri_lanka: Saved Sri Lankan-affiliated work number=74,847 progress=99.4% api_total=75,333
2026-08-05 13:29:51,254 INFO src.pipeline.kaggle_collect_openalex_sri_lanka: Saved Sri Lankan-affiliated work number=74,848 progress=99.4% api_total=75,333
2026-08-05 13:29:51,254 INFO src.pipeline.kaggle_collect_openalex_sri_lanka: Saved Sri Lankan-affiliated work number=74,849 progress=99.4% api_total=75,333
2026-08-05 13:29:51,255 INFO src.pipeline.kaggle_collect_openalex_sri_lanka: Saved Sri Lankan-affiliated work number=74,850 progress=99.4% api_total=75,333
2026-08-05 13:29:51,255 INFO src.pipeline.kaggle_collect_openalex_sri_lanka: Saved Sri Lankan-affiliated work number=74,851 progress=99.4% api_total=75,333
2026-08-05 13:29:51,256 INFO src.pipeline.kaggle_collect_openalex_sri_lanka: Saved Sri Lankan-affiliated work number=74,852 progress=99.4% api_total=75,333
2026-08-05 13:29:51,256 INFO src.pipeline.kaggle_collect_openalex_sri_lanka: Saved Sri Lankan-affiliated work number=74,853 progress=99.4% api_total=75,333
2026-08-05 13:29:51,257 INFO src.pipeline.kaggle_collect_openalex_sri_lanka: Saved Sri Lankan-affiliated work number=74,854 progress=99.4% api_total=75,333
2026-08-05 13:29:51,257 INFO src.pipeline.kaggle_collect_openalex_sri_lanka: Saved Sri Lankan-affiliated work number=74,855 progress=99.4% api_total=75,333
2026-08-05 13:29:51,257 INFO src.pipeline.kaggle_collect_openalex_sri_lanka: Saved Sri Lankan-affiliated work number=74,856 progress=99.4% api_total=75,333
2026-08-05 13:29:51,258 INFO src.pipeline.kaggle_collect_openalex_sri_lanka: Saved Sri Lankan-affiliated work number=74,857 progress=99.4% api_total=75,333
2026-08-05 13:29:51,258 INFO src.pipeline.kaggle_collect_openalex_sri_lanka: Saved Sri Lankan-affiliated work number=74,858 progress=99.4% api_total=75,333
2026-08-05 13:29:51,258 INFO src.pipeline.kaggle_collect_openalex_sri_lanka: Saved Sri Lankan-affiliated work number=74,859 progress=99.4% api_total=75,333
2026-08-05 13:29:51,259 INFO src.pipeline.kaggle_collect_openalex_sri_lanka: Saved Sri Lankan-affiliated work number=74,860 progress=99.4% api_total=75,333
2026-08-05 13:29:51,259 INFO src.pipeline.kaggle_collect_openalex_sri_lanka: Saved Sri Lankan-affiliated work number=74,861 progress=99.4% api_total=75,333
2026-08-05 13:29:51,259 INFO src.pipeline.kaggle_collect_openalex_sri_lanka: Saved Sri Lankan-affiliated work number=74,862 progress=99.4% api_total=75,333
2026-08-05 13:29:51,260 INFO src.pipeline.kaggle_collect_openalex_sri_lanka: Saved Sri Lankan-affiliated work number=74,863 progress=99.4% api_total=75,333
2026-08-05 13:29:51,260 INFO src.pipeline.kaggle_collect_openalex_sri_lanka: Saved Sri Lankan-affiliated work number=74,864 progress=99.4% api_total=75,333
2026-08-05 13:29:51,260 INFO src.pipeline.kaggle_collect_openalex_sri_lanka: Saved Sri Lankan-affiliated work number=74,865 progress=99.4% api_total=75,333
2026-08-05 13:29:51,261 INFO src.pipeline.kaggle_collect_openalex_sri_lanka: Saved Sri Lankan-affiliated work number=74,866 progress=99.4% api_total=75,333
2026-08-05 13:29:51,261 INFO src.pipeline.kaggle_collect_openalex_sri_lanka: Saved Sri Lankan-affiliated work number=74,867 progress=99.4% api_total=75,333
2026-08-05 13:29:51,261 INFO src.pipeline.kaggle_collect_openalex_sri_lanka: Saved Sri Lankan-affiliated work number=74,868 progress=99.4% api_total=75,333
2026-08-05 13:29:51,262 INFO src.pipeline.kaggle_collect_openalex_sri_lanka: Saved Sri Lankan-affiliated work number=74,869 progress=99.4% api_total=75,333
2026-08-05 13:29:51,262 INFO src.pipeline.kaggle_collect_openalex_sri_lanka: Saved Sri Lankan-affiliated work number=74,870 progress=99.4% api_total=75,333
2026-08-05 13:29:51,262 INFO src.pipeline.kaggle_collect_openalex_sri_lanka: Saved Sri Lankan-affiliated work number=74,871 progress=99.4% api_total=75,333
2026-08-05 13:29:51,263 INFO src.pipeline.kaggle_collect_openalex_sri_lanka: Saved Sri Lankan-affiliated work number=74,872 progress=99.4% api_total=75,333
2026-08-05 13:29:51,263 INFO src.pipeline.kaggle_collect_openalex_sri_lanka: Saved Sri Lankan-affiliated work number=74,873 progress=99.4% api_total=75,333
2026-08-05 13:29:51,263 INFO src.pipeline.kaggle_collect_openalex_sri_lanka: Saved Sri Lankan-affiliated work number=74,874 progress=99.4% api_total=75,333
2026-08-05 13:29:51,263 INFO src.pipeline.kaggle_collect_openalex_sri_lanka: Saved Sri Lankan-affiliated work number=74,875 progress=99.4% api_total=75,333
2026-08-05 13:29:51,264 INFO src.pipeline.kaggle_collect_openalex_sri_lanka: Saved Sri Lankan-affiliated work number=74,876 progress=99.4% api_total=75,333
2026-08-05 13:29:51,264 INFO src.pipeline.kaggle_collect_openalex_sri_lanka: Saved Sri Lankan-affiliated work number=74,877 progress=99.4% api_total=75,333
2026-08-05 13:29:51,264 INFO src.pipeline.kaggle_collect_openalex_sri_lanka: Saved Sri Lankan-affiliated work number=74,878 progress=99.4% api_total=75,333
2026-08-05 13:29:51,265 INFO src.pipeline.kaggle_collect_openalex_sri_lanka: Saved Sri Lankan-affiliated work number=74,879 progress=99.4% api_total=75,333
2026-08-05 13:29:51,265 INFO src.pipeline.kaggle_collect_openalex_sri_lanka: Saved Sri Lankan-affiliated work number=74,880 progress=99.4% api_total=75,333
2026-08-05 13:29:51,266 INFO src.pipeline.kaggle_collect_openalex_sri_lanka: Saved Sri Lankan-affiliated work number=74,881 progress=99.4% api_total=75,333
2026-08-05 13:29:51,266 INFO src.pipeline.kaggle_collect_openalex_sri_lanka: Saved Sri Lankan-affiliated work number=74,882 progress=99.4% api_total=75,333
2026-08-05 13:29:51,266 INFO src.pipeline.kaggle_collect_openalex_sri_lanka: Saved Sri Lankan-affiliated work number=74,883 progress=99.4% api_total=75,333
2026-08-05 13:29:51,266 INFO src.pipeline.kaggle_collect_openalex_sri_lanka: Saved Sri Lankan-affiliated work number=74,884 progress=99.4% api_total=75,333
2026-08-05 13:29:51,267 INFO src.pipeline.kaggle_collect_openalex_sri_lanka: Saved Sri Lankan-affiliated work number=74,885 progress=99.4% api_total=75,333
2026-08-05 13:29:51,267 INFO src.pipeline.kaggle_collect_openalex_sri_lanka: Saved Sri Lankan-affiliated work number=74,886 progress=99.4% api_total=75,333
2026-08-05 13:29:51,267 INFO src.pipeline.kaggle_collect_openalex_sri_lanka: Saved Sri Lankan-affiliated work number=74,887 progress=99.4% api_total=75,333
2026-08-05 13:29:51,267 INFO src.pipeline.kaggle_collect_openalex_sri_lanka: Saved Sri Lankan-affiliated work number=74,888 progress=99.4% api_total=75,333
2026-08-05 13:29:51,268 INFO src.pipeline.kaggle_collect_openalex_sri_lanka: Saved Sri Lankan-affiliated work number=74,889 progress=99.4% api_total=75,333
2026-08-05 13:29:51,268 INFO src.pipeline.kaggle_collect_openalex_sri_lanka: Saved Sri Lankan-affiliated work number=74,890 progress=99.4% api_total=75,333
2026-08-05 13:29:51,268 INFO src.pipeline.kaggle_collect_openalex_sri_lanka: Saved Sri Lankan-affiliated work number=74,891 progress=99.4% api_total=75,333
2026-08-05 13:29:51,269 INFO src.pipeline.kaggle_collect_openalex_sri_lanka: Saved Sri Lankan-affiliated work number=74,892 progress=99.4% api_total=75,333
2026-08-05 13:29:51,270 INFO src.pipeline.kaggle_collect_openalex_sri_lanka: Saved Sri Lankan-affiliated work number=74,893 progress=99.4% api_total=75,333
2026-08-05 13:29:51,270 INFO src.pipeline.kaggle_collect_openalex_sri_lanka: Saved Sri Lankan-affiliated work number=74,894 progress=99.4% api_total=75,333
2026-08-05 13:29:51,271 INFO src.pipeline.kaggle_collect_openalex_sri_lanka: Saved Sri Lankan-affiliated work number=74,895 progress=99.4% api_total=75,333
2026-08-05 13:29:51,271 INFO src.pipeline.kaggle_collect_openalex_sri_lanka: Saved Sri Lankan-affiliated work number=74,896 progress=99.4% api_total=75,333
2026-08-05 13:29:51,272 INFO src.pipeline.kaggle_collect_openalex_sri_lanka: Saved Sri Lankan-affiliated work number=74,897 progress=99.4% api_total=75,333
2026-08-05 13:29:51,272 INFO src.pipeline.kaggle_collect_openalex_sri_lanka: Saved Sri Lankan-affiliated work number=74,898 progress=99.4% api_total=75,333
2026-08-05 13:29:51,273 INFO src.pipeline.kaggle_collect_openalex_sri_lanka: Saved Sri Lankan-affiliated work number=74,899 progress=99.4% api_total=75,333
2026-08-05 13:29:51,273 INFO src.pipeline.kaggle_collect_openalex_sri_lanka: Saved Sri Lankan-affiliated work number=74,900 progress=99.4% api_total=75,333
2026-08-05 13:29:51,274 INFO src.pipeline.kaggle_collect_openalex_sri_lanka: Saved Sri Lankan-affiliated work number=74,901 progress=99.4% api_total=75,333
2026-08-05 13:29:51,275 INFO src.pipeline.kaggle_collect_openalex_sri_lanka: Saved Sri Lankan-affiliated work number=74,902 progress=99.4% api_total=75,333
2026-08-05 13:29:51,275 INFO src.pipeline.kaggle_collect_openalex_sri_lanka: Saved Sri Lankan-affiliated work number=74,903 progress=99.4% api_total=75,333
2026-08-05 13:29:51,275 INFO src.pipeline.kaggle_collect_openalex_sri_lanka: Saved Sri Lankan-affiliated work number=74,904 progress=99.4% api_total=75,333
2026-08-05 13:29:51,275 INFO src.pipeline.kaggle_collect_openalex_sri_lanka: Saved Sri Lankan-affiliated work number=74,905 progress=99.4% api_total=75,333
2026-08-05 13:29:51,276 INFO src.pipeline.kaggle_collect_openalex_sri_lanka: Saved Sri Lankan-affiliated work number=74,906 progress=99.4% api_total=75,333
2026-08-05 13:29:51,276 INFO src.pipeline.kaggle_collect_openalex_sri_lanka: Saved Sri Lankan-affiliated work number=74,907 progress=99.4% api_total=75,333
2026-08-05 13:29:51,276 INFO src.pipeline.kaggle_collect_openalex_sri_lanka: Saved Sri Lankan-affiliated work number=74,908 progress=99.4% api_total=75,333
2026-08-05 13:29:51,277 INFO src.pipeline.kaggle_collect_openalex_sri_lanka: Saved Sri Lankan-affiliated work number=74,909 progress=99.4% api_total=75,333
2026-08-05 13:29:51,277 INFO src.pipeline.kaggle_collect_openalex_sri_lanka: Saved Sri Lankan-affiliated work number=74,910 progress=99.4% api_total=75,333
2026-08-05 13:29:51,277 INFO src.pipeline.kaggle_collect_openalex_sri_lanka: Saved Sri Lankan-affiliated work number=74,911 progress=99.4% api_total=75,333
2026-08-05 13:29:51,278 INFO src.pipeline.kaggle_collect_openalex_sri_lanka: Saved Sri Lankan-affiliated work number=74,912 progress=99.4% api_total=75,333
2026-08-05 13:29:51,278 INFO src.pipeline.kaggle_collect_openalex_sri_lanka: Saved Sri Lankan-affiliated work number=74,913 progress=99.4% api_total=75,333
2026-08-05 13:29:51,278 INFO src.pipeline.kaggle_collect_openalex_sri_lanka: Saved Sri Lankan-affiliated work number=74,914 progress=99.4% api_total=75,333
2026-08-05 13:29:51,279 INFO src.pipeline.kaggle_collect_openalex_sri_lanka: Saved Sri Lankan-affiliated work number=74,915 progress=99.4% api_total=75,333
2026-08-05 13:29:51,279 INFO src.pipeline.kaggle_collect_openalex_sri_lanka: Saved Sri Lankan-affiliated work number=74,916 progress=99.4% api_total=75,333
2026-08-05 13:29:51,279 INFO src.pipeline.kaggle_collect_openalex_sri_lanka: Saved Sri Lankan-affiliated work number=74,917 progress=99.4% api_total=75,333
2026-08-05 13:29:51,279 INFO src.pipeline.kaggle_collect_openalex_sri_lanka: Saved Sri Lankan-affiliated work number=74,918 progress=99.4% api_total=75,333
2026-08-05 13:29:51,280 INFO src.pipeline.kaggle_collect_openalex_sri_lanka: Saved Sri Lankan-affiliated work number=74,919 progress=99.5% api_total=75,333
2026-08-05 13:29:51,280 INFO src.pipeline.kaggle_collect_openalex_sri_lanka: Saved Sri Lankan-affiliated work number=74,920 progress=99.5% api_total=75,333
2026-08-05 13:29:51,281 INFO src.pipeline.kaggle_collect_openalex_sri_lanka: Saved Sri Lankan-affiliated work number=74,921 progress=99.5% api_total=75,333
2026-08-05 13:29:51,281 INFO src.pipeline.kaggle_collect_openalex_sri_lanka: Saved Sri Lankan-affiliated work number=74,922 progress=99.5% api_total=75,333
2026-08-05 13:29:51,281 INFO src.pipeline.kaggle_collect_openalex_sri_lanka: Saved Sri Lankan-affiliated work number=74,923 progress=99.5% api_total=75,333
2026-08-05 13:29:51,282 INFO src.pipeline.kaggle_collect_openalex_sri_lanka: Saved Sri Lankan-affiliated work number=74,924 progress=99.5% api_total=75,333
2026-08-05 13:29:51,282 INFO src.pipeline.kaggle_collect_openalex_sri_lanka: Saved Sri Lankan-affiliated work number=74,925 progress=99.5% api_total=75,333
2026-08-05 13:29:51,282 INFO src.pipeline.kaggle_collect_openalex_sri_lanka: Saved Sri Lankan-affiliated work number=74,926 progress=99.5% api_total=75,333
2026-08-05 13:29:51,283 INFO src.pipeline.kaggle_collect_openalex_sri_lanka: Saved Sri Lankan-affiliated work number=74,927 progress=99.5% api_total=75,333
2026-08-05 13:29:51,283 INFO src.pipeline.kaggle_collect_openalex_sri_lanka: Saved Sri Lankan-affiliated work number=74,928 progress=99.5% api_total=75,333
2026-08-05 13:29:51,283 INFO src.pipeline.kaggle_collect_openalex_sri_lanka: Saved Sri Lankan-affiliated work number=74,929 progress=99.5% api_total=75,333
2026-08-05 13:29:51,284 INFO src.pipeline.kaggle_collect_openalex_sri_lanka: Saved Sri Lankan-affiliated work number=74,930 progress=99.5% api_total=75,333
2026-08-05 13:29:51,284 INFO src.pipeline.kaggle_collect_openalex_sri_lanka: Saved Sri Lankan-affiliated work number=74,931 progress=99.5% api_total=75,333
2026-08-05 13:29:51,285 INFO src.pipeline.kaggle_collect_openalex_sri_lanka: Saved Sri Lankan-affiliated work number=74,932 progress=99.5% api_total=75,333
2026-08-05 13:29:51,285 INFO src.pipeline.kaggle_collect_openalex_sri_lanka: Saved Sri Lankan-affiliated work number=74,933 progress=99.5% api_total=75,333
2026-08-05 13:29:51,285 INFO src.pipeline.kaggle_collect_openalex_sri_lanka: Saved Sri Lankan-affiliated work number=74,934 progress=99.5% api_total=75,333
2026-08-05 13:29:51,286 INFO src.pipeline.kaggle_collect_openalex_sri_lanka: Saved Sri Lankan-affiliated work number=74,935 progress=99.5% api_total=75,333
2026-08-05 13:29:51,287 INFO src.pipeline.kaggle_collect_openalex_sri_lanka: Saved Sri Lankan-affiliated work number=74,936 progress=99.5% api_total=75,333
2026-08-05 13:29:51,288 INFO src.pipeline.kaggle_collect_openalex_sri_lanka: Saved Sri Lankan-affiliated work number=74,937 progress=99.5% api_total=75,333
2026-08-05 13:29:51,288 INFO src.pipeline.kaggle_collect_openalex_sri_lanka: Saved Sri Lankan-affiliated work number=74,938 progress=99.5% api_total=75,333
2026-08-05 13:29:51,289 INFO src.pipeline.kaggle_collect_openalex_sri_lanka: Saved Sri Lankan-affiliated work number=74,939 progress=99.5% api_total=75,333
2026-08-05 13:29:51,289 INFO src.pipeline.kaggle_collect_openalex_sri_lanka: Saved Sri Lankan-affiliated work number=74,940 progress=99.5% api_total=75,333
2026-08-05 13:29:51,290 INFO src.pipeline.kaggle_collect_openalex_sri_lanka: Saved Sri Lankan-affiliated work number=74,941 progress=99.5% api_total=75,333
2026-08-05 13:29:51,290 INFO src.pipeline.kaggle_collect_openalex_sri_lanka: Saved Sri Lankan-affiliated work number=74,942 progress=99.5% api_total=75,333
2026-08-05 13:29:51,291 INFO src.pipeline.kaggle_collect_openalex_sri_lanka: Saved Sri Lankan-affiliated work number=74,943 progress=99.5% api_total=75,333
2026-08-05 13:29:51,291 INFO src.pipeline.kaggle_collect_openalex_sri_lanka: Saved Sri Lankan-affiliated work number=74,944 progress=99.5% api_total=75,333
2026-08-05 13:29:51,291 INFO src.pipeline.kaggle_collect_openalex_sri_lanka: Saved Sri Lankan-affiliated work number=74,945 progress=99.5% api_total=75,333
2026-08-05 13:29:51,291 INFO src.pipeline.kaggle_collect_openalex_sri_lanka: Saved Sri Lankan-affiliated work number=74,946 progress=99.5% api_total=75,333
2026-08-05 13:29:51,292 INFO src.pipeline.kaggle_collect_openalex_sri_lanka: Saved Sri Lankan-affiliated work number=74,947 progress=99.5% api_total=75,333
2026-08-05 13:29:51,292 INFO src.pipeline.kaggle_collect_openalex_sri_lanka: Saved Sri Lankan-affiliated work number=74,948 progress=99.5% api_total=75,333
2026-08-05 13:29:51,292 INFO src.pipeline.kaggle_collect_openalex_sri_lanka: Saved Sri Lankan-affiliated work number=74,949 progress=99.5% api_total=75,333
2026-08-05 13:29:51,293 INFO src.pipeline.kaggle_collect_openalex_sri_lanka: Saved Sri Lankan-affiliated work number=74,950 progress=99.5% api_total=75,333
2026-08-05 13:29:51,293 INFO src.pipeline.kaggle_collect_openalex_sri_lanka: Saved Sri Lankan-affiliated work number=74,951 progress=99.5% api_total=75,333
2026-08-05 13:29:51,294 INFO src.pipeline.kaggle_collect_openalex_sri_lanka: Saved Sri Lankan-affiliated work number=74,952 progress=99.5% api_total=75,333
2026-08-05 13:29:51,294 INFO src.pipeline.kaggle_collect_openalex_sri_lanka: Saved Sri Lankan-affiliated work number=74,953 progress=99.5% api_total=75,333
2026-08-05 13:29:51,295 INFO src.pipeline.kaggle_collect_openalex_sri_lanka: Saved Sri Lankan-affiliated work number=74,954 progress=99.5% api_total=75,333
2026-08-05 13:29:51,295 INFO src.pipeline.kaggle_collect_openalex_sri_lanka: Saved Sri Lankan-affiliated work number=74,955 progress=99.5% api_total=75,333
2026-08-05 13:29:51,295 INFO src.pipeline.kaggle_collect_openalex_sri_lanka: Saved Sri Lankan-affiliated work number=74,956 progress=99.5% api_total=75,333
2026-08-05 13:29:51,296 INFO src.pipeline.kaggle_collect_openalex_sri_lanka: Saved Sri Lankan-affiliated work number=74,957 progress=99.5% api_total=75,333
2026-08-05 13:29:51,296 INFO src.pipeline.kaggle_collect_openalex_sri_lanka: Saved Sri Lankan-affiliated work number=74,958 progress=99.5% api_total=75,333
2026-08-05 13:29:51,297 INFO src.pipeline.kaggle_collect_openalex_sri_lanka: Saved Sri Lankan-affiliated work number=74,959 progress=99.5% api_total=75,333
2026-08-05 13:29:51,297 INFO src.pipeline.kaggle_collect_openalex_sri_lanka: Saved Sri Lankan-affiliated work number=74,960 progress=99.5% api_total=75,333
2026-08-05 13:29:51,298 INFO src.pipeline.kaggle_collect_openalex_sri_lanka: Saved Sri Lankan-affiliated work number=74,961 progress=99.5% api_total=75,333
2026-08-05 13:29:51,298 INFO src.pipeline.kaggle_collect_openalex_sri_lanka: Saved Sri Lankan-affiliated work number=74,962 progress=99.5% api_total=75,333
2026-08-05 13:29:51,299 INFO src.pipeline.kaggle_collect_openalex_sri_lanka: Saved Sri Lankan-affiliated work number=74,963 progress=99.5% api_total=75,333
2026-08-05 13:29:51,299 INFO src.pipeline.kaggle_collect_openalex_sri_lanka: Saved Sri Lankan-affiliated work number=74,964 progress=99.5% api_total=75,333
2026-08-05 13:29:51,300 INFO src.pipeline.kaggle_collect_openalex_sri_lanka: Saved Sri Lankan-affiliated work number=74,965 progress=99.5% api_total=75,333
2026-08-05 13:29:51,300 INFO src.pipeline.kaggle_collect_openalex_sri_lanka: Saved Sri Lankan-affiliated work number=74,966 progress=99.5% api_total=75,333
2026-08-05 13:29:51,300 INFO src.pipeline.kaggle_collect_openalex_sri_lanka: Saved Sri Lankan-affiliated work number=74,967 progress=99.5% api_total=75,333
2026-08-05 13:29:51,301 INFO src.pipeline.kaggle_collect_openalex_sri_lanka: Saved Sri Lankan-affiliated work number=74,968 progress=99.5% api_total=75,333
2026-08-05 13:29:51,301 INFO src.pipeline.kaggle_collect_openalex_sri_lanka: Saved Sri Lankan-affiliated work number=74,969 progress=99.5% api_total=75,333
2026-08-05 13:29:51,301 INFO src.pipeline.kaggle_collect_openalex_sri_lanka: Saved Sri Lankan-affiliated work number=74,970 progress=99.5% api_total=75,333
2026-08-05 13:29:51,302 INFO src.pipeline.kaggle_collect_openalex_sri_lanka: Saved Sri Lankan-affiliated work number=74,971 progress=99.5% api_total=75,333
2026-08-05 13:29:51,302 INFO src.pipeline.kaggle_collect_openalex_sri_lanka: Saved Sri Lankan-affiliated work number=74,972 progress=99.5% api_total=75,333
2026-08-05 13:29:51,303 INFO src.pipeline.kaggle_collect_openalex_sri_lanka: Saved Sri Lankan-affiliated work number=74,973 progress=99.5% api_total=75,333
2026-08-05 13:29:51,303 INFO src.pipeline.kaggle_collect_openalex_sri_lanka: Saved Sri Lankan-affiliated work number=74,974 progress=99.5% api_total=75,333
2026-08-05 13:29:51,304 INFO src.pipeline.kaggle_collect_openalex_sri_lanka: Saved Sri Lankan-affiliated work number=74,975 progress=99.5% api_total=75,333
2026-08-05 13:29:51,304 INFO src.pipeline.kaggle_collect_openalex_sri_lanka: Saved Sri Lankan-affiliated work number=74,976 progress=99.5% api_total=75,333
2026-08-05 13:29:51,305 INFO src.pipeline.kaggle_collect_openalex_sri_lanka: Saved Sri Lankan-affiliated work number=74,977 progress=99.5% api_total=75,333
2026-08-05 13:29:51,305 INFO src.pipeline.kaggle_collect_openalex_sri_lanka: Saved Sri Lankan-affiliated work number=74,978 progress=99.5% api_total=75,333
2026-08-05 13:29:51,306 INFO src.pipeline.kaggle_collect_openalex_sri_lanka: Saved Sri Lankan-affiliated work number=74,979 progress=99.5% api_total=75,333
2026-08-05 13:29:51,306 INFO src.pipeline.kaggle_collect_openalex_sri_lanka: Saved Sri Lankan-affiliated work number=74,980 progress=99.5% api_total=75,333
2026-08-05 13:29:51,306 INFO src.pipeline.kaggle_collect_openalex_sri_lanka: Saved Sri Lankan-affiliated work number=74,981 progress=99.5% api_total=75,333
2026-08-05 13:29:51,307 INFO src.pipeline.kaggle_collect_openalex_sri_lanka: Saved Sri Lankan-affiliated work number=74,982 progress=99.5% api_total=75,333
2026-08-05 13:29:51,307 INFO src.pipeline.kaggle_collect_openalex_sri_lanka: Saved Sri Lankan-affiliated work number=74,983 progress=99.5% api_total=75,333
2026-08-05 13:29:51,307 INFO src.pipeline.kaggle_collect_openalex_sri_lanka: Saved Sri Lankan-affiliated work number=74,984 progress=99.5% api_total=75,333
2026-08-05 13:29:51,308 INFO src.pipeline.kaggle_collect_openalex_sri_lanka: Saved Sri Lankan-affiliated work number=74,985 progress=99.5% api_total=75,333
2026-08-05 13:29:51,308 INFO src.pipeline.kaggle_collect_openalex_sri_lanka: Saved Sri Lankan-affiliated work number=74,986 progress=99.5% api_total=75,333
2026-08-05 13:29:51,308 INFO src.pipeline.kaggle_collect_openalex_sri_lanka: Saved Sri Lankan-affiliated work number=74,987 progress=99.5% api_total=75,333
2026-08-05 13:29:51,309 INFO src.pipeline.kaggle_collect_openalex_sri_lanka: Saved Sri Lankan-affiliated work number=74,988 progress=99.5% api_total=75,333
2026-08-05 13:29:51,309 INFO src.pipeline.kaggle_collect_openalex_sri_lanka: Saved Sri Lankan-affiliated work number=74,989 progress=99.5% api_total=75,333
2026-08-05 13:29:51,310 INFO src.pipeline.kaggle_collect_openalex_sri_lanka: Saved Sri Lankan-affiliated work number=74,990 progress=99.5% api_total=75,333
2026-08-05 13:29:51,310 INFO src.pipeline.kaggle_collect_openalex_sri_lanka: Saved Sri Lankan-affiliated work number=74,991 progress=99.5% api_total=75,333
2026-08-05 13:29:51,310 INFO src.pipeline.kaggle_collect_openalex_sri_lanka: Saved Sri Lankan-affiliated work number=74,992 progress=99.5% api_total=75,333
2026-08-05 13:29:51,311 INFO src.pipeline.kaggle_collect_openalex_sri_lanka: Saved Sri Lankan-affiliated work number=74,993 progress=99.5% api_total=75,333
2026-08-05 13:29:51,311 INFO src.pipeline.kaggle_collect_openalex_sri_lanka: Saved Sri Lankan-affiliated work number=74,994 progress=99.5% api_total=75,333
2026-08-05 13:29:51,311 INFO src.pipeline.kaggle_collect_openalex_sri_lanka: Saved Sri Lankan-affiliated work number=74,995 progress=99.6% api_total=75,333
2026-08-05 13:29:51,312 INFO src.pipeline.kaggle_collect_openalex_sri_lanka: Saved Sri Lankan-affiliated work number=74,996 progress=99.6% api_total=75,333
2026-08-05 13:29:51,312 INFO src.pipeline.kaggle_collect_openalex_sri_lanka: Saved Sri Lankan-affiliated work number=74,997 progress=99.6% api_total=75,333
2026-08-05 13:29:51,312 INFO src.pipeline.kaggle_collect_openalex_sri_lanka: Saved Sri Lankan-affiliated work number=74,998 progress=99.6% api_total=75,333
2026-08-05 13:29:51,313 INFO src.pipeline.kaggle_collect_openalex_sri_lanka: Saved Sri Lankan-affiliated work number=74,999 progress=99.6% api_total=75,333
2026-08-05 13:29:51,313 INFO src.pipeline.kaggle_collect_openalex_sri_lanka: Saved Sri Lankan-affiliated work number=75,000 progress=99.6% api_total=75,333
2026-08-05 13:29:51,314 INFO src.pipeline.kaggle_collect_openalex_sri_lanka: Saved Sri Lankan-affiliated work number=75,001 progress=99.6% api_total=75,333
2026-08-05 13:29:51,314 INFO src.pipeline.kaggle_collect_openalex_sri_lanka: Saved Sri Lankan-affiliated work number=75,002 progress=99.6% api_total=75,333
2026-08-05 13:29:51,315 INFO src.pipeline.kaggle_collect_openalex_sri_lanka: Saved Sri Lankan-affiliated work number=75,003 progress=99.6% api_total=75,333
2026-08-05 13:29:51,315 INFO src.pipeline.kaggle_collect_openalex_sri_lanka: Saved Sri Lankan-affiliated work number=75,004 progress=99.6% api_total=75,333
2026-08-05 13:29:51,316 INFO src.pipeline.kaggle_collect_openalex_sri_lanka: Saved Sri Lankan-affiliated work number=75,005 progress=99.6% api_total=75,333
2026-08-05 13:29:51,316 INFO src.pipeline.kaggle_collect_openalex_sri_lanka: Saved Sri Lankan-affiliated work number=75,006 progress=99.6% api_total=75,333
2026-08-05 13:29:51,317 INFO src.pipeline.kaggle_collect_openalex_sri_lanka: Saved Sri Lankan-affiliated work number=75,007 progress=99.6% api_total=75,333
2026-08-05 13:29:51,317 INFO src.pipeline.kaggle_collect_openalex_sri_lanka: Saved Sri Lankan-affiliated work number=75,008 progress=99.6% api_total=75,333
2026-08-05 13:29:51,317 INFO src.pipeline.kaggle_collect_openalex_sri_lanka: Saved Sri Lankan-affiliated work number=75,009 progress=99.6% api_total=75,333
2026-08-05 13:29:51,318 INFO src.pipeline.kaggle_collect_openalex_sri_lanka: Saved Sri Lankan-affiliated work number=75,010 progress=99.6% api_total=75,333
2026-08-05 13:29:51,318 INFO src.pipeline.kaggle_collect_openalex_sri_lanka: Saved Sri Lankan-affiliated work number=75,011 progress=99.6% api_total=75,333
2026-08-05 13:29:51,318 INFO src.pipeline.kaggle_collect_openalex_sri_lanka: Saved Sri Lankan-affiliated work number=75,012 progress=99.6% api_total=75,333
2026-08-05 13:29:51,318 INFO src.pipeline.kaggle_collect_openalex_sri_lanka: Saved Sri Lankan-affiliated work number=75,013 progress=99.6% api_total=75,333
2026-08-05 13:29:51,319 INFO src.pipeline.kaggle_collect_openalex_sri_lanka: Saved Sri Lankan-affiliated work number=75,014 progress=99.6% api_total=75,333
2026-08-05 13:29:51,319 INFO src.pipeline.kaggle_collect_openalex_sri_lanka: Saved Sri Lankan-affiliated work number=75,015 progress=99.6% api_total=75,333
2026-08-05 13:29:51,320 INFO src.pipeline.kaggle_collect_openalex_sri_lanka: Saved Sri Lankan-affiliated work number=75,016 progress=99.6% api_total=75,333
2026-08-05 13:29:51,320 INFO src.pipeline.kaggle_collect_openalex_sri_lanka: Saved Sri Lankan-affiliated work number=75,017 progress=99.6% api_total=75,333
2026-08-05 13:29:51,320 INFO src.pipeline.kaggle_collect_openalex_sri_lanka: Saved Sri Lankan-affiliated work number=75,018 progress=99.6% api_total=75,333
2026-08-05 13:29:51,321 INFO src.pipeline.kaggle_collect_openalex_sri_lanka: Saved Sri Lankan-affiliated work number=75,019 progress=99.6% api_total=75,333
2026-08-05 13:29:51,321 INFO src.pipeline.kaggle_collect_openalex_sri_lanka: Saved Sri Lankan-affiliated work number=75,020 progress=99.6% api_total=75,333
2026-08-05 13:29:51,322 INFO src.pipeline.kaggle_collect_openalex_sri_lanka: Saved Sri Lankan-affiliated work number=75,021 progress=99.6% api_total=75,333
2026-08-05 13:29:51,322 INFO src.pipeline.kaggle_collect_openalex_sri_lanka: Saved Sri Lankan-affiliated work number=75,022 progress=99.6% api_total=75,333
2026-08-05 13:29:51,322 INFO src.pipeline.kaggle_collect_openalex_sri_lanka: Saved Sri Lankan-affiliated work number=75,023 progress=99.6% api_total=75,333
2026-08-05 13:29:51,323 INFO src.pipeline.kaggle_collect_openalex_sri_lanka: Saved Sri Lankan-affiliated work number=75,024 progress=99.6% api_total=75,333
2026-08-05 13:29:51,323 INFO src.pipeline.kaggle_collect_openalex_sri_lanka: Saved Sri Lankan-affiliated work number=75,025 progress=99.6% api_total=75,333
2026-08-05 13:29:51,324 INFO src.pipeline.kaggle_collect_openalex_sri_lanka: Saved Sri Lankan-affiliated work number=75,026 progress=99.6% api_total=75,333
2026-08-05 13:29:51,324 INFO src.pipeline.kaggle_collect_openalex_sri_lanka: Saved Sri Lankan-affiliated work number=75,027 progress=99.6% api_total=75,333
2026-08-05 13:29:51,325 INFO src.pipeline.kaggle_collect_openalex_sri_lanka: Saved Sri Lankan-affiliated work number=75,028 progress=99.6% api_total=75,333
2026-08-05 13:29:51,325 INFO src.pipeline.kaggle_collect_openalex_sri_lanka: Saved Sri Lankan-affiliated work number=75,029 progress=99.6% api_total=75,333
2026-08-05 13:29:51,326 INFO src.pipeline.kaggle_collect_openalex_sri_lanka: Saved Sri Lankan-affiliated work number=75,030 progress=99.6% api_total=75,333
2026-08-05 13:29:51,326 INFO src.pipeline.kaggle_collect_openalex_sri_lanka: Saved Sri Lankan-affiliated work number=75,031 progress=99.6% api_total=75,333
2026-08-05 13:29:51,326 INFO src.pipeline.kaggle_collect_openalex_sri_lanka: Saved Sri Lankan-affiliated work number=75,032 progress=99.6% api_total=75,333
2026-08-05 13:29:51,326 INFO src.pipeline.kaggle_collect_openalex_sri_lanka: Saved Sri Lankan-affiliated work number=75,033 progress=99.6% api_total=75,333
2026-08-05 13:29:51,327 INFO src.pipeline.kaggle_collect_openalex_sri_lanka: Saved Sri Lankan-affiliated work number=75,034 progress=99.6% api_total=75,333
2026-08-05 13:29:51,327 INFO src.pipeline.kaggle_collect_openalex_sri_lanka: Saved Sri Lankan-affiliated work number=75,035 progress=99.6% api_total=75,333
2026-08-05 13:29:51,327 INFO src.pipeline.kaggle_collect_openalex_sri_lanka: Saved Sri Lankan-affiliated work number=75,036 progress=99.6% api_total=75,333
2026-08-05 13:29:51,328 INFO src.pipeline.kaggle_collect_openalex_sri_lanka: Saved Sri Lankan-affiliated work number=75,037 progress=99.6% api_total=75,333
2026-08-05 13:29:51,328 INFO src.pipeline.kaggle_collect_openalex_sri_lanka: Saved Sri Lankan-affiliated work number=75,038 progress=99.6% api_total=75,333
2026-08-05 13:29:51,329 INFO src.pipeline.kaggle_collect_openalex_sri_lanka: Saved Sri Lankan-affiliated work number=75,039 progress=99.6% api_total=75,333
2026-08-05 13:29:51,329 INFO src.pipeline.kaggle_collect_openalex_sri_lanka: Saved Sri Lankan-affiliated work number=75,040 progress=99.6% api_total=75,333
2026-08-05 13:29:57,551 INFO src.collectors.openalex_collector: Fetched OpenAlex page page=25/377 progress=6.6% fetched=200 kept=198 skipped=2 next_cursor=yes
2026-08-05 13:29:57,560 INFO src.pipeline.kaggle_collect_openalex_sri_lanka: Saved Sri Lankan-affiliated work number=75,041 progress=99.6% api_total=75,333
2026-08-05 13:29:57,560 INFO src.pipeline.kaggle_collect_openalex_sri_lanka: Saved Sri Lankan-affiliated work number=75,042 progress=99.6% api_total=75,333
2026-08-05 13:29:57,561 INFO src.pipeline.kaggle_collect_openalex_sri_lanka: Saved Sri Lankan-affiliated work number=75,043 progress=99.6% api_total=75,333
2026-08-05 13:29:57,562 INFO src.pipeline.kaggle_collect_openalex_sri_lanka: Saved Sri Lankan-affiliated work number=75,044 progress=99.6% api_total=75,333
2026-08-05 13:29:57,563 INFO src.pipeline.kaggle_collect_openalex_sri_lanka: Saved Sri Lankan-affiliated work number=75,045 progress=99.6% api_total=75,333
2026-08-05 13:29:57,563 INFO src.pipeline.kaggle_collect_openalex_sri_lanka: Saved Sri Lankan-affiliated work number=75,046 progress=99.6% api_total=75,333
2026-08-05 13:29:57,564 INFO src.pipeline.kaggle_collect_openalex_sri_lanka: Saved Sri Lankan-affiliated work number=75,047 progress=99.6% api_total=75,333
2026-08-05 13:29:57,564 INFO src.pipeline.kaggle_collect_openalex_sri_lanka: Saved Sri Lankan-affiliated work number=75,048 progress=99.6% api_total=75,333
2026-08-05 13:29:57,565 INFO src.pipeline.kaggle_collect_openalex_sri_lanka: Saved Sri Lankan-affiliated work number=75,049 progress=99.6% api_total=75,333
2026-08-05 13:29:57,565 INFO src.pipeline.kaggle_collect_openalex_sri_lanka: Saved Sri Lankan-affiliated work number=75,050 progress=99.6% api_total=75,333
2026-08-05 13:29:57,566 INFO src.pipeline.kaggle_collect_openalex_sri_lanka: Saved Sri Lankan-affiliated work number=75,051 progress=99.6% api_total=75,333
2026-08-05 13:29:57,567 INFO src.pipeline.kaggle_collect_openalex_sri_lanka: Saved Sri Lankan-affiliated work number=75,052 progress=99.6% api_total=75,333
2026-08-05 13:29:57,567 INFO src.pipeline.kaggle_collect_openalex_sri_lanka: Saved Sri Lankan-affiliated work number=75,053 progress=99.6% api_total=75,333
2026-08-05 13:29:57,568 INFO src.pipeline.kaggle_collect_openalex_sri_lanka: Saved Sri Lankan-affiliated work number=75,054 progress=99.6% api_total=75,333
2026-08-05 13:29:57,568 INFO src.pipeline.kaggle_collect_openalex_sri_lanka: Saved Sri Lankan-affiliated work number=75,055 progress=99.6% api_total=75,333
2026-08-05 13:29:57,569 INFO src.pipeline.kaggle_collect_openalex_sri_lanka: Saved Sri Lankan-affiliated work number=75,056 progress=99.6% api_total=75,333
2026-08-05 13:29:57,570 INFO src.pipeline.kaggle_collect_openalex_sri_lanka: Saved Sri Lankan-affiliated work number=75,057 progress=99.6% api_total=75,333
2026-08-05 13:29:57,570 INFO src.pipeline.kaggle_collect_openalex_sri_lanka: Saved Sri Lankan-affiliated work number=75,058 progress=99.6% api_total=75,333
2026-08-05 13:29:57,571 INFO src.pipeline.kaggle_collect_openalex_sri_lanka: Saved Sri Lankan-affiliated work number=75,059 progress=99.6% api_total=75,333
2026-08-05 13:29:57,571 INFO src.pipeline.kaggle_collect_openalex_sri_lanka: Saved Sri Lankan-affiliated work number=75,060 progress=99.6% api_total=75,333
2026-08-05 13:29:57,572 INFO src.pipeline.kaggle_collect_openalex_sri_lanka: Saved Sri Lankan-affiliated work number=75,061 progress=99.6% api_total=75,333
2026-08-05 13:29:57,572 INFO src.pipeline.kaggle_collect_openalex_sri_lanka: Saved Sri Lankan-affiliated work number=75,062 progress=99.6% api_total=75,333
2026-08-05 13:29:57,573 INFO src.pipeline.kaggle_collect_openalex_sri_lanka: Saved Sri Lankan-affiliated work number=75,063 progress=99.6% api_total=75,333
2026-08-05 13:29:57,573 INFO src.pipeline.kaggle_collect_openalex_sri_lanka: Saved Sri Lankan-affiliated work number=75,064 progress=99.6% api_total=75,333
2026-08-05 13:29:57,573 INFO src.pipeline.kaggle_collect_openalex_sri_lanka: Saved Sri Lankan-affiliated work number=75,065 progress=99.6% api_total=75,333
2026-08-05 13:29:57,574 INFO src.pipeline.kaggle_collect_openalex_sri_lanka: Saved Sri Lankan-affiliated work number=75,066 progress=99.6% api_total=75,333
2026-08-05 13:29:57,574 INFO src.pipeline.kaggle_collect_openalex_sri_lanka: Saved Sri Lankan-affiliated work number=75,067 progress=99.6% api_total=75,333
2026-08-05 13:29:57,575 INFO src.pipeline.kaggle_collect_openalex_sri_lanka: Saved Sri Lankan-affiliated work number=75,068 progress=99.6% api_total=75,333
2026-08-05 13:29:57,575 INFO src.pipeline.kaggle_collect_openalex_sri_lanka: Saved Sri Lankan-affiliated work number=75,069 progress=99.6% api_total=75,333
2026-08-05 13:29:57,576 INFO src.pipeline.kaggle_collect_openalex_sri_lanka: Saved Sri Lankan-affiliated work number=75,070 progress=99.7% api_total=75,333
2026-08-05 13:29:57,577 INFO src.pipeline.kaggle_collect_openalex_sri_lanka: Saved Sri Lankan-affiliated work number=75,071 progress=99.7% api_total=75,333
2026-08-05 13:29:57,577 INFO src.pipeline.kaggle_collect_openalex_sri_lanka: Saved Sri Lankan-affiliated work number=75,072 progress=99.7% api_total=75,333
2026-08-05 13:29:57,578 INFO src.pipeline.kaggle_collect_openalex_sri_lanka: Saved Sri Lankan-affiliated work number=75,073 progress=99.7% api_total=75,333
2026-08-05 13:29:57,578 INFO src.pipeline.kaggle_collect_openalex_sri_lanka: Saved Sri Lankan-affiliated work number=75,074 progress=99.7% api_total=75,333
2026-08-05 13:29:57,579 INFO src.pipeline.kaggle_collect_openalex_sri_lanka: Saved Sri Lankan-affiliated work number=75,075 progress=99.7% api_total=75,333
2026-08-05 13:29:57,579 INFO src.pipeline.kaggle_collect_openalex_sri_lanka: Saved Sri Lankan-affiliated work number=75,076 progress=99.7% api_total=75,333
2026-08-05 13:29:57,580 INFO src.pipeline.kaggle_collect_openalex_sri_lanka: Saved Sri Lankan-affiliated work number=75,077 progress=99.7% api_total=75,333
2026-08-05 13:29:57,581 INFO src.pipeline.kaggle_collect_openalex_sri_lanka: Saved Sri Lankan-affiliated work number=75,078 progress=99.7% api_total=75,333
2026-08-05 13:29:57,581 INFO src.pipeline.kaggle_collect_openalex_sri_lanka: Saved Sri Lankan-affiliated work number=75,079 progress=99.7% api_total=75,333
2026-08-05 13:29:57,582 INFO src.pipeline.kaggle_collect_openalex_sri_lanka: Saved Sri Lankan-affiliated work number=75,080 progress=99.7% api_total=75,333
2026-08-05 13:29:57,582 INFO src.pipeline.kaggle_collect_openalex_sri_lanka: Saved Sri Lankan-affiliated work number=75,081 progress=99.7% api_total=75,333
2026-08-05 13:29:57,583 INFO src.pipeline.kaggle_collect_openalex_sri_lanka: Saved Sri Lankan-affiliated work number=75,082 progress=99.7% api_total=75,333
2026-08-05 13:29:57,584 INFO src.pipeline.kaggle_collect_openalex_sri_lanka: Saved Sri Lankan-affiliated work number=75,083 progress=99.7% api_total=75,333
2026-08-05 13:29:57,584 INFO src.pipeline.kaggle_collect_openalex_sri_lanka: Saved Sri Lankan-affiliated work number=75,084 progress=99.7% api_total=75,333
2026-08-05 13:29:57,585 INFO src.pipeline.kaggle_collect_openalex_sri_lanka: Saved Sri Lankan-affiliated work number=75,085 progress=99.7% api_total=75,333
2026-08-05 13:29:57,585 INFO src.pipeline.kaggle_collect_openalex_sri_lanka: Saved Sri Lankan-affiliated work number=75,086 progress=99.7% api_total=75,333
2026-08-05 13:29:57,586 INFO src.pipeline.kaggle_collect_openalex_sri_lanka: Saved Sri Lankan-affiliated work number=75,087 progress=99.7% api_total=75,333
2026-08-05 13:29:57,586 INFO src.pipeline.kaggle_collect_openalex_sri_lanka: Saved Sri Lankan-affiliated work number=75,088 progress=99.7% api_total=75,333
2026-08-05 13:29:57,587 INFO src.pipeline.kaggle_collect_openalex_sri_lanka: Saved Sri Lankan-affiliated work number=75,089 progress=99.7% api_total=75,333
2026-08-05 13:29:57,587 INFO src.pipeline.kaggle_collect_openalex_sri_lanka: Saved Sri Lankan-affiliated work number=75,090 progress=99.7% api_total=75,333
2026-08-05 13:29:57,587 INFO src.pipeline.kaggle_collect_openalex_sri_lanka: Saved Sri Lankan-affiliated work number=75,091 progress=99.7% api_total=75,333
2026-08-05 13:29:57,588 INFO src.pipeline.kaggle_collect_openalex_sri_lanka: Saved Sri Lankan-affiliated work number=75,092 progress=99.7% api_total=75,333
2026-08-05 13:29:57,588 INFO src.pipeline.kaggle_collect_openalex_sri_lanka: Saved Sri Lankan-affiliated work number=75,093 progress=99.7% api_total=75,333
2026-08-05 13:29:57,588 INFO src.pipeline.kaggle_collect_openalex_sri_lanka: Saved Sri Lankan-affiliated work number=75,094 progress=99.7% api_total=75,333
2026-08-05 13:29:57,589 INFO src.pipeline.kaggle_collect_openalex_sri_lanka: Saved Sri Lankan-affiliated work number=75,095 progress=99.7% api_total=75,333
2026-08-05 13:29:57,589 INFO src.pipeline.kaggle_collect_openalex_sri_lanka: Saved Sri Lankan-affiliated work number=75,096 progress=99.7% api_total=75,333
2026-08-05 13:29:57,590 INFO src.pipeline.kaggle_collect_openalex_sri_lanka: Saved Sri Lankan-affiliated work number=75,097 progress=99.7% api_total=75,333
2026-08-05 13:29:57,590 INFO src.pipeline.kaggle_collect_openalex_sri_lanka: Saved Sri Lankan-affiliated work number=75,098 progress=99.7% api_total=75,333
2026-08-05 13:29:57,591 INFO src.pipeline.kaggle_collect_openalex_sri_lanka: Saved Sri Lankan-affiliated work number=75,099 progress=99.7% api_total=75,333
2026-08-05 13:29:57,592 INFO src.pipeline.kaggle_collect_openalex_sri_lanka: Saved Sri Lankan-affiliated work number=75,100 progress=99.7% api_total=75,333
2026-08-05 13:29:57,592 INFO src.pipeline.kaggle_collect_openalex_sri_lanka: Saved Sri Lankan-affiliated work number=75,101 progress=99.7% api_total=75,333
2026-08-05 13:29:57,593 INFO src.pipeline.kaggle_collect_openalex_sri_lanka: Saved Sri Lankan-affiliated work number=75,102 progress=99.7% api_total=75,333
2026-08-05 13:29:57,593 INFO src.pipeline.kaggle_collect_openalex_sri_lanka: Saved Sri Lankan-affiliated work number=75,103 progress=99.7% api_total=75,333
2026-08-05 13:29:57,594 INFO src.pipeline.kaggle_collect_openalex_sri_lanka: Saved Sri Lankan-affiliated work number=75,104 progress=99.7% api_total=75,333
2026-08-05 13:29:57,594 INFO src.pipeline.kaggle_collect_openalex_sri_lanka: Saved Sri Lankan-affiliated work number=75,105 progress=99.7% api_total=75,333
2026-08-05 13:29:57,594 INFO src.pipeline.kaggle_collect_openalex_sri_lanka: Saved Sri Lankan-affiliated work number=75,106 progress=99.7% api_total=75,333
2026-08-05 13:29:57,595 INFO src.pipeline.kaggle_collect_openalex_sri_lanka: Saved Sri Lankan-affiliated work number=75,107 progress=99.7% api_total=75,333
2026-08-05 13:29:57,595 INFO src.pipeline.kaggle_collect_openalex_sri_lanka: Saved Sri Lankan-affiliated work number=75,108 progress=99.7% api_total=75,333
2026-08-05 13:29:57,595 INFO src.pipeline.kaggle_collect_openalex_sri_lanka: Saved Sri Lankan-affiliated work number=75,109 progress=99.7% api_total=75,333
2026-08-05 13:29:57,595 INFO src.pipeline.kaggle_collect_openalex_sri_lanka: Saved Sri Lankan-affiliated work number=75,110 progress=99.7% api_total=75,333
2026-08-05 13:29:57,596 INFO src.pipeline.kaggle_collect_openalex_sri_lanka: Saved Sri Lankan-affiliated work number=75,111 progress=99.7% api_total=75,333
2026-08-05 13:29:57,596 INFO src.pipeline.kaggle_collect_openalex_sri_lanka: Saved Sri Lankan-affiliated work number=75,112 progress=99.7% api_total=75,333
2026-08-05 13:29:57,597 INFO src.pipeline.kaggle_collect_openalex_sri_lanka: Saved Sri Lankan-affiliated work number=75,113 progress=99.7% api_total=75,333
2026-08-05 13:29:57,597 INFO src.pipeline.kaggle_collect_openalex_sri_lanka: Saved Sri Lankan-affiliated work number=75,114 progress=99.7% api_total=75,333
2026-08-05 13:29:57,597 INFO src.pipeline.kaggle_collect_openalex_sri_lanka: Saved Sri Lankan-affiliated work number=75,115 progress=99.7% api_total=75,333
2026-08-05 13:29:57,598 INFO src.pipeline.kaggle_collect_openalex_sri_lanka: Saved Sri Lankan-affiliated work number=75,116 progress=99.7% api_total=75,333
2026-08-05 13:29:57,598 INFO src.pipeline.kaggle_collect_openalex_sri_lanka: Saved Sri Lankan-affiliated work number=75,117 progress=99.7% api_total=75,333
2026-08-05 13:29:57,598 INFO src.pipeline.kaggle_collect_openalex_sri_lanka: Saved Sri Lankan-affiliated work number=75,118 progress=99.7% api_total=75,333
2026-08-05 13:29:57,599 INFO src.pipeline.kaggle_collect_openalex_sri_lanka: Saved Sri Lankan-affiliated work number=75,119 progress=99.7% api_total=75,333
2026-08-05 13:29:57,599 INFO src.pipeline.kaggle_collect_openalex_sri_lanka: Saved Sri Lankan-affiliated work number=75,120 progress=99.7% api_total=75,333
2026-08-05 13:29:57,599 INFO src.pipeline.kaggle_collect_openalex_sri_lanka: Saved Sri Lankan-affiliated work number=75,121 progress=99.7% api_total=75,333
2026-08-05 13:29:57,599 INFO src.pipeline.kaggle_collect_openalex_sri_lanka: Saved Sri Lankan-affiliated work number=75,122 progress=99.7% api_total=75,333
2026-08-05 13:29:57,600 INFO src.pipeline.kaggle_collect_openalex_sri_lanka: Saved Sri Lankan-affiliated work number=75,123 progress=99.7% api_total=75,333
2026-08-05 13:29:57,600 INFO src.pipeline.kaggle_collect_openalex_sri_lanka: Saved Sri Lankan-affiliated work number=75,124 progress=99.7% api_total=75,333
2026-08-05 13:29:57,600 INFO src.pipeline.kaggle_collect_openalex_sri_lanka: Saved Sri Lankan-affiliated work number=75,125 progress=99.7% api_total=75,333
2026-08-05 13:29:57,601 INFO src.pipeline.kaggle_collect_openalex_sri_lanka: Saved Sri Lankan-affiliated work number=75,126 progress=99.7% api_total=75,333
2026-08-05 13:29:57,601 INFO src.pipeline.kaggle_collect_openalex_sri_lanka: Saved Sri Lankan-affiliated work number=75,127 progress=99.7% api_total=75,333
2026-08-05 13:29:57,602 INFO src.pipeline.kaggle_collect_openalex_sri_lanka: Saved Sri Lankan-affiliated work number=75,128 progress=99.7% api_total=75,333
2026-08-05 13:29:57,602 INFO src.pipeline.kaggle_collect_openalex_sri_lanka: Saved Sri Lankan-affiliated work number=75,129 progress=99.7% api_total=75,333
2026-08-05 13:29:57,602 INFO src.pipeline.kaggle_collect_openalex_sri_lanka: Saved Sri Lankan-affiliated work number=75,130 progress=99.7% api_total=75,333
2026-08-05 13:29:57,602 INFO src.pipeline.kaggle_collect_openalex_sri_lanka: Saved Sri Lankan-affiliated work number=75,131 progress=99.7% api_total=75,333
2026-08-05 13:29:57,603 INFO src.pipeline.kaggle_collect_openalex_sri_lanka: Saved Sri Lankan-affiliated work number=75,132 progress=99.7% api_total=75,333
2026-08-05 13:29:57,603 INFO src.pipeline.kaggle_collect_openalex_sri_lanka: Saved Sri Lankan-affiliated work number=75,133 progress=99.7% api_total=75,333
2026-08-05 13:29:57,603 INFO src.pipeline.kaggle_collect_openalex_sri_lanka: Saved Sri Lankan-affiliated work number=75,134 progress=99.7% api_total=75,333
2026-08-05 13:29:57,604 INFO src.pipeline.kaggle_collect_openalex_sri_lanka: Saved Sri Lankan-affiliated work number=75,135 progress=99.7% api_total=75,333
2026-08-05 13:29:57,604 INFO src.pipeline.kaggle_collect_openalex_sri_lanka: Saved Sri Lankan-affiliated work number=75,136 progress=99.7% api_total=75,333
2026-08-05 13:29:57,604 INFO src.pipeline.kaggle_collect_openalex_sri_lanka: Saved Sri Lankan-affiliated work number=75,137 progress=99.7% api_total=75,333
2026-08-05 13:29:57,605 INFO src.pipeline.kaggle_collect_openalex_sri_lanka: Saved Sri Lankan-affiliated work number=75,138 progress=99.7% api_total=75,333
2026-08-05 13:29:57,605 INFO src.pipeline.kaggle_collect_openalex_sri_lanka: Saved Sri Lankan-affiliated work number=75,139 progress=99.7% api_total=75,333
2026-08-05 13:29:57,605 INFO src.pipeline.kaggle_collect_openalex_sri_lanka: Saved Sri Lankan-affiliated work number=75,140 progress=99.7% api_total=75,333
2026-08-05 13:29:57,606 INFO src.pipeline.kaggle_collect_openalex_sri_lanka: Saved Sri Lankan-affiliated work number=75,141 progress=99.7% api_total=75,333
2026-08-05 13:29:57,606 INFO src.pipeline.kaggle_collect_openalex_sri_lanka: Saved Sri Lankan-affiliated work number=75,142 progress=99.7% api_total=75,333
2026-08-05 13:29:57,606 INFO src.pipeline.kaggle_collect_openalex_sri_lanka: Saved Sri Lankan-affiliated work number=75,143 progress=99.7% api_total=75,333
2026-08-05 13:29:57,607 INFO src.pipeline.kaggle_collect_openalex_sri_lanka: Saved Sri Lankan-affiliated work number=75,144 progress=99.7% api_total=75,333
2026-08-05 13:29:57,607 INFO src.pipeline.kaggle_collect_openalex_sri_lanka: Saved Sri Lankan-affiliated work number=75,145 progress=99.8% api_total=75,333
2026-08-05 13:29:57,608 INFO src.pipeline.kaggle_collect_openalex_sri_lanka: Saved Sri Lankan-affiliated work number=75,146 progress=99.8% api_total=75,333
2026-08-05 13:29:57,608 INFO src.pipeline.kaggle_collect_openalex_sri_lanka: Saved Sri Lankan-affiliated work number=75,147 progress=99.8% api_total=75,333
2026-08-05 13:29:57,609 INFO src.pipeline.kaggle_collect_openalex_sri_lanka: Saved Sri Lankan-affiliated work number=75,148 progress=99.8% api_total=75,333
2026-08-05 13:29:57,609 INFO src.pipeline.kaggle_collect_openalex_sri_lanka: Saved Sri Lankan-affiliated work number=75,149 progress=99.8% api_total=75,333
2026-08-05 13:29:57,609 INFO src.pipeline.kaggle_collect_openalex_sri_lanka: Saved Sri Lankan-affiliated work number=75,150 progress=99.8% api_total=75,333
2026-08-05 13:29:57,610 INFO src.pipeline.kaggle_collect_openalex_sri_lanka: Saved Sri Lankan-affiliated work number=75,151 progress=99.8% api_total=75,333
2026-08-05 13:29:57,610 INFO src.pipeline.kaggle_collect_openalex_sri_lanka: Saved Sri Lankan-affiliated work number=75,152 progress=99.8% api_total=75,333
2026-08-05 13:29:57,611 INFO src.pipeline.kaggle_collect_openalex_sri_lanka: Saved Sri Lankan-affiliated work number=75,153 progress=99.8% api_total=75,333
2026-08-05 13:29:57,611 INFO src.pipeline.kaggle_collect_openalex_sri_lanka: Saved Sri Lankan-affiliated work number=75,154 progress=99.8% api_total=75,333
2026-08-05 13:29:57,611 INFO src.pipeline.kaggle_collect_openalex_sri_lanka: Saved Sri Lankan-affiliated work number=75,155 progress=99.8% api_total=75,333
2026-08-05 13:29:57,612 INFO src.pipeline.kaggle_collect_openalex_sri_lanka: Saved Sri Lankan-affiliated work number=75,156 progress=99.8% api_total=75,333
2026-08-05 13:29:57,612 INFO src.pipeline.kaggle_collect_openalex_sri_lanka: Saved Sri Lankan-affiliated work number=75,157 progress=99.8% api_total=75,333
2026-08-05 13:29:57,612 INFO src.pipeline.kaggle_collect_openalex_sri_lanka: Saved Sri Lankan-affiliated work number=75,158 progress=99.8% api_total=75,333
2026-08-05 13:29:57,612 INFO src.pipeline.kaggle_collect_openalex_sri_lanka: Saved Sri Lankan-affiliated work number=75,159 progress=99.8% api_total=75,333
2026-08-05 13:29:57,613 INFO src.pipeline.kaggle_collect_openalex_sri_lanka: Saved Sri Lankan-affiliated work number=75,160 progress=99.8% api_total=75,333
2026-08-05 13:29:57,613 INFO src.pipeline.kaggle_collect_openalex_sri_lanka: Saved Sri Lankan-affiliated work number=75,161 progress=99.8% api_total=75,333
2026-08-05 13:29:57,613 INFO src.pipeline.kaggle_collect_openalex_sri_lanka: Saved Sri Lankan-affiliated work number=75,162 progress=99.8% api_total=75,333
2026-08-05 13:29:57,614 INFO src.pipeline.kaggle_collect_openalex_sri_lanka: Saved Sri Lankan-affiliated work number=75,163 progress=99.8% api_total=75,333
2026-08-05 13:29:57,614 INFO src.pipeline.kaggle_collect_openalex_sri_lanka: Saved Sri Lankan-affiliated work number=75,164 progress=99.8% api_total=75,333
2026-08-05 13:29:57,614 INFO src.pipeline.kaggle_collect_openalex_sri_lanka: Saved Sri Lankan-affiliated work number=75,165 progress=99.8% api_total=75,333
2026-08-05 13:29:57,615 INFO src.pipeline.kaggle_collect_openalex_sri_lanka: Saved Sri Lankan-affiliated work number=75,166 progress=99.8% api_total=75,333
2026-08-05 13:29:57,615 INFO src.pipeline.kaggle_collect_openalex_sri_lanka: Saved Sri Lankan-affiliated work number=75,167 progress=99.8% api_total=75,333
2026-08-05 13:29:57,615 INFO src.pipeline.kaggle_collect_openalex_sri_lanka: Saved Sri Lankan-affiliated work number=75,168 progress=99.8% api_total=75,333
2026-08-05 13:29:57,616 INFO src.pipeline.kaggle_collect_openalex_sri_lanka: Saved Sri Lankan-affiliated work number=75,169 progress=99.8% api_total=75,333
2026-08-05 13:29:57,616 INFO src.pipeline.kaggle_collect_openalex_sri_lanka: Saved Sri Lankan-affiliated work number=75,170 progress=99.8% api_total=75,333
2026-08-05 13:29:57,616 INFO src.pipeline.kaggle_collect_openalex_sri_lanka: Saved Sri Lankan-affiliated work number=75,171 progress=99.8% api_total=75,333
2026-08-05 13:29:57,617 INFO src.pipeline.kaggle_collect_openalex_sri_lanka: Saved Sri Lankan-affiliated work number=75,172 progress=99.8% api_total=75,333
2026-08-05 13:29:57,617 INFO src.pipeline.kaggle_collect_openalex_sri_lanka: Saved Sri Lankan-affiliated work number=75,173 progress=99.8% api_total=75,333
2026-08-05 13:29:57,617 INFO src.pipeline.kaggle_collect_openalex_sri_lanka: Saved Sri Lankan-affiliated work number=75,174 progress=99.8% api_total=75,333
2026-08-05 13:29:57,618 INFO src.pipeline.kaggle_collect_openalex_sri_lanka: Saved Sri Lankan-affiliated work number=75,175 progress=99.8% api_total=75,333
2026-08-05 13:29:57,618 INFO src.pipeline.kaggle_collect_openalex_sri_lanka: Saved Sri Lankan-affiliated work number=75,176 progress=99.8% api_total=75,333
2026-08-05 13:29:57,618 INFO src.pipeline.kaggle_collect_openalex_sri_lanka: Saved Sri Lankan-affiliated work number=75,177 progress=99.8% api_total=75,333
2026-08-05 13:29:57,619 INFO src.pipeline.kaggle_collect_openalex_sri_lanka: Saved Sri Lankan-affiliated work number=75,178 progress=99.8% api_total=75,333
2026-08-05 13:29:57,619 INFO src.pipeline.kaggle_collect_openalex_sri_lanka: Saved Sri Lankan-affiliated work number=75,179 progress=99.8% api_total=75,333
2026-08-05 13:29:57,619 INFO src.pipeline.kaggle_collect_openalex_sri_lanka: Saved Sri Lankan-affiliated work number=75,180 progress=99.8% api_total=75,333
2026-08-05 13:29:57,619 INFO src.pipeline.kaggle_collect_openalex_sri_lanka: Saved Sri Lankan-affiliated work number=75,181 progress=99.8% api_total=75,333
2026-08-05 13:29:57,620 INFO src.pipeline.kaggle_collect_openalex_sri_lanka: Saved Sri Lankan-affiliated work number=75,182 progress=99.8% api_total=75,333
2026-08-05 13:29:57,620 INFO src.pipeline.kaggle_collect_openalex_sri_lanka: Saved Sri Lankan-affiliated work number=75,183 progress=99.8% api_total=75,333
2026-08-05 13:29:57,620 INFO src.pipeline.kaggle_collect_openalex_sri_lanka: Saved Sri Lankan-affiliated work number=75,184 progress=99.8% api_total=75,333
2026-08-05 13:29:57,621 INFO src.pipeline.kaggle_collect_openalex_sri_lanka: Saved Sri Lankan-affiliated work number=75,185 progress=99.8% api_total=75,333
2026-08-05 13:29:57,621 INFO src.pipeline.kaggle_collect_openalex_sri_lanka: Saved Sri Lankan-affiliated work number=75,186 progress=99.8% api_total=75,333
2026-08-05 13:29:57,622 INFO src.pipeline.kaggle_collect_openalex_sri_lanka: Saved Sri Lankan-affiliated work number=75,187 progress=99.8% api_total=75,333
2026-08-05 13:29:57,622 INFO src.pipeline.kaggle_collect_openalex_sri_lanka: Saved Sri Lankan-affiliated work number=75,188 progress=99.8% api_total=75,333
2026-08-05 13:29:57,622 INFO src.pipeline.kaggle_collect_openalex_sri_lanka: Saved Sri Lankan-affiliated work number=75,189 progress=99.8% api_total=75,333
2026-08-05 13:29:57,623 INFO src.pipeline.kaggle_collect_openalex_sri_lanka: Saved Sri Lankan-affiliated work number=75,190 progress=99.8% api_total=75,333
2026-08-05 13:29:57,623 INFO src.pipeline.kaggle_collect_openalex_sri_lanka: Saved Sri Lankan-affiliated work number=75,191 progress=99.8% api_total=75,333
2026-08-05 13:29:57,624 INFO src.pipeline.kaggle_collect_openalex_sri_lanka: Saved Sri Lankan-affiliated work number=75,192 progress=99.8% api_total=75,333
2026-08-05 13:29:57,624 INFO src.pipeline.kaggle_collect_openalex_sri_lanka: Saved Sri Lankan-affiliated work number=75,193 progress=99.8% api_total=75,333
2026-08-05 13:29:57,624 INFO src.pipeline.kaggle_collect_openalex_sri_lanka: Saved Sri Lankan-affiliated work number=75,194 progress=99.8% api_total=75,333
2026-08-05 13:29:57,625 INFO src.pipeline.kaggle_collect_openalex_sri_lanka: Saved Sri Lankan-affiliated work number=75,195 progress=99.8% api_total=75,333
2026-08-05 13:29:57,625 INFO src.pipeline.kaggle_collect_openalex_sri_lanka: Saved Sri Lankan-affiliated work number=75,196 progress=99.8% api_total=75,333
2026-08-05 13:29:57,625 INFO src.pipeline.kaggle_collect_openalex_sri_lanka: Saved Sri Lankan-affiliated work number=75,197 progress=99.8% api_total=75,333
2026-08-05 13:29:57,626 INFO src.pipeline.kaggle_collect_openalex_sri_lanka: Saved Sri Lankan-affiliated work number=75,198 progress=99.8% api_total=75,333
2026-08-05 13:29:57,626 INFO src.pipeline.kaggle_collect_openalex_sri_lanka: Saved Sri Lankan-affiliated work number=75,199 progress=99.8% api_total=75,333
2026-08-05 13:29:57,627 INFO src.pipeline.kaggle_collect_openalex_sri_lanka: Saved Sri Lankan-affiliated work number=75,200 progress=99.8% api_total=75,333
2026-08-05 13:29:57,627 INFO src.pipeline.kaggle_collect_openalex_sri_lanka: Saved Sri Lankan-affiliated work number=75,201 progress=99.8% api_total=75,333
2026-08-05 13:29:57,628 INFO src.pipeline.kaggle_collect_openalex_sri_lanka: Saved Sri Lankan-affiliated work number=75,202 progress=99.8% api_total=75,333
2026-08-05 13:29:57,628 INFO src.pipeline.kaggle_collect_openalex_sri_lanka: Saved Sri Lankan-affiliated work number=75,203 progress=99.8% api_total=75,333
2026-08-05 13:29:57,628 INFO src.pipeline.kaggle_collect_openalex_sri_lanka: Saved Sri Lankan-affiliated work number=75,204 progress=99.8% api_total=75,333
2026-08-05 13:29:57,629 INFO src.pipeline.kaggle_collect_openalex_sri_lanka: Saved Sri Lankan-affiliated work number=75,205 progress=99.8% api_total=75,333
2026-08-05 13:29:57,629 INFO src.pipeline.kaggle_collect_openalex_sri_lanka: Saved Sri Lankan-affiliated work number=75,206 progress=99.8% api_total=75,333
2026-08-05 13:29:57,629 INFO src.pipeline.kaggle_collect_openalex_sri_lanka: Saved Sri Lankan-affiliated work number=75,207 progress=99.8% api_total=75,333
2026-08-05 13:29:57,630 INFO src.pipeline.kaggle_collect_openalex_sri_lanka: Saved Sri Lankan-affiliated work number=75,208 progress=99.8% api_total=75,333
2026-08-05 13:29:57,630 INFO src.pipeline.kaggle_collect_openalex_sri_lanka: Saved Sri Lankan-affiliated work number=75,209 progress=99.8% api_total=75,333
2026-08-05 13:29:57,631 INFO src.pipeline.kaggle_collect_openalex_sri_lanka: Saved Sri Lankan-affiliated work number=75,210 progress=99.8% api_total=75,333
2026-08-05 13:29:57,631 INFO src.pipeline.kaggle_collect_openalex_sri_lanka: Saved Sri Lankan-affiliated work number=75,211 progress=99.8% api_total=75,333
2026-08-05 13:29:57,631 INFO src.pipeline.kaggle_collect_openalex_sri_lanka: Saved Sri Lankan-affiliated work number=75,212 progress=99.8% api_total=75,333
2026-08-05 13:29:57,632 INFO src.pipeline.kaggle_collect_openalex_sri_lanka: Saved Sri Lankan-affiliated work number=75,213 progress=99.8% api_total=75,333
2026-08-05 13:29:57,632 INFO src.pipeline.kaggle_collect_openalex_sri_lanka: Saved Sri Lankan-affiliated work number=75,214 progress=99.8% api_total=75,333
2026-08-05 13:29:57,632 INFO src.pipeline.kaggle_collect_openalex_sri_lanka: Saved Sri Lankan-affiliated work number=75,215 progress=99.8% api_total=75,333
2026-08-05 13:29:57,633 INFO src.pipeline.kaggle_collect_openalex_sri_lanka: Saved Sri Lankan-affiliated work number=75,216 progress=99.8% api_total=75,333
2026-08-05 13:29:57,633 INFO src.pipeline.kaggle_collect_openalex_sri_lanka: Saved Sri Lankan-affiliated work number=75,217 progress=99.8% api_total=75,333
2026-08-05 13:29:57,633 INFO src.pipeline.kaggle_collect_openalex_sri_lanka: Saved Sri Lankan-affiliated work number=75,218 progress=99.8% api_total=75,333
2026-08-05 13:29:57,634 INFO src.pipeline.kaggle_collect_openalex_sri_lanka: Saved Sri Lankan-affiliated work number=75,219 progress=99.8% api_total=75,333
2026-08-05 13:29:57,634 INFO src.pipeline.kaggle_collect_openalex_sri_lanka: Saved Sri Lankan-affiliated work number=75,220 progress=99.8% api_total=75,333
2026-08-05 13:29:57,634 INFO src.pipeline.kaggle_collect_openalex_sri_lanka: Saved Sri Lankan-affiliated work number=75,221 progress=99.9% api_total=75,333
2026-08-05 13:29:57,634 INFO src.pipeline.kaggle_collect_openalex_sri_lanka: Saved Sri Lankan-affiliated work number=75,222 progress=99.9% api_total=75,333
2026-08-05 13:29:57,635 INFO src.pipeline.kaggle_collect_openalex_sri_lanka: Saved Sri Lankan-affiliated work number=75,223 progress=99.9% api_total=75,333
2026-08-05 13:29:57,635 INFO src.pipeline.kaggle_collect_openalex_sri_lanka: Saved Sri Lankan-affiliated work number=75,224 progress=99.9% api_total=75,333
2026-08-05 13:29:57,636 INFO src.pipeline.kaggle_collect_openalex_sri_lanka: Saved Sri Lankan-affiliated work number=75,225 progress=99.9% api_total=75,333
2026-08-05 13:29:57,636 INFO src.pipeline.kaggle_collect_openalex_sri_lanka: Saved Sri Lankan-affiliated work number=75,226 progress=99.9% api_total=75,333
2026-08-05 13:29:57,636 INFO src.pipeline.kaggle_collect_openalex_sri_lanka: Saved Sri Lankan-affiliated work number=75,227 progress=99.9% api_total=75,333
2026-08-05 13:29:57,637 INFO src.pipeline.kaggle_collect_openalex_sri_lanka: Saved Sri Lankan-affiliated work number=75,228 progress=99.9% api_total=75,333
2026-08-05 13:29:57,637 INFO src.pipeline.kaggle_collect_openalex_sri_lanka: Saved Sri Lankan-affiliated work number=75,229 progress=99.9% api_total=75,333
2026-08-05 13:29:57,637 INFO src.pipeline.kaggle_collect_openalex_sri_lanka: Saved Sri Lankan-affiliated work number=75,230 progress=99.9% api_total=75,333
2026-08-05 13:29:57,638 INFO src.pipeline.kaggle_collect_openalex_sri_lanka: Saved Sri Lankan-affiliated work number=75,231 progress=99.9% api_total=75,333
2026-08-05 13:29:57,638 INFO src.pipeline.kaggle_collect_openalex_sri_lanka: Saved Sri Lankan-affiliated work number=75,232 progress=99.9% api_total=75,333
2026-08-05 13:29:57,638 INFO src.pipeline.kaggle_collect_openalex_sri_lanka: Saved Sri Lankan-affiliated work number=75,233 progress=99.9% api_total=75,333
2026-08-05 13:29:57,639 INFO src.pipeline.kaggle_collect_openalex_sri_lanka: Saved Sri Lankan-affiliated work number=75,234 progress=99.9% api_total=75,333
2026-08-05 13:29:57,639 INFO src.pipeline.kaggle_collect_openalex_sri_lanka: Saved Sri Lankan-affiliated work number=75,235 progress=99.9% api_total=75,333
2026-08-05 13:29:57,640 INFO src.pipeline.kaggle_collect_openalex_sri_lanka: Saved Sri Lankan-affiliated work number=75,236 progress=99.9% api_total=75,333
2026-08-05 13:29:57,640 INFO src.pipeline.kaggle_collect_openalex_sri_lanka: Saved Sri Lankan-affiliated work number=75,237 progress=99.9% api_total=75,333
2026-08-05 13:29:57,640 INFO src.pipeline.kaggle_collect_openalex_sri_lanka: Saved Sri Lankan-affiliated work number=75,238 progress=99.9% api_total=75,333
2026-08-05 13:30:04,062 INFO src.collectors.openalex_collector: Fetched OpenAlex page page=26/377 progress=6.9% fetched=200 kept=197 skipped=3 next_cursor=yes
2026-08-05 13:30:04,068 INFO src.pipeline.kaggle_collect_openalex_sri_lanka: Saved Sri Lankan-affiliated work number=75,239 progress=99.9% api_total=75,333
2026-08-05 13:30:04,068 INFO src.pipeline.kaggle_collect_openalex_sri_lanka: Saved Sri Lankan-affiliated work number=75,240 progress=99.9% api_total=75,333
2026-08-05 13:30:04,069 INFO src.pipeline.kaggle_collect_openalex_sri_lanka: Saved Sri Lankan-affiliated work number=75,241 progress=99.9% api_total=75,333
2026-08-05 13:30:04,069 INFO src.pipeline.kaggle_collect_openalex_sri_lanka: Saved Sri Lankan-affiliated work number=75,242 progress=99.9% api_total=75,333
2026-08-05 13:30:04,069 INFO src.pipeline.kaggle_collect_openalex_sri_lanka: Saved Sri Lankan-affiliated work number=75,243 progress=99.9% api_total=75,333
2026-08-05 13:30:04,070 INFO src.pipeline.kaggle_collect_openalex_sri_lanka: Saved Sri Lankan-affiliated work number=75,244 progress=99.9% api_total=75,333
2026-08-05 13:30:04,070 INFO src.pipeline.kaggle_collect_openalex_sri_lanka: Saved Sri Lankan-affiliated work number=75,245 progress=99.9% api_total=75,333
2026-08-05 13:30:04,070 INFO src.pipeline.kaggle_collect_openalex_sri_lanka: Saved Sri Lankan-affiliated work number=75,246 progress=99.9% api_total=75,333
2026-08-05 13:30:04,071 INFO src.pipeline.kaggle_collect_openalex_sri_lanka: Saved Sri Lankan-affiliated work number=75,247 progress=99.9% api_total=75,333
2026-08-05 13:30:04,071 INFO src.pipeline.kaggle_collect_openalex_sri_lanka: Saved Sri Lankan-affiliated work number=75,248 progress=99.9% api_total=75,333
2026-08-05 13:30:04,071 INFO src.pipeline.kaggle_collect_openalex_sri_lanka: Saved Sri Lankan-affiliated work number=75,249 progress=99.9% api_total=75,333
2026-08-05 13:30:04,072 INFO src.pipeline.kaggle_collect_openalex_sri_lanka: Saved Sri Lankan-affiliated work number=75,250 progress=99.9% api_total=75,333
2026-08-05 13:30:04,072 INFO src.pipeline.kaggle_collect_openalex_sri_lanka: Saved Sri Lankan-affiliated work number=75,251 progress=99.9% api_total=75,333
2026-08-05 13:30:04,072 INFO src.pipeline.kaggle_collect_openalex_sri_lanka: Saved Sri Lankan-affiliated work number=75,252 progress=99.9% api_total=75,333
2026-08-05 13:30:04,073 INFO src.pipeline.kaggle_collect_openalex_sri_lanka: Saved Sri Lankan-affiliated work number=75,253 progress=99.9% api_total=75,333
2026-08-05 13:30:04,073 INFO src.pipeline.kaggle_collect_openalex_sri_lanka: Saved Sri Lankan-affiliated work number=75,254 progress=99.9% api_total=75,333
2026-08-05 13:30:04,073 INFO src.pipeline.kaggle_collect_openalex_sri_lanka: Saved Sri Lankan-affiliated work number=75,255 progress=99.9% api_total=75,333
2026-08-05 13:30:04,074 INFO src.pipeline.kaggle_collect_openalex_sri_lanka: Saved Sri Lankan-affiliated work number=75,256 progress=99.9% api_total=75,333
2026-08-05 13:30:04,074 INFO src.pipeline.kaggle_collect_openalex_sri_lanka: Saved Sri Lankan-affiliated work number=75,257 progress=99.9% api_total=75,333
2026-08-05 13:30:04,074 INFO src.pipeline.kaggle_collect_openalex_sri_lanka: Saved Sri Lankan-affiliated work number=75,258 progress=99.9% api_total=75,333
2026-08-05 13:30:04,075 INFO src.pipeline.kaggle_collect_openalex_sri_lanka: Saved Sri Lankan-affiliated work number=75,259 progress=99.9% api_total=75,333
2026-08-05 13:30:04,075 INFO src.pipeline.kaggle_collect_openalex_sri_lanka: Saved Sri Lankan-affiliated work number=75,260 progress=99.9% api_total=75,333
2026-08-05 13:30:04,075 INFO src.pipeline.kaggle_collect_openalex_sri_lanka: Saved Sri Lankan-affiliated work number=75,261 progress=99.9% api_total=75,333
2026-08-05 13:30:04,076 INFO src.pipeline.kaggle_collect_openalex_sri_lanka: Saved Sri Lankan-affiliated work number=75,262 progress=99.9% api_total=75,333
2026-08-05 13:30:04,076 INFO src.pipeline.kaggle_collect_openalex_sri_lanka: Saved Sri Lankan-affiliated work number=75,263 progress=99.9% api_total=75,333
2026-08-05 13:30:04,076 INFO src.pipeline.kaggle_collect_openalex_sri_lanka: Saved Sri Lankan-affiliated work number=75,264 progress=99.9% api_total=75,333
2026-08-05 13:30:04,077 INFO src.pipeline.kaggle_collect_openalex_sri_lanka: Saved Sri Lankan-affiliated work number=75,265 progress=99.9% api_total=75,333
2026-08-05 13:30:04,077 INFO src.pipeline.kaggle_collect_openalex_sri_lanka: Saved Sri Lankan-affiliated work number=75,266 progress=99.9% api_total=75,333
2026-08-05 13:30:04,077 INFO src.pipeline.kaggle_collect_openalex_sri_lanka: Saved Sri Lankan-affiliated work number=75,267 progress=99.9% api_total=75,333
2026-08-05 13:30:04,078 INFO src.pipeline.kaggle_collect_openalex_sri_lanka: Saved Sri Lankan-affiliated work number=75,268 progress=99.9% api_total=75,333
2026-08-05 13:30:04,078 INFO src.pipeline.kaggle_collect_openalex_sri_lanka: Saved Sri Lankan-affiliated work number=75,269 progress=99.9% api_total=75,333
2026-08-05 13:30:04,078 INFO src.pipeline.kaggle_collect_openalex_sri_lanka: Saved Sri Lankan-affiliated work number=75,270 progress=99.9% api_total=75,333
2026-08-05 13:30:04,079 INFO src.pipeline.kaggle_collect_openalex_sri_lanka: Saved Sri Lankan-affiliated work number=75,271 progress=99.9% api_total=75,333
2026-08-05 13:30:04,079 INFO src.pipeline.kaggle_collect_openalex_sri_lanka: Saved Sri Lankan-affiliated work number=75,272 progress=99.9% api_total=75,333
2026-08-05 13:30:04,080 INFO src.pipeline.kaggle_collect_openalex_sri_lanka: Saved Sri Lankan-affiliated work number=75,273 progress=99.9% api_total=75,333
2026-08-05 13:30:04,080 INFO src.pipeline.kaggle_collect_openalex_sri_lanka: Saved Sri Lankan-affiliated work number=75,274 progress=99.9% api_total=75,333
2026-08-05 13:30:04,080 INFO src.pipeline.kaggle_collect_openalex_sri_lanka: Saved Sri Lankan-affiliated work number=75,275 progress=99.9% api_total=75,333
2026-08-05 13:30:04,081 INFO src.pipeline.kaggle_collect_openalex_sri_lanka: Saved Sri Lankan-affiliated work number=75,276 progress=99.9% api_total=75,333
2026-08-05 13:30:04,081 INFO src.pipeline.kaggle_collect_openalex_sri_lanka: Saved Sri Lankan-affiliated work number=75,277 progress=99.9% api_total=75,333
2026-08-05 13:30:04,081 INFO src.pipeline.kaggle_collect_openalex_sri_lanka: Saved Sri Lankan-affiliated work number=75,278 progress=99.9% api_total=75,333
2026-08-05 13:30:04,081 INFO src.pipeline.kaggle_collect_openalex_sri_lanka: Saved Sri Lankan-affiliated work number=75,279 progress=99.9% api_total=75,333
2026-08-05 13:30:04,082 INFO src.pipeline.kaggle_collect_openalex_sri_lanka: Saved Sri Lankan-affiliated work number=75,280 progress=99.9% api_total=75,333
2026-08-05 13:30:04,082 INFO src.pipeline.kaggle_collect_openalex_sri_lanka: Saved Sri Lankan-affiliated work number=75,281 progress=99.9% api_total=75,333
2026-08-05 13:30:04,083 INFO src.pipeline.kaggle_collect_openalex_sri_lanka: Saved Sri Lankan-affiliated work number=75,282 progress=99.9% api_total=75,333
2026-08-05 13:30:04,083 INFO src.pipeline.kaggle_collect_openalex_sri_lanka: Saved Sri Lankan-affiliated work number=75,283 progress=99.9% api_total=75,333
2026-08-05 13:30:04,083 INFO src.pipeline.kaggle_collect_openalex_sri_lanka: Saved Sri Lankan-affiliated work number=75,284 progress=99.9% api_total=75,333
2026-08-05 13:30:04,084 INFO src.pipeline.kaggle_collect_openalex_sri_lanka: Saved Sri Lankan-affiliated work number=75,285 progress=99.9% api_total=75,333
2026-08-05 13:30:04,084 INFO src.pipeline.kaggle_collect_openalex_sri_lanka: Saved Sri Lankan-affiliated work number=75,286 progress=99.9% api_total=75,333
2026-08-05 13:30:04,085 INFO src.pipeline.kaggle_collect_openalex_sri_lanka: Saved Sri Lankan-affiliated work number=75,287 progress=99.9% api_total=75,333
2026-08-05 13:30:04,085 INFO src.pipeline.kaggle_collect_openalex_sri_lanka: Saved Sri Lankan-affiliated work number=75,288 progress=99.9% api_total=75,333
2026-08-05 13:30:04,086 INFO src.pipeline.kaggle_collect_openalex_sri_lanka: Saved Sri Lankan-affiliated work number=75,289 progress=99.9% api_total=75,333
2026-08-05 13:30:04,086 INFO src.pipeline.kaggle_collect_openalex_sri_lanka: Saved Sri Lankan-affiliated work number=75,290 progress=99.9% api_total=75,333
2026-08-05 13:30:04,086 INFO src.pipeline.kaggle_collect_openalex_sri_lanka: Saved Sri Lankan-affiliated work number=75,291 progress=99.9% api_total=75,333
2026-08-05 13:30:04,087 INFO src.pipeline.kaggle_collect_openalex_sri_lanka: Saved Sri Lankan-affiliated work number=75,292 progress=99.9% api_total=75,333
2026-08-05 13:30:04,087 INFO src.pipeline.kaggle_collect_openalex_sri_lanka: Saved Sri Lankan-affiliated work number=75,293 progress=99.9% api_total=75,333
2026-08-05 13:30:04,087 INFO src.pipeline.kaggle_collect_openalex_sri_lanka: Saved Sri Lankan-affiliated work number=75,294 progress=99.9% api_total=75,333
2026-08-05 13:30:04,087 INFO src.pipeline.kaggle_collect_openalex_sri_lanka: Saved Sri Lankan-affiliated work number=75,295 progress=99.9% api_total=75,333
2026-08-05 13:30:04,088 INFO src.pipeline.kaggle_collect_openalex_sri_lanka: Saved Sri Lankan-affiliated work number=75,296 progress=100.0% api_total=75,333
2026-08-05 13:30:04,088 INFO src.pipeline.kaggle_collect_openalex_sri_lanka: Saved Sri Lankan-affiliated work number=75,297 progress=100.0% api_total=75,333
2026-08-05 13:30:04,089 INFO src.pipeline.kaggle_collect_openalex_sri_lanka: Saved Sri Lankan-affiliated work number=75,298 progress=100.0% api_total=75,333
2026-08-05 13:30:04,090 INFO src.pipeline.kaggle_collect_openalex_sri_lanka: Saved Sri Lankan-affiliated work number=75,299 progress=100.0% api_total=75,333
2026-08-05 13:30:04,090 INFO src.pipeline.kaggle_collect_openalex_sri_lanka: Saved Sri Lankan-affiliated work number=75,300 progress=100.0% api_total=75,333
2026-08-05 13:30:04,090 INFO src.pipeline.kaggle_collect_openalex_sri_lanka: Saved Sri Lankan-affiliated work number=75,301 progress=100.0% api_total=75,333
2026-08-05 13:30:04,091 INFO src.pipeline.kaggle_collect_openalex_sri_lanka: Saved Sri Lankan-affiliated work number=75,302 progress=100.0% api_total=75,333
2026-08-05 13:30:04,091 INFO src.pipeline.kaggle_collect_openalex_sri_lanka: Saved Sri Lankan-affiliated work number=75,303 progress=100.0% api_total=75,333
2026-08-05 13:30:04,091 INFO src.pipeline.kaggle_collect_openalex_sri_lanka: Saved Sri Lankan-affiliated work number=75,304 progress=100.0% api_total=75,333
2026-08-05 13:30:04,092 INFO src.pipeline.kaggle_collect_openalex_sri_lanka: Saved Sri Lankan-affiliated work number=75,305 progress=100.0% api_total=75,333
2026-08-05 13:30:04,092 INFO src.pipeline.kaggle_collect_openalex_sri_lanka: Saved Sri Lankan-affiliated work number=75,306 progress=100.0% api_total=75,333
2026-08-05 13:30:04,092 INFO src.pipeline.kaggle_collect_openalex_sri_lanka: Saved Sri Lankan-affiliated work number=75,307 progress=100.0% api_total=75,333
2026-08-05 13:30:04,093 INFO src.pipeline.kaggle_collect_openalex_sri_lanka: Saved Sri Lankan-affiliated work number=75,308 progress=100.0% api_total=75,333
2026-08-05 13:30:04,093 INFO src.pipeline.kaggle_collect_openalex_sri_lanka: Saved Sri Lankan-affiliated work number=75,309 progress=100.0% api_total=75,333
2026-08-05 13:30:04,094 INFO src.pipeline.kaggle_collect_openalex_sri_lanka: Saved Sri Lankan-affiliated work number=75,310 progress=100.0% api_total=75,333
2026-08-05 13:30:04,094 INFO src.pipeline.kaggle_collect_openalex_sri_lanka: Saved Sri Lankan-affiliated work number=75,311 progress=100.0% api_total=75,333
2026-08-05 13:30:04,094 INFO src.pipeline.kaggle_collect_openalex_sri_lanka: Saved Sri Lankan-affiliated work number=75,312 progress=100.0% api_total=75,333
2026-08-05 13:30:04,095 INFO src.pipeline.kaggle_collect_openalex_sri_lanka: Saved Sri Lankan-affiliated work number=75,313 progress=100.0% api_total=75,333
2026-08-05 13:30:04,095 INFO src.pipeline.kaggle_collect_openalex_sri_lanka: Saved Sri Lankan-affiliated work number=75,314 progress=100.0% api_total=75,333
2026-08-05 13:30:04,095 INFO src.pipeline.kaggle_collect_openalex_sri_lanka: Saved Sri Lankan-affiliated work number=75,315 progress=100.0% api_total=75,333
2026-08-05 13:30:04,096 INFO src.pipeline.kaggle_collect_openalex_sri_lanka: Saved Sri Lankan-affiliated work number=75,316 progress=100.0% api_total=75,333
2026-08-05 13:30:04,096 INFO src.pipeline.kaggle_collect_openalex_sri_lanka: Saved Sri Lankan-affiliated work number=75,317 progress=100.0% api_total=75,333
2026-08-05 13:30:04,097 INFO src.pipeline.kaggle_collect_openalex_sri_lanka: Saved Sri Lankan-affiliated work number=75,318 progress=100.0% api_total=75,333
2026-08-05 13:30:04,097 INFO src.pipeline.kaggle_collect_openalex_sri_lanka: Saved Sri Lankan-affiliated work number=75,319 progress=100.0% api_total=75,333
2026-08-05 13:30:04,097 INFO src.pipeline.kaggle_collect_openalex_sri_lanka: Saved Sri Lankan-affiliated work number=75,320 progress=100.0% api_total=75,333
2026-08-05 13:30:04,097 INFO src.pipeline.kaggle_collect_openalex_sri_lanka: Saved Sri Lankan-affiliated work number=75,321 progress=100.0% api_total=75,333
2026-08-05 13:30:04,098 INFO src.pipeline.kaggle_collect_openalex_sri_lanka: Saved Sri Lankan-affiliated work number=75,322 progress=100.0% api_total=75,333
2026-08-05 13:30:04,098 INFO src.pipeline.kaggle_collect_openalex_sri_lanka: Saved Sri Lankan-affiliated work number=75,323 progress=100.0% api_total=75,333
2026-08-05 13:30:04,098 INFO src.pipeline.kaggle_collect_openalex_sri_lanka: Saved Sri Lankan-affiliated work number=75,324 progress=100.0% api_total=75,333
2026-08-05 13:30:04,099 INFO src.pipeline.kaggle_collect_openalex_sri_lanka: Saved Sri Lankan-affiliated work number=75,325 progress=100.0% api_total=75,333
2026-08-05 13:30:04,099 INFO src.pipeline.kaggle_collect_openalex_sri_lanka: Saved Sri Lankan-affiliated work number=75,326 progress=100.0% api_total=75,333
2026-08-05 13:30:04,100 INFO src.pipeline.kaggle_collect_openalex_sri_lanka: Saved Sri Lankan-affiliated work number=75,327 progress=100.0% api_total=75,333
2026-08-05 13:30:04,101 INFO src.pipeline.kaggle_collect_openalex_sri_lanka: Saved Sri Lankan-affiliated work number=75,328 progress=100.0% api_total=75,333
2026-08-05 13:30:04,101 INFO src.pipeline.kaggle_collect_openalex_sri_lanka: Saved Sri Lankan-affiliated work number=75,329 progress=100.0% api_total=75,333
2026-08-05 13:30:04,102 INFO src.pipeline.kaggle_collect_openalex_sri_lanka: Saved Sri Lankan-affiliated work number=75,330 progress=100.0% api_total=75,333
2026-08-05 13:30:04,102 INFO src.pipeline.kaggle_collect_openalex_sri_lanka: Saved Sri Lankan-affiliated work number=75,331 progress=100.0% api_total=75,333
2026-08-05 13:30:04,102 INFO src.pipeline.kaggle_collect_openalex_sri_lanka: Saved Sri Lankan-affiliated work number=75,332 progress=100.0% api_total=75,333
2026-08-05 13:30:04,103 INFO src.pipeline.kaggle_collect_openalex_sri_lanka: Saved Sri Lankan-affiliated work number=75,333 progress=100.0% api_total=75,333
2026-08-05 13:30:04,103 INFO src.pipeline.kaggle_collect_openalex_sri_lanka: Saved Sri Lankan-affiliated work number=75,334 progress=100.0% api_total=75,333
2026-08-05 13:30:04,103 INFO src.pipeline.kaggle_collect_openalex_sri_lanka: Saved Sri Lankan-affiliated work number=75,335 progress=100.0% api_total=75,333
2026-08-05 13:30:04,104 INFO src.pipeline.kaggle_collect_openalex_sri_lanka: Saved Sri Lankan-affiliated work number=75,336 progress=100.0% api_total=75,333
2026-08-05 13:30:04,104 INFO src.pipeline.kaggle_collect_openalex_sri_lanka: Saved Sri Lankan-affiliated work number=75,337 progress=100.0% api_total=75,333
2026-08-05 13:30:04,105 INFO src.pipeline.kaggle_collect_openalex_sri_lanka: Saved Sri Lankan-affiliated work number=75,338 progress=100.0% api_total=75,333
2026-08-05 13:30:04,105 INFO src.pipeline.kaggle_collect_openalex_sri_lanka: Saved Sri Lankan-affiliated work number=75,339 progress=100.0% api_total=75,333
2026-08-05 13:30:04,106 INFO src.pipeline.kaggle_collect_openalex_sri_lanka: Saved Sri Lankan-affiliated work number=75,340 progress=100.0% api_total=75,333
2026-08-05 13:30:04,106 INFO src.pipeline.kaggle_collect_openalex_sri_lanka: Saved Sri Lankan-affiliated work number=75,341 progress=100.0% api_total=75,333
2026-08-05 13:30:04,106 INFO src.pipeline.kaggle_collect_openalex_sri_lanka: Saved Sri Lankan-affiliated work number=75,342 progress=100.0% api_total=75,333
2026-08-05 13:30:04,107 INFO src.pipeline.kaggle_collect_openalex_sri_lanka: Saved Sri Lankan-affiliated work number=75,343 progress=100.0% api_total=75,333
2026-08-05 13:30:04,107 INFO src.pipeline.kaggle_collect_openalex_sri_lanka: Saved Sri Lankan-affiliated work number=75,344 progress=100.0% api_total=75,333
2026-08-05 13:30:04,107 INFO src.pipeline.kaggle_collect_openalex_sri_lanka: Saved Sri Lankan-affiliated work number=75,345 progress=100.0% api_total=75,333
2026-08-05 13:30:04,108 INFO src.pipeline.kaggle_collect_openalex_sri_lanka: Saved Sri Lankan-affiliated work number=75,346 progress=100.0% api_total=75,333
2026-08-05 13:30:04,108 INFO src.pipeline.kaggle_collect_openalex_sri_lanka: Saved Sri Lankan-affiliated work number=75,347 progress=100.0% api_total=75,333
2026-08-05 13:30:04,109 INFO src.pipeline.kaggle_collect_openalex_sri_lanka: Saved Sri Lankan-affiliated work number=75,348 progress=100.0% api_total=75,333
2026-08-05 13:30:04,109 INFO src.pipeline.kaggle_collect_openalex_sri_lanka: Saved Sri Lankan-affiliated work number=75,349 progress=100.0% api_total=75,333
2026-08-05 13:30:04,110 INFO src.pipeline.kaggle_collect_openalex_sri_lanka: Saved Sri Lankan-affiliated work number=75,350 progress=100.0% api_total=75,333
2026-08-05 13:30:04,110 INFO src.pipeline.kaggle_collect_openalex_sri_lanka: Saved Sri Lankan-affiliated work number=75,351 progress=100.0% api_total=75,333
2026-08-05 13:30:04,110 INFO src.pipeline.kaggle_collect_openalex_sri_lanka: Saved Sri Lankan-affiliated work number=75,352 progress=100.0% api_total=75,333
2026-08-05 13:30:04,111 INFO src.pipeline.kaggle_collect_openalex_sri_lanka: Saved Sri Lankan-affiliated work number=75,353 progress=100.0% api_total=75,333
2026-08-05 13:30:04,111 INFO src.pipeline.kaggle_collect_openalex_sri_lanka: Saved Sri Lankan-affiliated work number=75,354 progress=100.0% api_total=75,333
2026-08-05 13:30:04,111 INFO src.pipeline.kaggle_collect_openalex_sri_lanka: Saved Sri Lankan-affiliated work number=75,355 progress=100.0% api_total=75,333
2026-08-05 13:30:04,112 INFO src.pipeline.kaggle_collect_openalex_sri_lanka: Saved Sri Lankan-affiliated work number=75,356 progress=100.0% api_total=75,333
2026-08-05 13:30:04,112 INFO src.pipeline.kaggle_collect_openalex_sri_lanka: Saved Sri Lankan-affiliated work number=75,357 progress=100.0% api_total=75,333
2026-08-05 13:30:04,112 INFO src.pipeline.kaggle_collect_openalex_sri_lanka: Saved Sri Lankan-affiliated work number=75,358 progress=100.0% api_total=75,333
2026-08-05 13:30:04,113 INFO src.pipeline.kaggle_collect_openalex_sri_lanka: Saved Sri Lankan-affiliated work number=75,359 progress=100.0% api_total=75,333
2026-08-05 13:30:04,113 INFO src.pipeline.kaggle_collect_openalex_sri_lanka: Saved Sri Lankan-affiliated work number=75,360 progress=100.0% api_total=75,333
2026-08-05 13:30:04,114 INFO src.pipeline.kaggle_collect_openalex_sri_lanka: Saved Sri Lankan-affiliated work number=75,361 progress=100.0% api_total=75,333
2026-08-05 13:30:04,114 INFO src.pipeline.kaggle_collect_openalex_sri_lanka: Saved Sri Lankan-affiliated work number=75,362 progress=100.0% api_total=75,333
2026-08-05 13:30:04,114 INFO src.pipeline.kaggle_collect_openalex_sri_lanka: Saved Sri Lankan-affiliated work number=75,363 progress=100.0% api_total=75,333
2026-08-05 13:30:04,115 INFO src.pipeline.kaggle_collect_openalex_sri_lanka: Saved Sri Lankan-affiliated work number=75,364 progress=100.0% api_total=75,333
2026-08-05 13:30:04,115 INFO src.pipeline.kaggle_collect_openalex_sri_lanka: Saved Sri Lankan-affiliated work number=75,365 progress=100.0% api_total=75,333
2026-08-05 13:30:04,116 INFO src.pipeline.kaggle_collect_openalex_sri_lanka: Saved Sri Lankan-affiliated work number=75,366 progress=100.0% api_total=75,333
2026-08-05 13:30:04,117 INFO src.pipeline.kaggle_collect_openalex_sri_lanka: Saved Sri Lankan-affiliated work number=75,367 progress=100.0% api_total=75,333
2026-08-05 13:30:04,117 INFO src.pipeline.kaggle_collect_openalex_sri_lanka: Saved Sri Lankan-affiliated work number=75,368 progress=100.0% api_total=75,333
2026-08-05 13:30:04,118 INFO src.pipeline.kaggle_collect_openalex_sri_lanka: Saved Sri Lankan-affiliated work number=75,369 progress=100.0% api_total=75,333
2026-08-05 13:30:04,118 INFO src.pipeline.kaggle_collect_openalex_sri_lanka: Saved Sri Lankan-affiliated work number=75,370 progress=100.0% api_total=75,333
2026-08-05 13:30:04,118 INFO src.pipeline.kaggle_collect_openalex_sri_lanka: Saved Sri Lankan-affiliated work number=75,371 progress=100.0% api_total=75,333
2026-08-05 13:30:04,119 INFO src.pipeline.kaggle_collect_openalex_sri_lanka: Saved Sri Lankan-affiliated work number=75,372 progress=100.0% api_total=75,333
2026-08-05 13:30:04,119 INFO src.pipeline.kaggle_collect_openalex_sri_lanka: Saved Sri Lankan-affiliated work number=75,373 progress=100.0% api_total=75,333
2026-08-05 13:30:04,119 INFO src.pipeline.kaggle_collect_openalex_sri_lanka: Saved Sri Lankan-affiliated work number=75,374 progress=100.0% api_total=75,333
2026-08-05 13:30:04,120 INFO src.pipeline.kaggle_collect_openalex_sri_lanka: Saved Sri Lankan-affiliated work number=75,375 progress=100.0% api_total=75,333
2026-08-05 13:30:04,120 INFO src.pipeline.kaggle_collect_openalex_sri_lanka: Saved Sri Lankan-affiliated work number=75,376 progress=100.0% api_total=75,333
2026-08-05 13:30:04,120 INFO src.pipeline.kaggle_collect_openalex_sri_lanka: Saved Sri Lankan-affiliated work number=75,377 progress=100.0% api_total=75,333
2026-08-05 13:30:04,121 INFO src.pipeline.kaggle_collect_openalex_sri_lanka: Saved Sri Lankan-affiliated work number=75,378 progress=100.0% api_total=75,333
2026-08-05 13:30:04,121 INFO src.pipeline.kaggle_collect_openalex_sri_lanka: Saved Sri Lankan-affiliated work number=75,379 progress=100.0% api_total=75,333
2026-08-05 13:30:04,121 INFO src.pipeline.kaggle_collect_openalex_sri_lanka: Saved Sri Lankan-affiliated work number=75,380 progress=100.0% api_total=75,333
2026-08-05 13:30:04,122 INFO src.pipeline.kaggle_collect_openalex_sri_lanka: Saved Sri Lankan-affiliated work number=75,381 progress=100.0% api_total=75,333
2026-08-05 13:30:04,122 INFO src.pipeline.kaggle_collect_openalex_sri_lanka: Saved Sri Lankan-affiliated work number=75,382 progress=100.0% api_total=75,333
2026-08-05 13:30:04,123 INFO src.pipeline.kaggle_collect_openalex_sri_lanka: Saved Sri Lankan-affiliated work number=75,383 progress=100.0% api_total=75,333
2026-08-05 13:30:04,123 INFO src.pipeline.kaggle_collect_openalex_sri_lanka: Saved Sri Lankan-affiliated work number=75,384 progress=100.0% api_total=75,333
2026-08-05 13:30:04,123 INFO src.pipeline.kaggle_collect_openalex_sri_lanka: Saved Sri Lankan-affiliated work number=75,385 progress=100.0% api_total=75,333
2026-08-05 13:30:04,124 INFO src.pipeline.kaggle_collect_openalex_sri_lanka: Saved Sri Lankan-affiliated work number=75,386 progress=100.0% api_total=75,333
2026-08-05 13:30:04,124 INFO src.pipeline.kaggle_collect_openalex_sri_lanka: Saved Sri Lankan-affiliated work number=75,387 progress=100.0% api_total=75,333
2026-08-05 13:30:04,124 INFO src.pipeline.kaggle_collect_openalex_sri_lanka: Saved Sri Lankan-affiliated work number=75,388 progress=100.0% api_total=75,333
2026-08-05 13:30:04,125 INFO src.pipeline.kaggle_collect_openalex_sri_lanka: Saved Sri Lankan-affiliated work number=75,389 progress=100.0% api_total=75,333
2026-08-05 13:30:04,125 INFO src.pipeline.kaggle_collect_openalex_sri_lanka: Saved Sri Lankan-affiliated work number=75,390 progress=100.0% api_total=75,333
2026-08-05 13:30:04,126 INFO src.pipeline.kaggle_collect_openalex_sri_lanka: Saved Sri Lankan-affiliated work number=75,391 progress=100.0% api_total=75,333
2026-08-05 13:30:04,126 INFO src.pipeline.kaggle_collect_openalex_sri_lanka: Saved Sri Lankan-affiliated work number=75,392 progress=100.0% api_total=75,333
2026-08-05 13:30:04,127 INFO src.pipeline.kaggle_collect_openalex_sri_lanka: Saved Sri Lankan-affiliated work number=75,393 progress=100.0% api_total=75,333
2026-08-05 13:30:04,127 INFO src.pipeline.kaggle_collect_openalex_sri_lanka: Saved Sri Lankan-affiliated work number=75,394 progress=100.0% api_total=75,333
2026-08-05 13:30:04,127 INFO src.pipeline.kaggle_collect_openalex_sri_lanka: Saved Sri Lankan-affiliated work number=75,395 progress=100.0% api_total=75,333
2026-08-05 13:30:04,128 INFO src.pipeline.kaggle_collect_openalex_sri_lanka: Saved Sri Lankan-affiliated work number=75,396 progress=100.0% api_total=75,333
2026-08-05 13:30:04,128 INFO src.pipeline.kaggle_collect_openalex_sri_lanka: Saved Sri Lankan-affiliated work number=75,397 progress=100.0% api_total=75,333
2026-08-05 13:30:04,129 INFO src.pipeline.kaggle_collect_openalex_sri_lanka: Saved Sri Lankan-affiliated work number=75,398 progress=100.0% api_total=75,333
2026-08-05 13:30:04,129 INFO src.pipeline.kaggle_collect_openalex_sri_lanka: Saved Sri Lankan-affiliated work number=75,399 progress=100.0% api_total=75,333
2026-08-05 13:30:04,130 INFO src.pipeline.kaggle_collect_openalex_sri_lanka: Saved Sri Lankan-affiliated work number=75,400 progress=100.0% api_total=75,333
2026-08-05 13:30:04,130 INFO src.pipeline.kaggle_collect_openalex_sri_lanka: Saved Sri Lankan-affiliated work number=75,401 progress=100.0% api_total=75,333
2026-08-05 13:30:04,130 INFO src.pipeline.kaggle_collect_openalex_sri_lanka: Saved Sri Lankan-affiliated work number=75,402 progress=100.0% api_total=75,333
2026-08-05 13:30:04,131 INFO src.pipeline.kaggle_collect_openalex_sri_lanka: Saved Sri Lankan-affiliated work number=75,403 progress=100.0% api_total=75,333
2026-08-05 13:30:04,131 INFO src.pipeline.kaggle_collect_openalex_sri_lanka: Saved Sri Lankan-affiliated work number=75,404 progress=100.0% api_total=75,333
2026-08-05 13:30:04,131 INFO src.pipeline.kaggle_collect_openalex_sri_lanka: Saved Sri Lankan-affiliated work number=75,405 progress=100.0% api_total=75,333
2026-08-05 13:30:04,132 INFO src.pipeline.kaggle_collect_openalex_sri_lanka: Saved Sri Lankan-affiliated work number=75,406 progress=100.0% api_total=75,333
2026-08-05 13:30:04,132 INFO src.pipeline.kaggle_collect_openalex_sri_lanka: Saved Sri Lankan-affiliated work number=75,407 progress=100.0% api_total=75,333
2026-08-05 13:30:04,133 INFO src.pipeline.kaggle_collect_openalex_sri_lanka: Saved Sri Lankan-affiliated work number=75,408 progress=100.0% api_total=75,333
2026-08-05 13:30:04,133 INFO src.pipeline.kaggle_collect_openalex_sri_lanka: Saved Sri Lankan-affiliated work number=75,409 progress=100.0% api_total=75,333
2026-08-05 13:30:04,134 INFO src.pipeline.kaggle_collect_openalex_sri_lanka: Saved Sri Lankan-affiliated work number=75,410 progress=100.0% api_total=75,333
2026-08-05 13:30:04,134 INFO src.pipeline.kaggle_collect_openalex_sri_lanka: Saved Sri Lankan-affiliated work number=75,411 progress=100.0% api_total=75,333
2026-08-05 13:30:04,135 INFO src.pipeline.kaggle_collect_openalex_sri_lanka: Saved Sri Lankan-affiliated work number=75,412 progress=100.0% api_total=75,333
2026-08-05 13:30:04,135 INFO src.pipeline.kaggle_collect_openalex_sri_lanka: Saved Sri Lankan-affiliated work number=75,413 progress=100.0% api_total=75,333
2026-08-05 13:30:04,136 INFO src.pipeline.kaggle_collect_openalex_sri_lanka: Saved Sri Lankan-affiliated work number=75,414 progress=100.0% api_total=75,333
2026-08-05 13:30:04,136 INFO src.pipeline.kaggle_collect_openalex_sri_lanka: Saved Sri Lankan-affiliated work number=75,415 progress=100.0% api_total=75,333
2026-08-05 13:30:04,136 INFO src.pipeline.kaggle_collect_openalex_sri_lanka: Saved Sri Lankan-affiliated work number=75,416 progress=100.0% api_total=75,333
2026-08-05 13:30:04,137 INFO src.pipeline.kaggle_collect_openalex_sri_lanka: Saved Sri Lankan-affiliated work number=75,417 progress=100.0% api_total=75,333
2026-08-05 13:30:04,137 INFO src.pipeline.kaggle_collect_openalex_sri_lanka: Saved Sri Lankan-affiliated work number=75,418 progress=100.0% api_total=75,333
2026-08-05 13:30:04,137 INFO src.pipeline.kaggle_collect_openalex_sri_lanka: Saved Sri Lankan-affiliated work number=75,419 progress=100.0% api_total=75,333
2026-08-05 13:30:04,138 INFO src.pipeline.kaggle_collect_openalex_sri_lanka: Saved Sri Lankan-affiliated work number=75,420 progress=100.0% api_total=75,333
2026-08-05 13:30:04,138 INFO src.pipeline.kaggle_collect_openalex_sri_lanka: Saved Sri Lankan-affiliated work number=75,421 progress=100.0% api_total=75,333
2026-08-05 13:30:04,139 INFO src.pipeline.kaggle_collect_openalex_sri_lanka: Saved Sri Lankan-affiliated work number=75,422 progress=100.0% api_total=75,333
2026-08-05 13:30:04,139 INFO src.pipeline.kaggle_collect_openalex_sri_lanka: Saved Sri Lankan-affiliated work number=75,423 progress=100.0% api_total=75,333
2026-08-05 13:30:04,139 INFO src.pipeline.kaggle_collect_openalex_sri_lanka: Saved Sri Lankan-affiliated work number=75,424 progress=100.0% api_total=75,333
2026-08-05 13:30:04,140 INFO src.pipeline.kaggle_collect_openalex_sri_lanka: Saved Sri Lankan-affiliated work number=75,425 progress=100.0% api_total=75,333
2026-08-05 13:30:04,140 INFO src.pipeline.kaggle_collect_openalex_sri_lanka: Saved Sri Lankan-affiliated work number=75,426 progress=100.0% api_total=75,333
2026-08-05 13:30:04,140 INFO src.pipeline.kaggle_collect_openalex_sri_lanka: Saved Sri Lankan-affiliated work number=75,427 progress=100.0% api_total=75,333
2026-08-05 13:30:04,141 INFO src.pipeline.kaggle_collect_openalex_sri_lanka: Saved Sri Lankan-affiliated work number=75,428 progress=100.0% api_total=75,333
2026-08-05 13:30:04,141 INFO src.pipeline.kaggle_collect_openalex_sri_lanka: Saved Sri Lankan-affiliated work number=75,429 progress=100.0% api_total=75,333
2026-08-05 13:30:04,141 INFO src.pipeline.kaggle_collect_openalex_sri_lanka: Saved Sri Lankan-affiliated work number=75,430 progress=100.0% api_total=75,333
2026-08-05 13:30:04,142 INFO src.pipeline.kaggle_collect_openalex_sri_lanka: Saved Sri Lankan-affiliated work number=75,431 progress=100.0% api_total=75,333
2026-08-05 13:30:04,143 INFO src.pipeline.kaggle_collect_openalex_sri_lanka: Saved Sri Lankan-affiliated work number=75,432 progress=100.0% api_total=75,333
2026-08-05 13:30:04,144 INFO src.pipeline.kaggle_collect_openalex_sri_lanka: Saved Sri Lankan-affiliated work number=75,433 progress=100.0% api_total=75,333
2026-08-05 13:30:04,144 INFO src.pipeline.kaggle_collect_openalex_sri_lanka: Saved Sri Lankan-affiliated work number=75,434 progress=100.0% api_total=75,333
2026-08-05 13:30:04,145 INFO src.pipeline.kaggle_collect_openalex_sri_lanka: Saved Sri Lankan-affiliated work number=75,435 progress=100.0% api_total=75,333
2026-08-05 13:30:07,533 INFO src.collectors.openalex_collector: Fetched OpenAlex page page=27/377 progress=7.2% fetched=133 kept=132 skipped=1 next_cursor=no
2026-08-05 13:30:07,539 INFO src.pipeline.kaggle_collect_openalex_sri_lanka: Saved Sri Lankan-affiliated work number=75,436 progress=100.0% api_total=75,333
2026-08-05 13:30:07,539 INFO src.pipeline.kaggle_collect_openalex_sri_lanka: Saved Sri Lankan-affiliated work number=75,437 progress=100.0% api_total=75,333
2026-08-05 13:30:07,540 INFO src.pipeline.kaggle_collect_openalex_sri_lanka: Saved Sri Lankan-affiliated work number=75,438 progress=100.0% api_total=75,333
2026-08-05 13:30:07,540 INFO src.pipeline.kaggle_collect_openalex_sri_lanka: Saved Sri Lankan-affiliated work number=75,439 progress=100.0% api_total=75,333
2026-08-05 13:30:07,540 INFO src.pipeline.kaggle_collect_openalex_sri_lanka: Saved Sri Lankan-affiliated work number=75,440 progress=100.0% api_total=75,333
2026-08-05 13:30:07,540 INFO src.pipeline.kaggle_collect_openalex_sri_lanka: Saved Sri Lankan-affiliated work number=75,441 progress=100.0% api_total=75,333
2026-08-05 13:30:07,541 INFO src.pipeline.kaggle_collect_openalex_sri_lanka: Saved Sri Lankan-affiliated work number=75,442 progress=100.0% api_total=75,333
2026-08-05 13:30:07,541 INFO src.pipeline.kaggle_collect_openalex_sri_lanka: Saved Sri Lankan-affiliated work number=75,443 progress=100.0% api_total=75,333
2026-08-05 13:30:07,542 INFO src.pipeline.kaggle_collect_openalex_sri_lanka: Saved Sri Lankan-affiliated work number=75,444 progress=100.0% api_total=75,333
2026-08-05 13:30:07,542 INFO src.pipeline.kaggle_collect_openalex_sri_lanka: Saved Sri Lankan-affiliated work number=75,445 progress=100.0% api_total=75,333
2026-08-05 13:30:07,542 INFO src.pipeline.kaggle_collect_openalex_sri_lanka: Saved Sri Lankan-affiliated work number=75,446 progress=100.0% api_total=75,333
2026-08-05 13:30:07,543 INFO src.pipeline.kaggle_collect_openalex_sri_lanka: Saved Sri Lankan-affiliated work number=75,447 progress=100.0% api_total=75,333
2026-08-05 13:30:07,543 INFO src.pipeline.kaggle_collect_openalex_sri_lanka: Saved Sri Lankan-affiliated work number=75,448 progress=100.0% api_total=75,333
2026-08-05 13:30:07,543 INFO src.pipeline.kaggle_collect_openalex_sri_lanka: Saved Sri Lankan-affiliated work number=75,449 progress=100.0% api_total=75,333
2026-08-05 13:30:07,544 INFO src.pipeline.kaggle_collect_openalex_sri_lanka: Saved Sri Lankan-affiliated work number=75,450 progress=100.0% api_total=75,333
2026-08-05 13:30:07,544 INFO src.pipeline.kaggle_collect_openalex_sri_lanka: Saved Sri Lankan-affiliated work number=75,451 progress=100.0% api_total=75,333
2026-08-05 13:30:07,544 INFO src.pipeline.kaggle_collect_openalex_sri_lanka: Saved Sri Lankan-affiliated work number=75,452 progress=100.0% api_total=75,333
2026-08-05 13:30:07,544 INFO src.pipeline.kaggle_collect_openalex_sri_lanka: Saved Sri Lankan-affiliated work number=75,453 progress=100.0% api_total=75,333
2026-08-05 13:30:07,545 INFO src.pipeline.kaggle_collect_openalex_sri_lanka: Saved Sri Lankan-affiliated work number=75,454 progress=100.0% api_total=75,333
2026-08-05 13:30:07,545 INFO src.pipeline.kaggle_collect_openalex_sri_lanka: Saved Sri Lankan-affiliated work number=75,455 progress=100.0% api_total=75,333
2026-08-05 13:30:07,546 INFO src.pipeline.kaggle_collect_openalex_sri_lanka: Saved Sri Lankan-affiliated work number=75,456 progress=100.0% api_total=75,333
2026-08-05 13:30:07,546 INFO src.pipeline.kaggle_collect_openalex_sri_lanka: Saved Sri Lankan-affiliated work number=75,457 progress=100.0% api_total=75,333
2026-08-05 13:30:07,546 INFO src.pipeline.kaggle_collect_openalex_sri_lanka: Saved Sri Lankan-affiliated work number=75,458 progress=100.0% api_total=75,333
2026-08-05 13:30:07,546 INFO src.pipeline.kaggle_collect_openalex_sri_lanka: Saved Sri Lankan-affiliated work number=75,459 progress=100.0% api_total=75,333
2026-08-05 13:30:07,547 INFO src.pipeline.kaggle_collect_openalex_sri_lanka: Saved Sri Lankan-affiliated work number=75,460 progress=100.0% api_total=75,333
2026-08-05 13:30:07,547 INFO src.pipeline.kaggle_collect_openalex_sri_lanka: Saved Sri Lankan-affiliated work number=75,461 progress=100.0% api_total=75,333
2026-08-05 13:30:07,548 INFO src.pipeline.kaggle_collect_openalex_sri_lanka: Saved Sri Lankan-affiliated work number=75,462 progress=100.0% api_total=75,333
2026-08-05 13:30:07,548 INFO src.pipeline.kaggle_collect_openalex_sri_lanka: Saved Sri Lankan-affiliated work number=75,463 progress=100.0% api_total=75,333
2026-08-05 13:30:07,548 INFO src.pipeline.kaggle_collect_openalex_sri_lanka: Saved Sri Lankan-affiliated work number=75,464 progress=100.0% api_total=75,333
2026-08-05 13:30:07,549 INFO src.pipeline.kaggle_collect_openalex_sri_lanka: Saved Sri Lankan-affiliated work number=75,465 progress=100.0% api_total=75,333
2026-08-05 13:30:07,549 INFO src.pipeline.kaggle_collect_openalex_sri_lanka: Saved Sri Lankan-affiliated work number=75,466 progress=100.0% api_total=75,333
2026-08-05 13:30:07,549 INFO src.pipeline.kaggle_collect_openalex_sri_lanka: Saved Sri Lankan-affiliated work number=75,467 progress=100.0% api_total=75,333
2026-08-05 13:30:07,550 INFO src.pipeline.kaggle_collect_openalex_sri_lanka: Saved Sri Lankan-affiliated work number=75,468 progress=100.0% api_total=75,333
2026-08-05 13:30:07,550 INFO src.pipeline.kaggle_collect_openalex_sri_lanka: Saved Sri Lankan-affiliated work number=75,469 progress=100.0% api_total=75,333
2026-08-05 13:30:07,551 INFO src.pipeline.kaggle_collect_openalex_sri_lanka: Saved Sri Lankan-affiliated work number=75,470 progress=100.0% api_total=75,333
2026-08-05 13:30:07,552 INFO src.pipeline.kaggle_collect_openalex_sri_lanka: Saved Sri Lankan-affiliated work number=75,471 progress=100.0% api_total=75,333
2026-08-05 13:30:07,552 INFO src.pipeline.kaggle_collect_openalex_sri_lanka: Saved Sri Lankan-affiliated work number=75,472 progress=100.0% api_total=75,333
2026-08-05 13:30:07,553 INFO src.pipeline.kaggle_collect_openalex_sri_lanka: Saved Sri Lankan-affiliated work number=75,473 progress=100.0% api_total=75,333
2026-08-05 13:30:07,553 INFO src.pipeline.kaggle_collect_openalex_sri_lanka: Saved Sri Lankan-affiliated work number=75,474 progress=100.0% api_total=75,333
2026-08-05 13:30:07,553 INFO src.pipeline.kaggle_collect_openalex_sri_lanka: Saved Sri Lankan-affiliated work number=75,475 progress=100.0% api_total=75,333
2026-08-05 13:30:07,554 INFO src.pipeline.kaggle_collect_openalex_sri_lanka: Saved Sri Lankan-affiliated work number=75,476 progress=100.0% api_total=75,333
2026-08-05 13:30:07,554 INFO src.pipeline.kaggle_collect_openalex_sri_lanka: Saved Sri Lankan-affiliated work number=75,477 progress=100.0% api_total=75,333
2026-08-05 13:30:07,554 INFO src.pipeline.kaggle_collect_openalex_sri_lanka: Saved Sri Lankan-affiliated work number=75,478 progress=100.0% api_total=75,333
2026-08-05 13:30:07,555 INFO src.pipeline.kaggle_collect_openalex_sri_lanka: Saved Sri Lankan-affiliated work number=75,479 progress=100.0% api_total=75,333
2026-08-05 13:30:07,555 INFO src.pipeline.kaggle_collect_openalex_sri_lanka: Saved Sri Lankan-affiliated work number=75,480 progress=100.0% api_total=75,333
2026-08-05 13:30:07,555 INFO src.pipeline.kaggle_collect_openalex_sri_lanka: Saved Sri Lankan-affiliated work number=75,481 progress=100.0% api_total=75,333
2026-08-05 13:30:07,556 INFO src.pipeline.kaggle_collect_openalex_sri_lanka: Saved Sri Lankan-affiliated work number=75,482 progress=100.0% api_total=75,333
2026-08-05 13:30:07,556 INFO src.pipeline.kaggle_collect_openalex_sri_lanka: Saved Sri Lankan-affiliated work number=75,483 progress=100.0% api_total=75,333
2026-08-05 13:30:07,556 INFO src.pipeline.kaggle_collect_openalex_sri_lanka: Saved Sri Lankan-affiliated work number=75,484 progress=100.0% api_total=75,333
2026-08-05 13:30:07,557 INFO src.pipeline.kaggle_collect_openalex_sri_lanka: Saved Sri Lankan-affiliated work number=75,485 progress=100.0% api_total=75,333
2026-08-05 13:30:07,557 INFO src.pipeline.kaggle_collect_openalex_sri_lanka: Saved Sri Lankan-affiliated work number=75,486 progress=100.0% api_total=75,333
2026-08-05 13:30:07,557 INFO src.pipeline.kaggle_collect_openalex_sri_lanka: Saved Sri Lankan-affiliated work number=75,487 progress=100.0% api_total=75,333
2026-08-05 13:30:07,557 INFO src.pipeline.kaggle_collect_openalex_sri_lanka: Saved Sri Lankan-affiliated work number=75,488 progress=100.0% api_total=75,333
2026-08-05 13:30:07,558 INFO src.pipeline.kaggle_collect_openalex_sri_lanka: Saved Sri Lankan-affiliated work number=75,489 progress=100.0% api_total=75,333
2026-08-05 13:30:07,558 INFO src.pipeline.kaggle_collect_openalex_sri_lanka: Saved Sri Lankan-affiliated work number=75,490 progress=100.0% api_total=75,333
2026-08-05 13:30:07,558 INFO src.pipeline.kaggle_collect_openalex_sri_lanka: Saved Sri Lankan-affiliated work number=75,491 progress=100.0% api_total=75,333
2026-08-05 13:30:07,559 INFO src.pipeline.kaggle_collect_openalex_sri_lanka: Saved Sri Lankan-affiliated work number=75,492 progress=100.0% api_total=75,333
2026-08-05 13:30:07,559 INFO src.pipeline.kaggle_collect_openalex_sri_lanka: Saved Sri Lankan-affiliated work number=75,493 progress=100.0% api_total=75,333
2026-08-05 13:30:07,559 INFO src.pipeline.kaggle_collect_openalex_sri_lanka: Saved Sri Lankan-affiliated work number=75,494 progress=100.0% api_total=75,333
2026-08-05 13:30:07,560 INFO src.pipeline.kaggle_collect_openalex_sri_lanka: Saved Sri Lankan-affiliated work number=75,495 progress=100.0% api_total=75,333
2026-08-05 13:30:07,560 INFO src.pipeline.kaggle_collect_openalex_sri_lanka: Saved Sri Lankan-affiliated work number=75,496 progress=100.0% api_total=75,333
2026-08-05 13:30:07,560 INFO src.pipeline.kaggle_collect_openalex_sri_lanka: Saved Sri Lankan-affiliated work number=75,497 progress=100.0% api_total=75,333
2026-08-05 13:30:07,561 INFO src.pipeline.kaggle_collect_openalex_sri_lanka: Saved Sri Lankan-affiliated work number=75,498 progress=100.0% api_total=75,333
2026-08-05 13:30:07,561 INFO src.pipeline.kaggle_collect_openalex_sri_lanka: Saved Sri Lankan-affiliated work number=75,499 progress=100.0% api_total=75,333
2026-08-05 13:30:07,561 INFO src.pipeline.kaggle_collect_openalex_sri_lanka: Saved Sri Lankan-affiliated work number=75,500 progress=100.0% api_total=75,333
2026-08-05 13:30:07,562 INFO src.pipeline.kaggle_collect_openalex_sri_lanka: Saved Sri Lankan-affiliated work number=75,501 progress=100.0% api_total=75,333
2026-08-05 13:30:07,562 INFO src.pipeline.kaggle_collect_openalex_sri_lanka: Saved Sri Lankan-affiliated work number=75,502 progress=100.0% api_total=75,333
2026-08-05 13:30:07,563 INFO src.pipeline.kaggle_collect_openalex_sri_lanka: Saved Sri Lankan-affiliated work number=75,503 progress=100.0% api_total=75,333
2026-08-05 13:30:07,563 INFO src.pipeline.kaggle_collect_openalex_sri_lanka: Saved Sri Lankan-affiliated work number=75,504 progress=100.0% api_total=75,333
2026-08-05 13:30:07,563 INFO src.pipeline.kaggle_collect_openalex_sri_lanka: Saved Sri Lankan-affiliated work number=75,505 progress=100.0% api_total=75,333
2026-08-05 13:30:07,564 INFO src.pipeline.kaggle_collect_openalex_sri_lanka: Saved Sri Lankan-affiliated work number=75,506 progress=100.0% api_total=75,333
2026-08-05 13:30:07,564 INFO src.pipeline.kaggle_collect_openalex_sri_lanka: Saved Sri Lankan-affiliated work number=75,507 progress=100.0% api_total=75,333
2026-08-05 13:30:07,565 INFO src.pipeline.kaggle_collect_openalex_sri_lanka: Saved Sri Lankan-affiliated work number=75,508 progress=100.0% api_total=75,333
2026-08-05 13:30:07,565 INFO src.pipeline.kaggle_collect_openalex_sri_lanka: Saved Sri Lankan-affiliated work number=75,509 progress=100.0% api_total=75,333
2026-08-05 13:30:07,565 INFO src.pipeline.kaggle_collect_openalex_sri_lanka: Saved Sri Lankan-affiliated work number=75,510 progress=100.0% api_total=75,333
2026-08-05 13:30:07,566 INFO src.pipeline.kaggle_collect_openalex_sri_lanka: Saved Sri Lankan-affiliated work number=75,511 progress=100.0% api_total=75,333
2026-08-05 13:30:07,566 INFO src.pipeline.kaggle_collect_openalex_sri_lanka: Saved Sri Lankan-affiliated work number=75,512 progress=100.0% api_total=75,333
2026-08-05 13:30:07,566 INFO src.pipeline.kaggle_collect_openalex_sri_lanka: Saved Sri Lankan-affiliated work number=75,513 progress=100.0% api_total=75,333
2026-08-05 13:30:07,567 INFO src.pipeline.kaggle_collect_openalex_sri_lanka: Saved Sri Lankan-affiliated work number=75,514 progress=100.0% api_total=75,333
2026-08-05 13:30:07,567 INFO src.pipeline.kaggle_collect_openalex_sri_lanka: Saved Sri Lankan-affiliated work number=75,515 progress=100.0% api_total=75,333
2026-08-05 13:30:07,567 INFO src.pipeline.kaggle_collect_openalex_sri_lanka: Saved Sri Lankan-affiliated work number=75,516 progress=100.0% api_total=75,333
2026-08-05 13:30:07,568 INFO src.pipeline.kaggle_collect_openalex_sri_lanka: Saved Sri Lankan-affiliated work number=75,517 progress=100.0% api_total=75,333
2026-08-05 13:30:07,568 INFO src.pipeline.kaggle_collect_openalex_sri_lanka: Saved Sri Lankan-affiliated work number=75,518 progress=100.0% api_total=75,333
2026-08-05 13:30:07,568 INFO src.pipeline.kaggle_collect_openalex_sri_lanka: Saved Sri Lankan-affiliated work number=75,519 progress=100.0% api_total=75,333
2026-08-05 13:30:07,569 INFO src.pipeline.kaggle_collect_openalex_sri_lanka: Saved Sri Lankan-affiliated work number=75,520 progress=100.0% api_total=75,333
2026-08-05 13:30:07,569 INFO src.pipeline.kaggle_collect_openalex_sri_lanka: Saved Sri Lankan-affiliated work number=75,521 progress=100.0% api_total=75,333
2026-08-05 13:30:07,569 INFO src.pipeline.kaggle_collect_openalex_sri_lanka: Saved Sri Lankan-affiliated work number=75,522 progress=100.0% api_total=75,333
2026-08-05 13:30:07,569 INFO src.pipeline.kaggle_collect_openalex_sri_lanka: Saved Sri Lankan-affiliated work number=75,523 progress=100.0% api_total=75,333
2026-08-05 13:30:07,570 INFO src.pipeline.kaggle_collect_openalex_sri_lanka: Saved Sri Lankan-affiliated work number=75,524 progress=100.0% api_total=75,333
2026-08-05 13:30:07,571 INFO src.pipeline.kaggle_collect_openalex_sri_lanka: Saved Sri Lankan-affiliated work number=75,525 progress=100.0% api_total=75,333
2026-08-05 13:30:07,571 INFO src.pipeline.kaggle_collect_openalex_sri_lanka: Saved Sri Lankan-affiliated work number=75,526 progress=100.0% api_total=75,333
2026-08-05 13:30:07,571 INFO src.pipeline.kaggle_collect_openalex_sri_lanka: Saved Sri Lankan-affiliated work number=75,527 progress=100.0% api_total=75,333
2026-08-05 13:30:07,571 INFO src.pipeline.kaggle_collect_openalex_sri_lanka: Saved Sri Lankan-affiliated work number=75,528 progress=100.0% api_total=75,333
2026-08-05 13:30:07,572 INFO src.pipeline.kaggle_collect_openalex_sri_lanka: Saved Sri Lankan-affiliated work number=75,529 progress=100.0% api_total=75,333
2026-08-05 13:30:07,572 INFO src.pipeline.kaggle_collect_openalex_sri_lanka: Saved Sri Lankan-affiliated work number=75,530 progress=100.0% api_total=75,333
2026-08-05 13:30:07,572 INFO src.pipeline.kaggle_collect_openalex_sri_lanka: Saved Sri Lankan-affiliated work number=75,531 progress=100.0% api_total=75,333
2026-08-05 13:30:07,572 INFO src.pipeline.kaggle_collect_openalex_sri_lanka: Saved Sri Lankan-affiliated work number=75,532 progress=100.0% api_total=75,333
2026-08-05 13:30:07,573 INFO src.pipeline.kaggle_collect_openalex_sri_lanka: Saved Sri Lankan-affiliated work number=75,533 progress=100.0% api_total=75,333
2026-08-05 13:30:07,573 INFO src.pipeline.kaggle_collect_openalex_sri_lanka: Saved Sri Lankan-affiliated work number=75,534 progress=100.0% api_total=75,333
2026-08-05 13:30:07,573 INFO src.pipeline.kaggle_collect_openalex_sri_lanka: Saved Sri Lankan-affiliated work number=75,535 progress=100.0% api_total=75,333
2026-08-05 13:30:07,573 INFO src.pipeline.kaggle_collect_openalex_sri_lanka: Saved Sri Lankan-affiliated work number=75,536 progress=100.0% api_total=75,333
2026-08-05 13:30:07,574 INFO src.pipeline.kaggle_collect_openalex_sri_lanka: Saved Sri Lankan-affiliated work number=75,537 progress=100.0% api_total=75,333
2026-08-05 13:30:07,574 INFO src.pipeline.kaggle_collect_openalex_sri_lanka: Saved Sri Lankan-affiliated work number=75,538 progress=100.0% api_total=75,333
2026-08-05 13:30:07,574 INFO src.pipeline.kaggle_collect_openalex_sri_lanka: Saved Sri Lankan-affiliated work number=75,539 progress=100.0% api_total=75,333
2026-08-05 13:30:07,575 INFO src.pipeline.kaggle_collect_openalex_sri_lanka: Saved Sri Lankan-affiliated work number=75,540 progress=100.0% api_total=75,333
2026-08-05 13:30:07,575 INFO src.pipeline.kaggle_collect_openalex_sri_lanka: Saved Sri Lankan-affiliated work number=75,541 progress=100.0% api_total=75,333
2026-08-05 13:30:07,576 INFO src.pipeline.kaggle_collect_openalex_sri_lanka: Saved Sri Lankan-affiliated work number=75,542 progress=100.0% api_total=75,333
2026-08-05 13:30:07,576 INFO src.pipeline.kaggle_collect_openalex_sri_lanka: Saved Sri Lankan-affiliated work number=75,543 progress=100.0% api_total=75,333
2026-08-05 13:30:07,576 INFO src.pipeline.kaggle_collect_openalex_sri_lanka: Saved Sri Lankan-affiliated work number=75,544 progress=100.0% api_total=75,333
2026-08-05 13:30:07,577 INFO src.pipeline.kaggle_collect_openalex_sri_lanka: Saved Sri Lankan-affiliated work number=75,545 progress=100.0% api_total=75,333
2026-08-05 13:30:07,577 INFO src.pipeline.kaggle_collect_openalex_sri_lanka: Saved Sri Lankan-affiliated work number=75,546 progress=100.0% api_total=75,333
2026-08-05 13:30:07,577 INFO src.pipeline.kaggle_collect_openalex_sri_lanka: Saved Sri Lankan-affiliated work number=75,547 progress=100.0% api_total=75,333
2026-08-05 13:30:07,578 INFO src.pipeline.kaggle_collect_openalex_sri_lanka: Saved Sri Lankan-affiliated work number=75,548 progress=100.0% api_total=75,333
2026-08-05 13:30:07,578 INFO src.pipeline.kaggle_collect_openalex_sri_lanka: Saved Sri Lankan-affiliated work number=75,549 progress=100.0% api_total=75,333
2026-08-05 13:30:07,578 INFO src.pipeline.kaggle_collect_openalex_sri_lanka: Saved Sri Lankan-affiliated work number=75,550 progress=100.0% api_total=75,333
2026-08-05 13:30:07,579 INFO src.pipeline.kaggle_collect_openalex_sri_lanka: Saved Sri Lankan-affiliated work number=75,551 progress=100.0% api_total=75,333
2026-08-05 13:30:07,579 INFO src.pipeline.kaggle_collect_openalex_sri_lanka: Saved Sri Lankan-affiliated work number=75,552 progress=100.0% api_total=75,333
2026-08-05 13:30:07,579 INFO src.pipeline.kaggle_collect_openalex_sri_lanka: Saved Sri Lankan-affiliated work number=75,553 progress=100.0% api_total=75,333
2026-08-05 13:30:07,580 INFO src.pipeline.kaggle_collect_openalex_sri_lanka: Saved Sri Lankan-affiliated work number=75,554 progress=100.0% api_total=75,333
2026-08-05 13:30:07,580 INFO src.pipeline.kaggle_collect_openalex_sri_lanka: Saved Sri Lankan-affiliated work number=75,555 progress=100.0% api_total=75,333
2026-08-05 13:30:07,580 INFO src.pipeline.kaggle_collect_openalex_sri_lanka: Saved Sri Lankan-affiliated work number=75,556 progress=100.0% api_total=75,333
2026-08-05 13:30:07,581 INFO src.pipeline.kaggle_collect_openalex_sri_lanka: Saved Sri Lankan-affiliated work number=75,557 progress=100.0% api_total=75,333
2026-08-05 13:30:07,581 INFO src.pipeline.kaggle_collect_openalex_sri_lanka: Saved Sri Lankan-affiliated work number=75,558 progress=100.0% api_total=75,333
2026-08-05 13:30:07,582 INFO src.pipeline.kaggle_collect_openalex_sri_lanka: Saved Sri Lankan-affiliated work number=75,559 progress=100.0% api_total=75,333
2026-08-05 13:30:07,582 INFO src.pipeline.kaggle_collect_openalex_sri_lanka: Saved Sri Lankan-affiliated work number=75,560 progress=100.0% api_total=75,333
2026-08-05 13:30:07,583 INFO src.pipeline.kaggle_collect_openalex_sri_lanka: Saved Sri Lankan-affiliated work number=75,561 progress=100.0% api_total=75,333
2026-08-05 13:30:07,583 INFO src.pipeline.kaggle_collect_openalex_sri_lanka: Saved Sri Lankan-affiliated work number=75,562 progress=100.0% api_total=75,333
2026-08-05 13:30:07,583 INFO src.pipeline.kaggle_collect_openalex_sri_lanka: Saved Sri Lankan-affiliated work number=75,563 progress=100.0% api_total=75,333
2026-08-05 13:30:07,583 INFO src.pipeline.kaggle_collect_openalex_sri_lanka: Saved Sri Lankan-affiliated work number=75,564 progress=100.0% api_total=75,333
2026-08-05 13:30:07,584 INFO src.pipeline.kaggle_collect_openalex_sri_lanka: Saved Sri Lankan-affiliated work number=75,565 progress=100.0% api_total=75,333
2026-08-05 13:30:07,584 INFO src.pipeline.kaggle_collect_openalex_sri_lanka: Saved Sri Lankan-affiliated work number=75,566 progress=100.0% api_total=75,333
2026-08-05 13:30:07,584 INFO src.pipeline.kaggle_collect_openalex_sri_lanka: Saved Sri Lankan-affiliated work number=75,567 progress=100.0% api_total=75,333
2026-08-05 13:30:07,592 INFO src.pipeline.kaggle_collect_openalex_sri_lanka: Saved 75,567 records to /home/asma/Projects/researchlanka-ai/backend/data/raw/openalex/openalex_sri_lanka_works.jsonl
2026-08-05 13:30:07,592 INFO src.pipeline.kaggle_collect_openalex_sri_lanka: Saved flat CSV to /home/asma/Projects/researchlanka-ai/backend/data/raw/openalex/openalex_sri_lanka_works.csv
2026-08-05 13:30:21,069 INFO src.pipeline.kaggle_collect_openalex_sri_lanka: Saved 32 DOI conflicts to /home/asma/Projects/researchlanka-ai/backend/data/raw/openalex/openalex_sri_lanka_doi_conflicts.csv
2026-08-05 13:30:21,069 INFO src.pipeline.kaggle_collect_openalex_sri_lanka: Saved progress metadata to /home/asma/Projects/researchlanka-ai/backend/data/raw/openalex/openalex_sri_lanka_works_progress.json
2026-08-05 13:30:21,075 INFO src.pipeline.kaggle_collect_openalex_sri_lanka: Saved pagination audit to /home/asma/Projects/researchlanka-ai/backend/data/raw/openalex/openalex_sri_lanka_pagination_audit.json
[32m2026-08-05 13:31:18 +0530[0m - dagster - [34mDEBUG[0m - researchlanka_export_job - 8a622286-1e7d-428e-9c26-be5e9f7211a1 - 215188 - researchlanka_openalex_api_collection - STEP_OUTPUT - Yielded output "result" of type "Dict[String,Any]". (Type check passed).
[32m2026-08-05 13:31:18 +0530[0m - dagster - [34mDEBUG[0m - researchlanka_export_job - 8a622286-1e7d-428e-9c26-be5e9f7211a1 - researchlanka_openalex_api_collection - Writing file at: /home/asma/Projects/researchlanka-ai/backend/dagster-quickstart/.tmp_dagster_home_iorstfuv/storage/researchlanka_openalex_api_collection using PickledObjectFilesystemIOManager...
2026-08-05 13:31:18,832 INFO alembic.runtime.migration: Context impl SQLiteImpl.
2026-08-05 13:31:18,832 INFO alembic.runtime.migration: Will assume non-transactional DDL.
[32m2026-08-05 13:31:18 +0530[0m - dagster - [34mDEBUG[0m - researchlanka_export_job - 8a622286-1e7d-428e-9c26-be5e9f7211a1 - 215188 - researchlanka_openalex_api_collection - ASSET_MATERIALIZATION - Materialized value researchlanka_openalex_api_collection.
[32m2026-08-05 13:31:18 +0530[0m - dagster - [34mDEBUG[0m - researchlanka_export_job - 8a622286-1e7d-428e-9c26-be5e9f7211a1 - 215188 - researchlanka_openalex_api_collection - HANDLED_OUTPUT - Handled output "result" using IO manager "io_manager"
[32m2026-08-05 13:31:18 +0530[0m - dagster - [34mDEBUG[0m - researchlanka_export_job - 8a622286-1e7d-428e-9c26-be5e9f7211a1 - 215188 - researchlanka_openalex_api_collection - STEP_SUCCESS - Finished execution of step "researchlanka_openalex_api_collection" in 6m30s.
